date,ACTUAL_PNL,MARKET_PNL,MODEL_PNL,DELTA_PNL,SMILE_ROLL_PNL,ATM_PNL,SKEW_PNL,CURV_PNL,TAU_PNL,R_PNL,MARKET_NOISE,MODEL_RESIDUAL,TOTAL_RESIDUAL,FEE_PNL
2026-06-02,-41582.638399997144,-38319.99999999714,-32917.36984590182,-1188.3917304533243,-3723.22938329667,-593.6178715815167,-27119.5709903363,-362.2082086950304,69.64833846096008,0.0,-5402.6301540953245,5.820766091346741e-11,-5402.630154095266,-3262.6384
2026-06-03,-120017.63839999418,-116619.99999999418,-112628.32561570122,-6561.15063412083,-12034.081469427227,-3254.213175635945,-90145.96498930799,-778.8801053984087,145.96475818908675,0.0,-3991.6743842929536,8.731149137020111e-11,-3991.6743842928663,-3397.6384
2026-06-04,-130380.7990799972,-123299.9999999972,-117258.8419319616,-7071.501866527433,-9325.995996107427,-3257.7522684600253,-98298.53734979723,-795.7092888662816,1490.6548377967256,0.0,-6041.158068035617,8.003553375601768e-11,-6041.158068035537,-7080.79908
2026-06-05,-107188.90547999721,-99979.9999999972,-97620.54109156167,-9545.691449438113,6844.713942345274,-6660.986081342163,-91135.510091705,-1387.161196325465,4264.093784903758,0.0,-2359.4589084355443,4.001776687800884e-11,-2359.4589084355043,-7208.905479999999
2026-06-08,58495.07476236475,71849.00922948832,60569.768340222305,-18885.52064704884,119334.6398314339,-26761.92811915208,-10672.167646680784,-18080.597342551475,15635.342264221552,0.0,11279.240889266,4.001776687800884e-11,11279.24088926604,-13353.934467123563
2026-06-09,-97739.87909754548,-78030.99077051063,-77502.48001858091,-23878.360066935427,64662.33927454379,-66809.39706628828,-44141.69625401591,-19074.252999015698,11738.88709313051,0.0,-528.5107519297198,9.822542779147625e-11,-528.5107519296216,-19708.888327034845
2026-06-10,26518.482805313484,52387.20701447307,7961.939811330754,-24504.24461851392,115130.25948432405,-68034.62124416124,-9311.539737339634,-19496.40964561861,14178.49557263996,0.0,44425.26720314231,1.418811734765768e-10,44425.26720314245,-25868.72420915958
2026-06-11,23107.461860105803,50461.186069265386,9883.219989725316,-27254.45692234896,130611.67951300112,-69014.55918654059,-21536.355142367982,-19450.59256422262,16527.50429220416,0.0,40577.96607954007,1.8894752429332584e-10,40577.96607954026,-27353.72420915958
2026-06-12,131339.11403816773,160394.77703546447,130224.28348875062,-26266.06919730857,114425.96129444789,-67753.002133004,112731.25006014848,-21345.705323644495,18431.848788111136,0.0,30170.493546713853,1.8894752429332584e-10,30170.493546714042,-29055.662997296742
2026-06-15,849738.8630516423,880406.6694161769,743121.0693901761,-26706.591357325626,114867.87974671199,-55343.373224325616,723180.940255879,-25854.08988034318,12976.303849579588,0.0,137285.6000260006,1.8894752429332584e-10,137285.6000260008,-30667.80636453446
2026-06-16,852142.203856602,886626.6694161776,745866.6329210859,-20037.796332261714,100310.85508391971,-52693.9119102602,731718.0759336853,-25897.257326448816,12466.667472451696,0.0,140760.03649509142,1.8485479813534766e-10,140760.0364950916,-34484.46555957546
2026-06-17,789087.2038566018,824066.6694161774,692667.2165463483,-24466.227773676,86749.39219569755,-51834.88408759676,695750.7671932584,-25879.09222276077,12347.261241425902,0.0,131399.45286982897,1.921307557495311e-10,131399.45286982914,-34979.46555957546
2026-06-18,802712.2038566018,837826.6694161776,704007.6269256725,-25474.33317010502,77367.60840687633,-52494.87690114734,718733.063996481,-26499.838916878252,12376.003510445815,0.0,133819.04249050477,1.6848389350343496e-10,133819.04249050491,-35114.46555957546
2026-06-22,872082.2038566007,907286.6694161764,766593.4275621844,-25073.342130082914,75109.88141147632,-51958.028784668764,784456.1256013034,-26607.031499521356,10665.822963677678,0.0,140693.24185399176,1.830358087318018e-10,140693.24185399193,-35204.46555957546
2026-06-23,833892.992536602,870066.6694161777,738397.3225270674,-12702.010488320106,93465.58971496414,-52433.13171215518,726949.1136151013,-27742.703732626112,10860.46513010341,0.0,131669.34688911,1.4301804185379297e-10,131669.34688911014,-36173.67687957546
2026-06-24,808925.911336602,848926.6694161777,725057.0656526095,-13628.667505146317,84119.98974813902,-53504.51830060671,724484.4169001702,-27732.605093744743,11318.449903798151,0.0,123869.6037635679,1.2846612662542611e-10,123869.60376356803,-40000.75807957546
2026-06-25,769317.7875766025,813226.6694161783,695228.0419643399,-15952.091649246235,75626.4404238868,-54279.50987334699,706807.3895272436,-28342.498798145527,11368.312333948394,0.0,117998.6274518381,1.1391421139705926e-10,117998.62745183821,-43908.881839575464
2026-06-26,787353.5780965997,832366.6694161755,712368.003053799,-3059.461196187309,109222.3159032927,-55107.664060701616,679638.1879412122,-30566.14248048094,12240.766946664153,0.0,119998.66636237605,5.934452929068357e-11,119998.66636237611,-45013.09131957546
2026-06-29,798138.5780966004,845506.6694161762,724475.3867194527,-2111.435814919052,110814.78520972311,-54969.336144340785,688492.487907189,-30443.246491636168,12692.132053436771,0.0,121031.28269672314,5.206857167650014e-11,121031.2826967232,-47368.09131957546
2026-06-30,724348.5780965997,771746.6694161755,654486.4270517504,-15341.801100181343,79102.01878510142,-56486.02318130699,666427.7841638147,-31595.10128836249,12379.549672685112,0.0,117260.24236442476,3.751665644813329e-11,117260.2423644248,-47398.09131957546
2026-07-01,777873.5780966004,827266.6694161762,701319.5589153382,-15570.005799559098,76438.1820825271,-54713.43406546852,713001.6970691854,-31019.136891489048,13182.256520142437,0.0,125947.11050083762,4.4792614062316716e-11,125947.11050083768,-49393.09131957546
2026-07-02,777102.6375765991,831206.669416175,691512.0766354009,-4607.244944538492,37005.042312880796,-48334.21610929973,725725.2520385041,-28920.09198194264,10643.335319796908,0.0,139694.59278077376,1.1368683772161603e-12,139694.59278077376,-54104.03183957546
2026-07-03,803263.6617765978,861486.6694161736,705412.6840832408,-4597.427063288622,35794.14472079976,-49809.79725934133,743291.8050393467,-28539.47704588221,9273.435691606512,0.0,156073.98533293256,2.9558577807620168e-12,156073.98533293256,-58223.00763957546
2026-07-06,776278.8044565979,839466.6694161736,672562.8567986798,-3868.6562763462025,14449.83498279285,-49769.43430813768,732684.2403832353,-27967.535935047963,7034.407952183424,0.0,166903.81261749362,-1.887201506178826e-11,166903.8126174936,-63187.86495957546
2026-07-07,701103.8044565974,767186.6694161731,601044.7412487721,-20371.252921854164,-16090.814480880072,-52672.83698777053,713124.762255561,-29205.505164800292,6260.388548516057,0.0,166141.9281674009,3.9335645851679146e-11,166141.92816740094,-66082.86495957547
2026-07-08,652201.474536598,719386.6694161736,575765.2321310069,-4664.201627839375,-43911.18139507412,-50474.69483781453,694416.6486325728,-25397.07679153893,5795.738150700772,0.0,143621.43728516667,1.0481926437932998e-10,143621.43728516676,-67185.19487957547
2026-07-09,677782.6802165982,748066.6694161738,600690.6504354379,-4617.298998995877,-38691.59923389781,-50443.7184422066,714125.9907639546,-25859.96756626159,6177.243912845065,0.0,147376.01898073585,6.843947630841285e-11,147376.0189807359,-70283.98919957547
2026-07-10,555586.4500165973,630586.6694161729,534142.6030648812,-13991.730896492798,-61252.28931764806,-50077.218841389884,679018.3229936404,-22696.79537752164,3142.3145042929973,0.0,96444.06635129178,3.9335645851679146e-11,96444.06635129181,-75000.21939957548
2026-07-13,617934.1936965979,697846.6694161736,603734.4538401363,151338.7846610827,-86360.87477930656,39804.054893091525,519997.4128612329,-6127.94945100119,-14916.974344963211,0.0,94112.21557603736,6.843947630841285e-11,94112.21557603742,-79912.47571957548
2026-07-14,663549.694576597,748206.6694161725,654259.8785632827,162630.79768070296,-86720.08075109909,40225.3786810322,557909.7126134422,-5568.2468128996115,-14217.682847896109,0.0,93946.79085288994,6.116351869422942e-11,93946.79085289,-84656.97483957547
2026-07-15,711826.2554965966,799646.6694161722,671300.4789434191,167713.48309998598,-97549.67248199815,41396.236989428726,579854.4671289618,-5196.1314077518455,-14917.90438520761,0.0,128346.19047275317,8.29913915367797e-11,128346.19047275325,-87820.41391957547
2026-07-16,610500.728776598,698506.6694161736,597180.0774827653,164496.92310675554,-124929.13391676123,47339.74447524354,530721.2814697516,-4289.283268558127,-16159.454383666098,0.0,101326.59193340832,9.754330676514655e-11,101326.59193340843,-88005.94063957546
2026-07-17,519162.509896598,610406.6694161736,524650.372289668,210626.19608602644,-116002.24669167389,49471.913074834294,387604.5669535695,9268.767589592953,-16318.824722681456,0.0,85756.29712650567,1.5575096767861396e-10,85756.29712650584,-91244.15951957546
2026-07-20,554947.7590965987,647066.6694161743,592702.7959925289,223824.04775195377,-116737.47484870945,28825.20130870173,467985.4585134572,1265.687677559341,-12460.124410433897,0.0,54363.87342364542,2.1395862859208137e-10,54363.87342364565,-92118.91031957546
2026-07-21,807110.7043765972,902586.6694161728,869517.6789129957,250255.86560074688,-75898.10652998308,106645.59618166294,612502.0263274412,-16109.247848835585,-7878.454818036546,0.0,33068.99050317706,-1.887201506178826e-11,33068.99050317706,-95475.96503957546
2026-07-22,909396.8598110452,1008973.749290725,966447.3689408669,235189.795663231,-98959.24006586935,109167.03628457364,745511.2213290231,-16492.623119836127,-7968.821150255364,0.0,42526.380349858104,-1.887201506178826e-11,42526.380349858104,-99576.88947967965
2026-07-23,903452.056116775,1004588.9455964548,963472.0687295264,239701.70058832012,-88162.99774469619,106540.81183358736,730564.018582194,-16237.717220953753,-8933.74730892514,0.0,41116.876866928396,-4.3428372009657323e-11,41116.876866928375,-101136.88947967965
2026-07-24,892221.1326443169,998068.945596453,957998.0702031782,243472.25181965597,-150328.94204037433,120577.02258243113,772949.6244678223,-16958.926654565894,-11712.959971790804,0.0,40070.8753932748,-1.2528289516922086e-10,40070.8753932747,-105847.812952136
2026-07-27,987601.1858843183,1095868.9455964544,1035895.867083209,226949.8063173316,-62639.45832425369,135479.44057140412,755610.4012151447,-13708.584269797193,-5795.738426620401,0.0,59973.07851324542,-9.617906471248716e-11,59973.078513245346,-108267.759712136
2026-07-28,1060916.2337164087,1173841.823232568,1137553.9859404427,221857.11895236498,-135332.98027591858,151324.59613686407,921243.450796367,-14012.419948122915,-7525.7797211117995,0.0,36287.83729212547,-1.6893864085432142e-10,36287.837292125325,-112925.58951615919
2026-07-29,1056474.3897161998,1177001.823232568,1138924.6155202584,207519.9382718487,-98553.23402926004,149315.3215114894,903628.688785621,-14350.391211988011,-8635.707807452429,0.0,38077.20771230969,-2.1259438653942198e-10,38077.2077123095,-120527.43351636801
