TRADE_DT,EXPIRY,EXPIRY_CODE,MODEL,10CALL,25CALL,75PUT,90PUT,ATM,SKEW_25D,BF_25D,SKEW_10D
2026-06-01,2026-06-22,2606,QUADRATIC,0.26526792927854137,0.2558220120665999,0.25803756060323335,0.26991499635926924,0.25333485512041254,-0.0022155485366334715,0.003594931214504049,-0.0046470670807278736
2026-06-01,2026-07-17,2607,QUADRATIC,0.28875240741576186,0.28142918324659927,0.28351437851018524,0.29297749829103054,0.2796053690616931,-0.0020851952635859705,0.002866411816699166,-0.004225090875268678
2026-06-01,2026-08-21,2608,QUADRATIC,0.2967400384570825,0.2744896913245507,0.28691866200016397,0.3274741550864953,0.27230504108694825,-0.012428970675613271,0.008399135575409111,-0.030734116629412778
2026-06-01,2026-09-18,2609,QUADRATIC,0.30362800774250304,0.28240999972819936,0.27801788888112383,0.29265001797791057,0.27431734108048156,0.0043921108470755255,0.005896603224180064,0.010977989764592466
2026-06-01,2026-12-18,2612,QUADRATIC,0.2936141241742984,0.27901042931874726,0.27744696368120886,0.28954978493473355,0.2737940397243079,0.001563465637538397,0.004434656775670176,0.00406433923956484
2026-06-01,2027-03-19,2703,QUADRATIC,0.27913343764406406,0.2689178542853472,0.28272162583343274,0.3100008773983321,0.27131442766109504,-0.013803771548085542,0.004505312398294936,-0.030867439754268033
2026-06-02,2026-06-22,2606,QUADRATIC,0.26053773820972204,0.25133997589174073,0.2534373491235412,0.2649335438065835,0.24889142825294208,-0.002097373231800481,0.003497234254698889,-0.0043958055968614795
2026-06-02,2026-07-17,2607,QUADRATIC,0.2824718271285356,0.2748512060648383,0.2803769756953179,0.2940847960125016,0.2741502681953043,-0.005525769630479571,0.0034638226847737985,-0.011612968883966013
2026-06-02,2026-08-21,2608,QUADRATIC,0.28567820488307627,0.2695168294069644,0.2924816376913646,0.34537632691930886,0.27244545828915084,-0.022964808284400173,0.008553775260013663,-0.05969812203623259
2026-06-02,2026-09-18,2609,QUADRATIC,0.3037849091525896,0.2834984644141484,0.27956178089884054,0.2939800744994471,0.2758032715727123,0.003936683515307848,0.005726851083782181,0.009804834653142525
2026-06-02,2026-12-18,2612,QUADRATIC,0.288661000281317,0.2786728993921054,0.2786920462942671,0.2883765632121336,0.27539146093287264,-1.9146902161704116e-05,0.0032910119103136126,0.0002844370691834075
2026-06-02,2027-03-19,2703,QUADRATIC,0.27546758652972037,0.26566864573051535,0.28237653893847636,0.3135763916762991,0.2693136756676424,-0.01670789320796101,0.004708916666853469,-0.03810880514657872
2026-06-03,2026-06-22,2606,QUADRATIC,0.24702493178660778,0.24182083708989574,0.24892457654790182,0.2620279963729843,0.24235310440415928,-0.007103739458006075,0.003019602414739503,-0.015003064586376513
2026-06-03,2026-07-17,2607,QUADRATIC,0.26499881147477317,0.2614698623683897,0.2750023158326715,0.29387785732230254,0.26488350716802056,-0.01353245346428178,0.0033525819325100348,-0.028879045847529372
2026-06-03,2026-08-21,2608,QUADRATIC,0.26380547657819464,0.24983486543379446,0.3026775161630877,0.46992576003998765,0.26224271561481327,-0.05284265072929323,0.014013475183627833,-0.206120283461793
2026-06-03,2026-09-18,2609,QUADRATIC,0.2917556767884362,0.27438726976010197,0.27820406448028223,0.2997657727674256,0.270409570693766,-0.003816794720180261,0.005886096426426124,-0.008010095978989384
2026-06-03,2026-12-18,2612,QUADRATIC,0.2866873447082874,0.2739529606840797,0.275916527612825,0.2904083998903078,0.2706753642351985,-0.001963566928745275,0.0042593799132538135,-0.0037210551820204274
2026-06-03,2027-03-19,2703,QUADRATIC,0.2586355732993967,0.25872414729118437,0.2898209517629092,0.3294940577566391,0.2710259537883895,-0.031096804471724804,0.0032465957386572653,-0.07085848445724241
2026-06-04,2026-06-22,2606,QUADRATIC,0.2499672333395139,0.24532138469584658,0.2532120395774035,0.26658339542648396,0.2463023212642912,-0.007890654881556936,0.0029643908723338552,-0.01661616208697006
2026-06-04,2026-07-17,2607,QUADRATIC,0.2659487634009541,0.26251361705622084,0.2769905319788708,0.2969772227034604,0.26627251549889863,-0.014476914922649964,0.0034795590186471603,-0.031028459302506306
2026-06-04,2026-08-21,2608,QUADRATIC,0.26819970295145046,0.24929184174640218,0.300114475236092,0.4866831199086186,0.2597886394420418,-0.05082263348968985,0.014914519049205321,-0.21848341695716816
2026-06-04,2026-09-18,2609,QUADRATIC,0.2942738701948861,0.2741179784014352,0.2770585595433549,0.300148407770958,0.2691116922344396,-0.002940581141919696,0.006476576737955486,-0.005874537576071925
2026-06-04,2026-12-18,2612,QUADRATIC,0.2828628356600518,0.27371363936186954,0.2762850556224348,0.2880058763432158,0.2717097161724388,-0.0025714162605652846,0.003289631319713382,-0.0051430406831639575
2026-06-04,2027-03-19,2703,QUADRATIC,0.26266896555867,0.25510117365470436,0.2884813595063299,0.3476964424521698,0.26559016551999587,-0.033380185851625555,0.006201101060521241,-0.08502747689349982
2026-06-05,2026-06-22,2606,QUADRATIC,0.25716292256351836,0.25052805192982014,0.2557706871856604,0.2682302275798269,0.24995524684888604,-0.005242635255840233,0.003194122708854219,-0.011067305016308537
2026-06-05,2026-07-17,2607,QUADRATIC,0.2727866928334494,0.2699210925134153,0.2837258589245348,0.30195518029148255,0.27367318366451976,-0.013804766411119496,0.0031502920544552726,-0.029168487458033132
2026-06-05,2026-08-21,2608,QUADRATIC,0.2780526354314268,0.2577766504696367,0.30743516282926225,0.48030304610366803,0.2677108657634935,-0.04965851235962554,0.014895040885956001,-0.20225041067224125
2026-06-05,2026-09-18,2609,QUADRATIC,0.3029698927358211,0.28189569087965366,0.2802713152734441,0.29817665633686274,0.2749074441401177,0.0016243756062095382,0.006176058936431195,0.004793236398958345
2026-06-05,2026-12-18,2612,QUADRATIC,0.29321975601639555,0.28232137421049125,0.2783433194099711,0.2846423696175265,0.2771290992103956,0.003978054800520159,0.0032032475998355903,0.008577386398869069
2026-06-05,2027-03-19,2703,QUADRATIC,0.2695455357600826,0.25978282085707466,0.29208281386679563,0.35249501080159606,0.26929368405439746,-0.03229999300972097,0.006639133307537681,-0.08294947504151345
2026-06-08,2026-06-22,2606,QUADRATIC,0.3047691894006541,0.2913427060935127,0.2905194310316035,0.3028314833159748,0.28654556938537556,0.0008232750619092122,0.004385499177182561,0.0019377060846793026
2026-06-08,2026-07-17,2607,QUADRATIC,0.2946648259315768,0.284986125491093,0.30528395751768683,0.34242771436493635,0.2885888249046604,-0.020297832026593854,0.006546216599729482,-0.047762888433359574
2026-06-08,2026-08-21,2608,QUADRATIC,0.28865666697334463,0.2748867368125366,0.30955468161507393,0.3852359161440357,0.2822209388878726,-0.03466794480253732,0.009999770325932689,-0.09657924917069105
2026-06-08,2026-09-18,2609,QUADRATIC,0.2976184806690644,0.2832452613291391,0.28415682496530087,0.29911722816326747,0.27894895347751353,-0.000911563636161794,0.004752089669706472,-0.0014987474942030898
2026-06-08,2026-12-18,2612,QUADRATIC,0.2908371289713315,0.2804335758095866,0.2744074181435705,0.278244693473045,0.2745391592607995,0.006026157666016108,0.002881337715779031,0.012592435498286536
2026-06-08,2027-03-19,2703,QUADRATIC,0.28644391878288666,0.2629440191838017,0.290195159884526,0.36167495526961907,0.2672089948277916,-0.027251140700724263,0.009360594706372294,-0.0752310364867324
2026-06-09,2026-06-22,2606,QUADRATIC,0.2813971454202403,0.27299204866141846,0.2768821863334057,0.28959915657041174,0.2713669333465301,-0.0038901376719872593,0.0035701841508820054,-0.00820201115017144
2026-06-09,2026-07-17,2607,QUADRATIC,0.26674858023699016,0.2598597498209539,0.28299504260834674,0.321893431695043,0.26516865164714865,-0.023135292787392847,0.0062587445675016395,-0.05514485145805281
2026-06-09,2026-08-21,2608,QUADRATIC,0.25620756154591,0.24881096544076975,0.3029990485007293,0.4410718165231933,0.2634790143822669,-0.054188083059959535,0.012425992588482593,-0.18486425497728332
2026-06-09,2026-09-18,2609,QUADRATIC,0.28864730666367083,0.2776874543498001,0.2810376509513059,0.2955760006483635,0.2752939035824892,-0.003350196601505817,0.004068649068063812,-0.0069286939846926465
2026-06-09,2026-12-18,2612,QUADRATIC,0.28263543902129734,0.27614430640342524,0.2711984507658286,0.27271405618822553,0.27189495649726053,0.004945855637596641,0.0017764220873663916,0.009921382833071812
2026-06-09,2027-03-19,2703,QUADRATIC,0.25972840842789535,0.249809547353217,0.29736726875840713,0.40288252563776505,0.26443189491943,-0.04755772140519013,0.009156513136382105,-0.1431541172098697
2026-06-10,2026-06-22,2606,QUADRATIC,0.29206360086774097,0.28266278222797053,0.285951195014848,0.29899673251088565,0.2805069838665098,-0.0032884127868774704,0.0038000047548994442,-0.0069331316431446854
2026-06-10,2026-07-17,2607,QUADRATIC,0.27001285621043714,0.266005579121765,0.2914304381399535,0.32896808045739867,0.2730459884098997,-0.025424859018188528,0.005672020220959584,-0.058955224246961535
2026-06-10,2026-08-21,2608,QUADRATIC,0.2643897357417222,0.2571103308313713,0.30570875797149655,0.41262366120312827,0.2703816315688201,-0.048598427140125244,0.01102791283261384,-0.14823392546140607
2026-06-10,2026-09-18,2609,QUADRATIC,0.29232095103735767,0.2816493217079595,0.28510370441337785,0.2994607505525203,0.27937819275923853,-0.0034543827054183684,0.003998320301430158,-0.007139799515162637
2026-06-10,2026-12-18,2612,QUADRATIC,0.28413652889261193,0.2782573587381463,0.2752553884851821,0.2780642899510702,0.27500296289726417,0.00300197025296417,0.0017534107143999944,0.006072238941541741
2026-06-10,2027-03-19,2703,QUADRATIC,0.2682888189776894,0.2539468950027693,0.30158032827190223,0.4186395919179553,0.26748152161293626,-0.04763343326913294,0.010282090024399504,-0.1503507729402659
2026-06-11,2026-06-22,2606,QUADRATIC,0.28517209867319115,0.2756164210799934,0.2776632500689386,0.2894506679442057,0.2729947708346563,-0.002046828988945204,0.0036450647398097447,-0.004278569271014554
2026-06-11,2026-07-17,2607,QUADRATIC,0.2742713323586059,0.26765488898905687,0.2910525017049824,0.32951267165796005,0.2731499078654928,-0.023397612715925553,0.006203787481526835,-0.05524133929935415
2026-06-11,2026-08-21,2608,QUADRATIC,0.26992850442875976,0.2628499995030429,0.3143778146497828,0.42929031016218017,0.27710468487063566,-0.05152781514673993,0.011509222205777214,-0.1593618057334204
2026-06-11,2026-09-18,2609,QUADRATIC,0.2972638571820447,0.2847046319224536,0.2860945030806706,0.29988866737587405,0.28109615193118564,-0.001389871158216982,0.004303415570376445,-0.0026248101938293744
2026-06-11,2026-12-18,2612,QUADRATIC,0.28635229085499037,0.28096871617357716,0.2775490220045799,0.2795134757110771,0.2777004096369202,0.0034196941689972338,0.0015584594521583228,0.006838815143913268
2026-06-11,2027-03-19,2703,QUADRATIC,0.2766290633772908,0.25534733300522366,0.30396909917706083,0.4451553526223352,0.2675933767054158,-0.048621766171837166,0.0120648393857265,-0.16852628924504437
2026-06-12,2026-06-22,2606,QUADRATIC,0.263854610708956,0.25738897626091894,0.26157240179218966,0.272593229917589,0.25649092048479194,-0.0041834255312707125,0.002989768541762361,-0.008738619208633003
2026-06-12,2026-07-17,2607,QUADRATIC,0.2691523271376705,0.26167244803827305,0.2768706077772405,0.3035282213576255,0.26422508723796173,-0.015198159738967432,0.005046440669795038,-0.03437589421995502
2026-06-12,2026-08-21,2608,QUADRATIC,0.27253093509257315,0.2625032775971856,0.2889684800811961,0.33935882096999254,0.26821068582185437,-0.026465202484010464,0.007525193017336451,-0.06682788587741939
2026-06-12,2026-09-18,2609,QUADRATIC,0.29496853393318084,0.283653103792687,0.2843920474889585,0.29624128081787604,0.28016017593980413,-0.0007389436962715323,0.0038623997010186484,-0.0012727468846951973
2026-06-12,2026-12-18,2612,QUADRATIC,0.28435956411333474,0.2796698270104635,0.2768892827933662,0.2788197287359305,0.27689389121185476,0.0027805442170972805,0.0013856636900601016,0.005539835377404212
2026-06-12,2027-03-19,2703,QUADRATIC,0.2700003121875353,0.26093540667497545,0.29148871169543444,0.3467815811426279,0.2699760097455096,-0.030553305020459,0.006236049439695357,-0.07678126895509263
2026-06-15,2026-06-22,2606,QUADRATIC,0.2965229757348499,0.29426098971477527,0.30667073204449374,0.32218427527198146,0.2975188575770898,-0.012409742329718476,0.002947003302544715,-0.025661299537131532
2026-06-15,2026-07-17,2607,QUADRATIC,0.27153620423770464,0.26689064801840207,0.280683376726096,0.3013428492842204,0.2699307990273561,-0.013792728707693935,0.0038562133448928892,-0.029806645046515756
2026-06-15,2026-08-21,2608,QUADRATIC,0.31613913227286106,0.32266765504519895,0.25574050639627194,0.21759661679405015,0.2955163597258481,0.06692714864892702,-0.006312279005112664,0.0985425154788109
2026-06-15,2026-09-18,2609,QUADRATIC,0.29379154747116376,0.2806254424340262,0.2844663190551808,0.30184539402545374,0.2777594875372326,-0.003840876621154621,0.004786393207370898,-0.008053846554289978
2026-06-15,2026-12-18,2612,QUADRATIC,0.281767845511011,0.2760331128117017,0.27802698618958455,0.28572108622105746,0.2748514192571643,-0.001993873377882871,0.002178630243478863,-0.003953240710046491
2026-06-15,2027-03-19,2703,QUADRATIC,0.3067073439597171,0.41105972963448845,0.15863203369145235,0.09903511808071162,0.3250015310591329,0.2524276959430361,-0.04015564939616245,0.20767222587900547
2026-06-16,2026-06-22,2606,QUADRATIC,0.2805558992048203,0.28471308733760536,0.30795035432085155,0.32792498378606033,0.2938561709871773,-0.023237266983246185,0.002475549842051117,-0.047369084581240006
2026-06-16,2026-07-17,2607,QUADRATIC,0.2796348593601873,0.2728029951542394,0.28651491770721477,0.3098882414582815,0.2750737896475041,-0.013711922552975375,0.00458516678322296,-0.030253382098094195
2026-06-16,2026-08-21,2608,QUADRATIC,0.34675183535056603,0.32250576590311936,0.26571520705916774,0.2426612142891008,0.29101342921701884,0.05679055884395162,0.0030970572641247363,0.10409062106146522
2026-06-16,2026-09-18,2609,QUADRATIC,0.3050980869968091,0.28832192038176746,0.2902509163038645,0.30876634122998153,0.2837350001595823,-0.0019289959220970543,0.005551418183233681,-0.0036682542331724077
2026-06-16,2026-12-18,2612,QUADRATIC,0.29081770072476565,0.282573582891014,0.27957735275934464,0.28453766864546687,0.2785748976956531,0.0029962301316693307,0.0025005701295262583,0.006280032079298781
2026-06-16,2027-03-19,2703,QUADRATIC,0.301446644757589,0.40787267711267683,0.18218891497099327,0.1131573845248259,0.3623035420478031,0.22568376214168356,-0.06727274600596805,0.18828926023276307
2026-06-17,2026-06-22,2606,QUADRATIC,0.2682738181833909,0.2754469985421001,0.3039718590330612,0.3259345131579921,0.2874436537503436,-0.02852486049096109,0.002265775037237072,-0.05766069497460119
2026-06-17,2026-07-17,2607,QUADRATIC,0.29068357866907213,0.279738568191326,0.2885571525170323,0.31023409175881894,0.27905910035630865,-0.008818584325706313,0.005088759997870507,-0.019550513089746813
2026-06-17,2026-08-21,2608,QUADRATIC,0.35460596361119273,0.33668759223100936,0.27396543059405043,0.24579124446536293,0.30386322384843406,0.06272216163695893,0.0014632875640958054,0.1088147191458298
2026-06-17,2026-09-18,2609,QUADRATIC,0.30036786561172424,0.2881413806569979,0.29733192921506824,0.3206116211904636,0.2875147149137692,-0.009190548558070333,0.005221940022263893,-0.020243755578739364
2026-06-17,2026-12-18,2612,QUADRATIC,0.2884879777962521,0.2775023241485623,0.2791377958541233,0.2915861020237598,0.27456720244403426,-0.001635471705560998,0.003752857557308531,-0.0030981242275076593
2026-06-17,2027-03-19,2703,QUADRATIC,0.29782363177690563,0.4056345289291455,0.14269359757326613,0.08795489819277738,0.3133038568649699,0.26294093135587937,-0.03913979361376413,0.20986873358412825
2026-06-18,2026-06-22,2606,QUADRATIC,0.25367228608473996,0.26245190933265394,0.29265944810845906,0.3140664177479644,0.27562239957262463,-0.03020753877580512,0.001933279147931899,-0.06039413166322444
2026-06-18,2026-07-17,2607,QUADRATIC,0.2668784240796754,0.26126926322317284,0.27578435048760447,0.2988742747595006,0.264178011476029,-0.014515087264431625,0.004348795379359671,-0.031995850679825244
2026-06-18,2026-08-21,2608,QUADRATIC,0.3936838681512728,0.3287717011098669,0.2666899450154935,0.25256620606518887,0.28771813616136566,0.06208175609437344,0.010012686901314516,0.14111766208608395
2026-06-18,2026-09-18,2609,QUADRATIC,0.30515629176471326,0.28729773047752427,0.29132358108187023,0.3136395631015159,0.2832071449096257,-0.00402585060434596,0.0061035108700716045,-0.008483271336802656
2026-06-18,2026-12-18,2612,QUADRATIC,0.29447247585762715,0.2797516605953002,0.27834812612274146,0.2907637031934515,0.2745533513589967,0.001403534472558754,0.00449654200002414,0.0037087726641756302
2026-06-18,2027-03-19,2703,QUADRATIC,0.29493160713448874,0.4056930146016222,0.15379249143486154,0.0940641060082991,0.3385070199225197,0.2519005231667607,-0.05876426690427783,0.20086750112618962
2026-06-22,2026-07-17,2607,QUADRATIC,0.28183317616525344,0.27415079371143314,0.2811794451345689,0.2968214067564846,0.2738715699388786,-0.0070286514231357455,0.0037935494841223605,-0.014988230591231166
2026-06-22,2026-08-21,2608,QUADRATIC,0.4232214303909102,0.320493938420776,0.26648495525161137,0.2650135815405426,0.2799688164354774,0.05400898316916464,0.013520630400716327,0.1582078488503676
2026-06-22,2026-09-18,2609,QUADRATIC,0.3259798033782498,0.2971204419399744,0.2874150554019617,0.30183711493388893,0.2851306803282764,0.009705386538012672,0.007137068342691677,0.02414268844436085
2026-06-22,2026-12-18,2612,QUADRATIC,0.30852491322424747,0.2853945389145437,0.2752030155840441,0.28456522801462886,0.2744932560155318,0.010191523330499608,0.005805521233762045,0.02395968520961861
2026-06-22,2027-03-19,2703,QUADRATIC,0.28992653189021256,0.39525259431617793,0.1749956402467741,0.10833588040812558,0.3549744524074339,0.22025695406940382,-0.0698503351259579,0.18159065148208697
2026-06-23,2026-07-17,2607,QUADRATIC,0.27687369575959214,0.27639420987908736,0.2912450042418395,0.3075240986769077,0.28126630689816096,-0.014850794362752162,0.0025533001623024854,-0.030650402917315578
2026-06-23,2026-08-21,2608,QUADRATIC,0.2841751061160321,0.27784353504575005,0.2910433250440609,0.312872062845616,0.28030368564337643,-0.01319978999831084,0.004139744401529033,-0.02869695672958389
2026-06-23,2026-09-18,2609,QUADRATIC,0.30700343057319507,0.2920638013853673,0.29464220539106356,0.31220151989507183,0.28819855223024854,-0.0025784040056962554,0.005154451157966922,-0.005198089321876764
2026-06-23,2026-12-18,2612,QUADRATIC,0.29652303952272324,0.28433990370614637,0.28269216193831453,0.2925953315441687,0.2797279556067968,0.001647741767831834,0.0037880772154336717,0.003927707978554518
2026-06-23,2027-03-19,2703,QUADRATIC,0.3019683955934319,0.40862022009001003,0.15033988553593808,0.093222467385355,0.32001925299121636,0.25828033455407196,-0.04053920017824231,0.20874592820807691
2026-06-23,2027-06-18,2706,QUADRATIC,0.4923109933746579,0.4223926415424635,0.9231511884193437,1.8999333463752779,0.6603845281405681,-0.5007585468768803,0.012387386840335468,-1.40762235300062
2026-06-24,2026-07-17,2607,QUADRATIC,0.2629344440607686,0.26466324725237383,0.28264861782918327,0.29985590715719934,0.27137938009774387,-0.017985370576809434,0.0022765524430347073,-0.03692146309643074
2026-06-24,2026-08-21,2608,QUADRATIC,0.27619603691860506,0.2707792329604955,0.2840144206975615,0.3048210813574289,0.2735375451106603,-0.013235187737066001,0.0038592817183681905,-0.028625044438823855
2026-06-24,2026-09-18,2609,QUADRATIC,0.3053376911038627,0.28835784369906087,0.2904959003845409,0.3095036244098788,0.28377673150546706,-0.0021380566854800054,0.005650140536333781,-0.004165933306016056
2026-06-24,2026-12-18,2612,QUADRATIC,0.30738290708651383,0.28529283815960255,0.27899013394499905,0.2918901535357372,0.2762468251904003,0.006302704214603494,0.005894660861900547,0.015492753550776617
2026-06-24,2027-03-19,2703,QUADRATIC,0.2939531208781918,0.3990313127425448,0.16666275172956402,0.10343597085437412,0.3417891745892723,0.23236856101298076,-0.05894214235321793,0.1905171500238177
2026-06-24,2027-06-18,2706,QUADRATIC,0.4855983109666254,0.41581480307705404,0.8642250696401138,1.7962418711599875,0.624413870357677,-0.44841026656305977,0.01560606600090686,-1.3106435601933621
2026-06-25,2026-07-17,2607,QUADRATIC,0.25607454769423554,0.2565876100365611,0.27513870491433745,0.29502491643100204,0.2629630606183984,-0.018551094877776342,0.0029000968570508934,-0.038950368736766494
2026-06-25,2026-08-21,2608,QUADRATIC,0.268529411538945,0.2639367035163727,0.27995366928960586,0.30361026885137565,0.2678963681466499,-0.01601696577323314,0.004048818256339348,-0.03508085731243066
2026-06-25,2026-09-18,2609,QUADRATIC,0.29662177294388964,0.27931302501818395,0.284553727452237,0.30806825485691497,0.2758036499404868,-0.005240702434053057,0.006129726294723692,-0.01144648191302533
2026-06-25,2026-12-18,2612,QUADRATIC,0.2937959984751189,0.27643243708782544,0.276939475490214,0.29398809860874486,0.2713152720280767,-0.0005070384023885821,0.005370684260943004,-0.000192100133625972
2026-06-25,2027-03-19,2703,QUADRATIC,0.28995720749253173,0.3942177985464299,0.17456418639881133,0.10841151633858064,0.35148590843214966,0.21965361214761858,-0.06709491595952904,0.18154569115395108
2026-06-25,2027-06-18,2706,QUADRATIC,0.4060794991308516,0.41177000380545525,0.8266311177580024,1.705735583740104,0.6075471511742437,-0.4148611139525471,0.011653409607485066,-1.2996560846092524
2026-06-26,2026-07-17,2607,QUADRATIC,0.26042144032679365,0.25892288795666357,0.27777695685170933,0.30111956641545157,0.2646133881883778,-0.01885406889504576,0.003736534215808607,-0.040698126088657915
2026-06-26,2026-08-21,2608,QUADRATIC,0.26901044420215653,0.26669302290654234,0.28225573241922414,0.30206429052767975,0.2713143066763611,-0.015562709512681794,0.0031600709865221566,-0.03305384632552322
2026-06-26,2026-09-18,2609,QUADRATIC,0.2865356270913944,0.2771585964884558,0.2881296571275231,0.3106828836512182,0.2779790875491446,-0.010971060639067276,0.004665039258844872,-0.024147256559823804
2026-06-26,2026-12-18,2612,QUADRATIC,0.27914980157071434,0.2731404225132113,0.28097371544800925,0.2955282903067722,0.27414744800613433,-0.007833292934797953,0.002909620974475946,-0.01637848873605785
2026-06-26,2027-03-19,2703,QUADRATIC,0.30260463611403854,0.4059012176268396,0.1444762427645775,0.09023921027047736,0.3042967206339846,0.2614249748622621,-0.029107990438276055,0.21236542584356116
2026-06-26,2027-06-18,2706,QUADRATIC,0.3864031652197097,0.4123649592620032,0.795255402990803,1.6043316455785674,0.5981452662282208,-0.3828904437287998,0.005664914898182216,-1.2179284803588577
2026-06-29,2026-07-17,2607,QUADRATIC,0.2627195862025814,0.260879329001565,0.27819847625423005,0.29986829244467395,0.26593091302460153,-0.017319147252665035,0.0036079896032960024,-0.037148706242092544
2026-06-29,2026-08-21,2608,QUADRATIC,0.26609474643123554,0.26495508025397985,0.2856569299102443,0.3108769681260509,0.2716956729769497,-0.020701849656264426,0.0036103321051623727,-0.04478222169481538
2026-06-29,2026-09-18,2609,QUADRATIC,0.28973024647124945,0.2792516326617809,0.28840919791321273,0.30979562900835156,0.27907528921372243,-0.009157565251431854,0.004755126073774374,-0.020065382537102106
2026-06-29,2026-12-18,2612,QUADRATIC,0.28058878156227735,0.27553239619244213,0.2802096311146434,0.29009841857770485,0.275620105249931,-0.00467723492220129,0.002250908403611751,-0.009509637015427508
2026-06-29,2027-03-19,2703,QUADRATIC,0.30155243887027583,0.4011530920456686,0.14566511265541449,0.09167439761430601,0.2991609722222558,0.25548797939025414,-0.02575186987171424,0.20987804125596982
2026-06-29,2027-06-18,2706,QUADRATIC,0.37260913279163554,0.4043655656695418,0.756178719550685,1.5122660021263639,0.5743819013319418,-0.35181315388114326,0.005890241278171615,-1.1396568693347282
2026-06-30,2026-07-17,2607,QUADRATIC,0.26271664897366953,0.2567288861895546,0.2678512927513803,0.2869003917058619,0.2583079957171729,-0.011122406561825726,0.003982093753294558,-0.02418374273219237
2026-06-30,2026-08-21,2608,QUADRATIC,0.2636436617998542,0.25920284217789485,0.2766281911126452,0.3022318297638984,0.2636340352325352,-0.01742534893475034,0.004281481412734822,-0.038588167964044184
2026-06-30,2026-09-18,2609,QUADRATIC,0.28525636041838087,0.2747402611632372,0.28757541944683895,0.31422870377547396,0.27584609302890434,-0.012835158283601766,0.00531174727613376,-0.02897234335709309
2026-06-30,2026-12-18,2612,QUADRATIC,0.2823654907510717,0.27276524217672465,0.2784040300982449,0.2942211872028153,0.2717924410213693,-0.0056387879215202275,0.003792195116115449,-0.011855696451743614
2026-06-30,2027-03-19,2703,QUADRATIC,0.29997758162974053,0.30273811224133,0.25749561753645106,0.2277269033119488,0.2825382468517426,0.045242494704878955,-0.002421381962852076,0.07225067831779172
2026-06-30,2027-06-18,2706,QUADRATIC,0.33111165591586367,0.3065148973160827,0.44795639126357817,1.0178262824115474,0.3541251284917075,-0.14144149394749544,0.023110515798122955,-0.6867146264956837
2026-07-01,2026-07-17,2607,QUADRATIC,0.25628713140621706,0.25025430885940314,0.2619088852583149,0.2818440644132153,0.251974733721988,-0.011654576398911765,0.004106863336871047,-0.02555693300699824
2026-07-01,2026-08-21,2608,QUADRATIC,0.2686829356483358,0.2574362659188011,0.2660291377606717,0.2879579862081888,0.25669055587436207,-0.00859287184187063,0.005042145965374334,-0.019275050559853013
2026-07-01,2026-09-18,2609,QUADRATIC,0.29364742971012137,0.2737874872696721,0.27762716548003463,0.3018517318441431,0.269107809113572,-0.0038396782103625182,0.006599517261281385,-0.008204302134021735
2026-07-01,2026-12-18,2612,QUADRATIC,0.28996738073593864,0.27210491658121627,0.2735443735297231,0.29224055906520496,0.26723119849642335,-0.0014394569485068343,0.005593446559046311,-0.0022731783292663232
2026-07-01,2027-03-19,2703,QUADRATIC,0.293061710361286,0.29371754101241976,0.2610968485826891,0.2382331038747192,0.27911297102295085,0.03262069242973065,-0.001705776225396416,0.05482860648656679
2026-07-01,2027-06-18,2706,QUADRATIC,0.2780805324264384,0.3025581100675005,0.3451439498586783,0.35155599418410144,0.3325148436287256,-0.042585839791177804,-0.008663813665636177,-0.07347546175766306
2026-07-02,2026-07-17,2607,QUADRATIC,0.27083213297689107,0.2602831480772352,0.26927803209723944,0.2911002726884196,0.259686907645301,-0.008994884020004257,0.005093682441936309,-0.02026813971152852
2026-07-02,2026-08-21,2608,QUADRATIC,0.27221046043525604,0.26440791915454637,0.2751227172285046,0.2956940943146106,0.26545752915120474,-0.010714798073958254,0.004307789040320753,-0.023483633879354537
2026-07-02,2026-09-18,2609,QUADRATIC,0.2935667978055275,0.27783122803997423,0.28494841653027164,0.30947216098381275,0.2753983807992499,-0.00711718849029741,0.00599144148587305,-0.015905363178285226
2026-07-02,2026-12-18,2612,QUADRATIC,0.2827459930681317,0.27285681984152915,0.27747910628466443,0.29236898286678403,0.27139804180409693,-0.004622286443135282,0.003769921258999831,-0.009622989798652337
2026-07-02,2027-03-19,2703,QUADRATIC,0.2792386750516218,0.3061425430164351,0.2461762497105783,0.19958734831192265,0.2897448572033968,0.059966293305856816,-0.013585460839890096,0.07965132673969916
2026-07-02,2027-06-18,2706,QUADRATIC,0.2814244839606482,0.31502987686979933,0.32567727217493797,0.292327795908657,0.3377483176057294,-0.01064739530513864,-0.017394743083360698,-0.01090331194800881
2026-07-03,2026-07-17,2607,QUADRATIC,0.25647733579857185,0.2466846823115753,0.25450307907080255,0.27397299589534013,0.24593642032068005,-0.007818396759227242,0.004657460370508876,-0.017495660096768284
2026-07-03,2026-08-21,2608,QUADRATIC,0.2616174904973317,0.2537767162879837,0.26629668013724433,0.2896307774107374,0.2554024936806357,-0.012519963849260629,0.00463420453197827,-0.02801328691340571
2026-07-03,2026-09-18,2609,QUADRATIC,0.2864564733378425,0.2717250108413848,0.27962252108112884,0.3042350183957437,0.2698455384005749,-0.007897510239744054,0.005828227560681909,-0.017778545057901163
2026-07-03,2026-12-18,2612,QUADRATIC,0.2850836345293963,0.27282800071866903,0.2720612019499029,0.2829994711491022,0.2685585058854077,0.0007667987687661193,0.003886095448878246,0.0020841633802941018
2026-07-03,2027-03-19,2703,QUADRATIC,0.28350947072094695,0.30671990246906267,0.2394334182599855,0.19390742904487918,0.2840045128805251,0.06728648420907718,-0.010927852516001035,0.08960204167606778
2026-07-03,2027-06-18,2706,QUADRATIC,0.30079135767680626,0.3133898035017957,0.41053666218012297,0.5627642271927182,0.3578077267480196,-0.09714685867832729,0.0041555060929397425,-0.261972869515912
2026-07-06,2026-07-17,2607,QUADRATIC,0.28212008103458364,0.26888192578188747,0.27472579124824226,0.2952727805411084,0.26641418590134885,-0.005843865466354792,0.005389672613715979,-0.013152699506524757
2026-07-06,2026-08-21,2608,QUADRATIC,0.26251367021300515,0.25932302259346307,0.27045201645244676,0.285843415063085,0.26205295771029824,-0.011128993858983693,0.0028345618126566774,-0.02332974485007988
2026-07-06,2026-09-18,2609,QUADRATIC,0.28646362782224905,0.2723766878056779,0.2783897248838968,0.29968308558016166,0.2699901699719446,-0.006013037078218875,0.005393036372842774,-0.013219457757912612
2026-07-06,2026-12-18,2612,QUADRATIC,0.2834315744069101,0.2733800888429455,0.2739944718817237,0.28442245411579087,0.2702918621664508,-0.000614383038778199,0.0033954181958837926,-0.0009908797088807875
2026-07-06,2027-03-19,2703,QUADRATIC,0.28104851473012826,0.3130049518894114,0.23503682452988311,0.18394008787670796,0.2893886391819948,0.0779681273595283,-0.01536775097234755,0.0971084268534203
2026-07-06,2027-06-18,2706,QUADRATIC,0.3299997370560504,0.31676444355362715,0.41971639151662277,0.7137803382429078,0.35412522972984506,-0.10295194796299562,0.014115187805279872,-0.38378060118685736
2026-07-07,2026-07-17,2607,QUADRATIC,0.28991204683559646,0.27216689157621765,0.27121380315844423,0.2874960827010672,0.26615690053213636,0.0009530884177734178,0.005533446835194578,0.0024159641345292693
2026-07-07,2026-08-21,2608,QUADRATIC,0.2656318125314432,0.2576149784714194,0.26365873287615077,0.2785343265369178,0.2569621489040331,-0.006043754404731372,0.0036747067697519564,-0.012902514005474597
2026-07-07,2026-09-18,2609,QUADRATIC,0.28330120438579537,0.26616054281287943,0.26850028675864307,0.28805889828587083,0.2616278595777614,-0.0023397439457636393,0.005702555207999838,-0.004757693900075466
2026-07-07,2026-12-18,2612,QUADRATIC,0.28976054195462114,0.2737887267728741,0.26476010157020935,0.2700506489819967,0.2651647611138427,0.00902862520266473,0.004109653057699059,0.019709892972624432
2026-07-07,2027-03-19,2703,QUADRATIC,0.2895375106159334,0.3143493158445364,0.21396174304386173,0.1655210791973127,0.27227541624635476,0.10038757280067467,-0.008119886802155696,0.1240164314186207
2026-07-07,2027-06-18,2706,QUADRATIC,0.31909404919626777,0.31829522678200173,0.4005823006409254,0.5573617331648253,0.3518759045739019,-0.0822870738589237,0.007562859137561662,-0.23826768396855752
2026-07-08,2026-07-17,2607,QUADRATIC,0.298998646380012,0.28058949537687244,0.279545481896591,0.29636802010446267,0.2743409465892417,0.001044013480281436,0.005726542047490013,0.0026306262755493304
2026-07-08,2026-08-21,2608,QUADRATIC,0.2746669399765785,0.2678939423225012,0.26898339884768485,0.27683303735627285,0.26589408263704284,-0.001089456525183663,0.002544587948050181,-0.002166097379694365
2026-07-08,2026-09-18,2609,QUADRATIC,0.2899823937642804,0.27542622241945025,0.275009675705925,0.28864496341571994,0.270552233240423,0.0004165467135252565,0.0046657158222646045,0.0013374303485604866
2026-07-08,2026-12-18,2612,QUADRATIC,0.2951684552954156,0.2830847968552073,0.26907742836468884,0.26697512360569836,0.2733899713243682,0.01400736849051848,0.0026911412855798456,0.028193331689717216
2026-07-08,2027-03-19,2703,QUADRATIC,0.28977302779985487,0.33501733204509754,0.19951337672462896,0.14421838762634673,0.2817185353579331,0.13550395532046858,-0.014453180973069857,0.14555464017350814
2026-07-08,2027-06-18,2706,QUADRATIC,0.33079376749072786,0.32666649016491195,0.4395138282240547,0.724978327686384,0.37097553102651026,-0.11284733805914277,0.01211462816797304,-0.3941845601956562
2026-07-09,2026-07-17,2607,QUADRATIC,0.2826166333296721,0.26543076130587934,0.2624838903473469,0.2757900988538617,0.25891172293791986,0.0029468709585324104,0.005045602888693268,0.006826534475810386
2026-07-09,2026-08-21,2608,QUADRATIC,0.266560632468079,0.25895044304502063,0.2657685789885768,0.2811371226616122,0.25868984396764305,-0.006818135943556181,0.003669667049155667,-0.014576490193533242
2026-07-09,2026-09-18,2609,QUADRATIC,0.2912172100608356,0.27619218820480185,0.27573707170717193,0.2897662285876924,0.2711718004150076,0.0004551164976299149,0.004792829540979315,0.0014509814731432091
2026-07-09,2026-12-18,2612,QUADRATIC,0.2923672302915453,0.2808799636284063,0.2714490032364212,0.27295734541065214,0.2732851246329076,0.0094309603919851,0.0028793587995061265,0.01940988488089318
2026-07-09,2027-03-19,2703,QUADRATIC,0.2910755120529135,0.3248946685355447,0.21632106962177464,0.1635507981207091,0.2828375128978503,0.10857359891377008,-0.012229643819190616,0.12752471393220438
2026-07-09,2027-06-18,2706,QUADRATIC,0.34248705392381973,0.32115119429516414,0.46634489319526906,1.0063038781639206,0.3719088068788811,-0.14519369890010492,0.021839236866335487,-0.6638168242401009
2026-07-10,2026-07-17,2607,QUADRATIC,0.26960016953434185,0.25731963585935513,0.26232553322142865,0.2808117829075849,0.2548493675645994,-0.005005897362073519,0.004973216975792449,-0.011211613373243057
2026-07-10,2026-08-21,2608,QUADRATIC,0.2651637133406456,0.2600128958969499,0.2626926737517333,0.27059374664119096,0.2591191085986443,-0.0026797778547833495,0.002233676225697312,-0.005430033300545367
2026-07-10,2026-09-18,2609,QUADRATIC,0.2942644907887515,0.27811469642670245,0.27531058214554416,0.28761925692249035,0.2719075448601003,0.0028041142811582875,0.004805094426023004,0.0066452338662611465
2026-07-10,2026-12-18,2612,QUADRATIC,0.2981781838569611,0.2880950945082261,0.27222076802669776,0.2671685611482108,0.27816524869163156,0.015874326481528367,0.0019926825758303512,0.031009622708750295
2026-07-10,2027-03-19,2703,QUADRATIC,0.2881974600153484,0.33250794287523777,0.21531852646651728,0.15830022416209086,0.292137121906867,0.11718941640872049,-0.0182238872359895,0.12989723585325755
2026-07-10,2027-06-18,2706,QUADRATIC,0.3397232666606797,0.33019642326345444,0.4814404987349755,0.9752559815747248,0.38694816482942135,-0.15124407547152108,0.018870296169793632,-0.6355327149140451
2026-07-13,2026-07-17,2607,QUADRATIC,0.43906046842027135,0.42258583715206793,0.4339509502934099,0.46422160672257623,0.42070923487042894,-0.011365113141341976,0.007559158852310011,-0.025161138302304875
2026-07-13,2026-08-21,2608,QUADRATIC,0.32750893492769234,0.3159219586606447,0.2959657339821661,0.28891316220415925,0.3043703204472073,0.01995622467847863,0.0015735258741980673,0.038595772723533095
2026-07-13,2026-09-18,2609,QUADRATIC,0.3338205338450081,0.31904723525270745,0.31261658936815634,0.3199894870399838,0.31172984546956195,0.006430645884551112,0.0041020668408699446,0.013831046805024283
2026-07-13,2026-12-18,2612,QUADRATIC,0.32440245807801077,0.30690551460268767,0.2721772200984065,0.25816370471535266,0.28643850957935063,0.034728294504281165,0.0031028577711964545,0.06623875336265811
2026-07-13,2027-03-19,2703,QUADRATIC,0.31820761077906945,0.35890869615375115,0.21442000247879495,0.1571998172892754,0.2960232480643565,0.1444886936749562,-0.009358898748083433,0.16100779348979405
2026-07-13,2027-06-18,2706,QUADRATIC,0.3740039852124265,0.34790001087675093,0.43224919172895254,0.6534776464235608,0.37690552441489916,-0.08434918085220161,0.013169076887952602,-0.27947366121113426
2026-07-14,2026-07-17,2607,QUADRATIC,0.3770275654278518,0.36323139947677846,0.3710510147702945,0.394159729245701,0.3610526030823553,-0.007819615293516047,0.006088604041181167,-0.017132163817849155
2026-07-14,2026-08-21,2608,QUADRATIC,0.29262865527389803,0.2851933269307136,0.29420255854224114,0.31189397682611475,0.2857418246447323,-0.009009231611527557,0.0039561180917450645,-0.01926532155221672
2026-07-14,2026-09-18,2609,QUADRATIC,0.30936016067356575,0.29743404794203,0.3024703230942176,0.3200451572067682,0.2952846281576837,-0.00503627515218763,0.004667557360440111,-0.010684996533202429
2026-07-14,2026-12-18,2612,QUADRATIC,0.3088472810034776,0.29888150677908076,0.2746565088056083,0.2633384743807679,0.2853062532328851,0.02422499797347244,0.0014627545594594338,0.045508806622709674
2026-07-14,2027-03-19,2703,QUADRATIC,0.30487425509187144,0.29137622150932985,0.2673091225154655,0.25818167796532904,0.2765159684088454,0.024067098993864333,0.002826703603552305,0.0466925771265424
2026-07-14,2027-06-18,2706,QUADRATIC,0.3028498267533755,0.2879497948994657,0.26512303082782407,0.25764211375157353,0.27302713752854907,0.022826764071641636,0.0035092753350958183,0.045207713001801986
2026-07-15,2026-07-17,2607,QUADRATIC,0.40654438884896305,0.3923164709284285,0.39503937388590304,0.41229574035632033,0.38828952436981934,-0.002722902957474571,0.00538839803734642,-0.005751351507357283
2026-07-15,2026-08-21,2608,QUADRATIC,0.2989310005585832,0.2938080495209015,0.3085580666998226,0.33068877754005194,0.29709896954816817,-0.014750017178921104,0.004084088562193888,-0.031757776981468755
2026-07-15,2026-09-18,2609,QUADRATIC,0.311294829462228,0.30230643722313455,0.31144530576599183,0.330877552545648,0.30254616397814454,-0.009138868542857281,0.004329707516418646,-0.019582723083420017
2026-07-15,2026-12-18,2612,QUADRATIC,0.3077121228966515,0.2969042060167068,0.28179374297745874,0.27790167746852346,0.2870673137172344,0.015110463039248068,0.0022816607798483712,0.029810445428128052
2026-07-15,2027-03-19,2703,QUADRATIC,0.3002725977229641,0.2948460931374023,0.2661116772235517,0.2490431325253576,0.2801307597927675,0.028734415913850564,0.00034812538770950807,0.051229465197606516
2026-07-15,2027-06-18,2706,QUADRATIC,0.2940660926337277,0.2918706351003915,0.262668747553227,0.24324734375103202,0.2775327799515641,0.029201887547164518,-0.00026308862475488137,0.050818748882695663
2026-07-16,2026-07-17,2607,QUADRATIC,0.5090718986087659,0.484913069886851,0.4657731379292183,0.4694197052429959,0.4702699680739574,0.019139931957632694,0.005073135834077314,0.03965219336576997
2026-07-16,2026-08-21,2608,QUADRATIC,0.32857315705947043,0.3217438827831426,0.3273321538503256,0.34007107956891985,0.3213148279229224,-0.005588271067183015,0.003223190393811748,-0.01149792250944942
2026-07-16,2026-09-18,2609,QUADRATIC,0.33452361981449374,0.32033534387490226,0.3206143590594159,0.33474270563841596,0.3157389041766959,-0.0002790151845136202,0.004735947290463116,-0.00021908582392221598
2026-07-16,2026-12-18,2612,QUADRATIC,0.32197898949073156,0.3062369742360828,0.283512809979594,0.27688707734762597,0.29167745348004626,0.02272416425648882,0.0031974386277921485,0.045091912143105595
2026-07-16,2027-03-19,2703,QUADRATIC,0.31453066619898196,0.30766048034340104,0.2592685462305528,0.23287912962984414,0.28273634887417304,0.048391934112848256,0.0007281644128038778,0.08165153656913782
2026-07-16,2027-06-18,2706,QUADRATIC,0.34027967124060643,0.2977444266709269,0.31850440059083457,0.39166508544185136,0.29679101580393236,-0.020759973919907693,0.011333397826948366,-0.05138541420124493
2026-07-17,2026-08-21,2608,QUADRATIC,0.40058498977291457,0.3793562415373551,0.3579377326189534,0.35652973783709996,0.3643041683230445,0.02141850891840169,0.004342818755109723,0.04405525193581461
2026-07-17,2026-09-18,2609,QUADRATIC,0.39745381487251774,0.36606224668131165,0.33218860850322246,0.3263415502199647,0.34310167950551884,0.033873638178089194,0.006023748086748215,0.07111226465255305
2026-07-17,2026-12-18,2612,QUADRATIC,0.3642532741056799,0.3324396773072405,0.2695746675769337,0.24595205713969964,0.29479195624119464,0.06286500973030679,0.006215216200892437,0.11830121696598028
2026-07-17,2027-03-19,2703,QUADRATIC,0.34486669356228394,0.31658678670891466,0.25550862391286916,0.2316692228944831,0.2796672934759842,0.0610781627960455,0.006380411834907729,0.11319747066780084
2026-07-17,2027-06-18,2706,QUADRATIC,0.358960046007079,0.30255679621437936,0.3011125002824758,0.3419671297071511,0.29023409004925316,0.0014442959319035387,0.011600558199174438,0.016992916299927885
2026-07-20,2026-08-21,2608,QUADRATIC,0.45475014898832966,0.4502817841149189,0.4626544441823628,0.4798400288632315,0.4532305906092736,-0.012372660067443864,0.0032375235393672375,-0.025089879874901855
2026-07-20,2026-09-18,2609,QUADRATIC,0.4282389066322649,0.4116942436658611,0.3949961792711584,0.39448005272806386,0.3995203275517996,0.016698064394702727,0.0038248839167101534,0.033758853904201025
2026-07-20,2026-10-16,2610,QUADRATIC,0.3783966673050696,0.35727929117546653,0.3827687695513821,0.44112500081707173,0.36023035092041045,-0.025489478375915586,0.009793679443013903,-0.06272833351200213
2026-07-20,2026-12-18,2612,QUADRATIC,0.3781338740944905,0.3546629441468395,0.3090911826317297,0.29114256938573957,0.3272573926685597,0.04557176151510983,0.004619670720724889,0.08699130470875094
2026-07-20,2027-03-19,2703,QUADRATIC,0.35039577304995634,0.32056264369534093,0.2835060768612235,0.273680030598336,0.29551791389866117,0.037056566834117455,0.006516446379621066,0.07671574245162033
2026-07-20,2027-06-18,2706,QUADRATIC,0.3411136935401588,0.29886834125838035,0.3089433151027003,0.36036746697864225,0.29340624700237106,-0.010074973844319934,0.010499581178169293,-0.019253773438483446
2026-07-21,2026-08-21,2608,QUADRATIC,0.349366157872033,0.3442873139603402,0.3827211602273971,0.4409542381044614,0.3553909093045409,-0.038433846267056926,0.008113327789327718,-0.09158808023242837
2026-07-21,2026-09-18,2609,QUADRATIC,0.35863566789077117,0.3450726557764364,0.3595999165941393,0.3911159968740656,0.345855042459894,-0.014527260817702892,0.0064812437253938815,-0.03248032898329445
2026-07-21,2026-10-16,2610,QUADRATIC,0.3719340207033025,0.33489518444783867,0.32565193938156367,0.34697140787094016,0.32112537736960495,0.009243245066274997,0.009148184545096194,0.02496261283236234
2026-07-21,2026-12-18,2612,QUADRATIC,0.33384856348574066,0.3155260737348101,0.29836944040131075,0.29805558563306045,0.30268545808635244,0.01715663333349937,0.00426229898170799,0.03579297785268021
2026-07-21,2027-03-19,2703,QUADRATIC,0.3212535862140613,0.2931930802705507,0.28502154844459787,0.29995215392466845,0.2820571393969762,0.008171531825952816,0.007050174960598121,0.021301432289392852
2026-07-21,2027-06-18,2706,QUADRATIC,0.30218853461847334,0.2926381370441699,0.24636950308399636,0.22237944861169745,0.26747271349202806,0.046268633960173555,0.0020311065720550747,0.07980908600677589
2026-07-22,2026-08-21,2608,QUADRATIC,0.3182532137880431,0.3132253881290018,0.35441034472233673,0.4213265007787146,0.32490920525842276,-0.04118495659333493,0.008908661167246479,-0.10307328699067148
2026-07-22,2026-09-18,2609,QUADRATIC,0.3174112622210678,0.3054546401380815,0.33658247044379164,0.39623281854880055,0.3122029268048949,-0.031127830305710147,0.008815628486041671,-0.07882155632773274
2026-07-22,2026-10-16,2610,QUADRATIC,0.31038962966011313,0.2923481086311192,0.3117691568613817,0.35862649585197004,0.2937044695251551,-0.019421048230262472,0.008354163221095334,-0.04823686619185691
2026-07-22,2026-12-18,2612,QUADRATIC,0.3152150422446236,0.2938283719500788,0.285433632809772,0.295635490934811,0.28404122868522524,0.008394739140306806,0.005589773694700206,0.019579551309812593
2026-07-22,2027-03-19,2703,QUADRATIC,0.3074212383967782,0.2786582244378358,0.27722842960531596,0.3009952383712075,0.27033463782076866,0.001429794832519815,0.007608689200807206,0.0064260000255706995
2026-07-22,2027-06-18,2706,QUADRATIC,0.2973747169491419,0.27892713262069274,0.2539270998958825,0.24681747253766148,0.2622165226448121,0.025000032724810217,0.004210593613475533,0.050557244411480434
2026-07-23,2026-08-21,2608,QUADRATIC,0.3030181949392395,0.29253842540325975,0.31119027780539144,0.34660939770022525,0.2952600713360062,-0.018651852402131686,0.006604280268319385,-0.04359120276098577
2026-07-23,2026-09-18,2609,QUADRATIC,0.3095684297191006,0.2951526328436126,0.3075624754209002,0.33811018536002163,0.29485201305769765,-0.01240984257728761,0.006505541074558752,-0.02854175564092104
2026-07-23,2026-10-16,2610,QUADRATIC,0.3019175222200643,0.28132697797155803,0.2969106937985396,0.34074534971547166,0.280671470657187,-0.015583715826981592,0.008447365227861825,-0.03882782749540736
2026-07-23,2026-12-18,2612,QUADRATIC,0.3064772867123922,0.2843181797417476,0.27508251485157914,0.28484941252731644,0.27405664410080866,0.009235664890168471,0.005643703195854721,0.02162787418507578
2026-07-23,2027-03-19,2703,QUADRATIC,0.3041732258782452,0.2758522779605662,0.26488267267785054,0.27654451188159385,0.26358835093925587,0.010969605282715678,0.006779124379952484,0.027628713996651344
2026-07-23,2027-06-18,2706,QUADRATIC,0.29261837144619995,0.268047931112323,0.24758985164142625,0.24734653521581404,0.2522558836826411,0.020458079470896756,0.005563007694233513,0.045271836230385915
2026-07-24,2026-08-21,2608,QUADRATIC,0.32479652046641705,0.3150815311869107,0.34524543593614393,0.3987172359675016,0.3217668883325296,-0.03016390474923325,0.008396595228997716,-0.07392071550108453
2026-07-24,2026-09-18,2609,QUADRATIC,0.3234793718092656,0.31051646057702437,0.33088781083238306,0.3716814003569897,0.3133964524014079,-0.02037135025535869,0.00730568330329584,-0.048202028547724096
2026-07-24,2026-10-16,2610,QUADRATIC,0.3191945387678165,0.2951134823312643,0.3091339735936724,0.35385189370585557,0.29305985515670824,-0.014020491262408119,0.009063872805760098,-0.034657354938039064
2026-07-24,2026-12-18,2612,QUADRATIC,0.3172442597523216,0.29388850600627814,0.28596118412988764,0.2981454778405862,0.2838346741105253,0.007927321876390503,0.006090170957557595,0.01909878191173542
2026-07-24,2027-03-19,2703,QUADRATIC,0.30953274002799025,0.2827698778279542,0.2826766813733696,0.3067171556646972,0.27537474146786917,9.319645458460979e-05,0.007348538132792737,0.0028155843632930444
2026-07-24,2027-06-18,2706,QUADRATIC,0.2998712062455493,0.28128792775106165,0.2564138952111415,0.24948775660798825,0.26458913351941704,0.024874032539920155,0.004261777961684532,0.050383449637561056
2026-07-27,2026-08-21,2608,QUADRATIC,0.3229393242700845,0.30691229193746283,0.31736488700920285,0.34702506259923027,0.3052379166358455,-0.010452595071740012,0.006900672837487354,-0.02408573832914579
2026-07-27,2026-09-18,2609,QUADRATIC,0.31894400391178707,0.30059091420843614,0.316529450111422,0.3576709075819374,0.3003833644241241,-0.01593853590298583,0.008176817735804975,-0.03872690367015036
2026-07-27,2026-10-16,2610,QUADRATIC,0.33567635420484926,0.2894242602017409,0.2910814349997411,0.3353863001404994,0.2786970722598248,-0.001657174798000205,0.011555775340916175,0.0002900540643498428
2026-07-27,2026-12-18,2612,QUADRATIC,0.3101020725258392,0.28453198173763683,0.28209887518729526,0.30254837420468494,0.2762490250260357,0.0024331065503415683,0.007066403436430335,0.007553698321154267
2026-07-27,2027-03-19,2703,QUADRATIC,0.2968816121054659,0.2736248597046397,0.2818843296222975,0.3151198795622837,0.27037550337464905,-0.008259469917657802,0.007379091288819528,-0.018238267456817836
2026-07-27,2027-06-18,2706,QUADRATIC,0.28545272687000967,0.2762542041522725,0.25524669341788003,0.24557615606916425,0.26384800204828146,0.021007510734392443,0.001902446736794794,0.03987657080084542
2026-07-28,2026-08-21,2608,QUADRATIC,0.3439572040059321,0.33312909466800283,0.35979083825327973,0.4075871949161052,0.338347130741833,-0.026661743585276898,0.008112835718808276,-0.06362999091017307
2026-07-28,2026-09-18,2609,QUADRATIC,0.3312677164154802,0.3206568285463595,0.35206479300918236,0.40856572225879884,0.3279223860149667,-0.031407964462822846,0.008438424762804209,-0.07729800584331864
2026-07-28,2026-10-16,2610,QUADRATIC,0.3200709542573724,0.2970992292830456,0.3338631444556864,0.43086274773952465,0.30293437809962787,-0.03676391517264077,0.012546808769738127,-0.11079179348215223
2026-07-28,2026-12-18,2612,QUADRATIC,0.31151358544915364,0.29488195158997127,0.3080853928891135,0.34191414228614586,0.294762634954961,-0.013203441299142249,0.006721037284581399,-0.03040055683699222
2026-07-28,2027-03-19,2703,QUADRATIC,0.2983164569374879,0.2796202406382614,0.30584832716809307,0.3661845570124697,0.284376462055789,-0.026228086529831662,0.008357821847388258,-0.06786810007498184
2026-07-28,2027-06-18,2706,QUADRATIC,0.2876324153904527,0.2721177807324114,0.29109040385367,0.3329214804456737,0.2753304349484748,-0.018972623121258636,0.006273657344565919,-0.04528906505522101
2026-07-29,2026-08-21,2608,QUADRATIC,0.3577851000177161,0.347168771309306,0.37142232591263596,0.41413912590727797,0.3517105612637511,-0.024253554603329952,0.007584987347219907,-0.0563540258895619
2026-07-29,2026-09-18,2609,QUADRATIC,0.34073713062290556,0.32988603737590283,0.3586462058327279,0.40989347853851155,0.3362474042135116,-0.028760168456825053,0.008018717390803731,-0.06915634791560599
2026-07-29,2026-10-16,2610,QUADRATIC,0.3274137461193088,0.3060233749992392,0.3239844271989974,0.3720437608652046,0.30597282991352426,-0.017961052199758187,0.009031071185594042,-0.044630014745895785
2026-07-29,2026-12-18,2612,QUADRATIC,0.30359409273099575,0.2873191722919517,0.3089500727652726,0.3570078824503098,0.2903607503165512,-0.02163090047332089,0.007773872212060939,-0.05341378971931404
2026-07-29,2027-03-19,2703,QUADRATIC,0.29486599235557215,0.27457397877995815,0.30061656627254535,0.3635725193366205,0.27882723163279366,-0.0260425874925872,0.008768040893458062,-0.06870652698104834
2026-07-29,2027-06-18,2706,QUADRATIC,0.2827064386853093,0.276126583499808,0.27499197509776124,0.28023814137437564,0.27345064116169526,0.0011346084020467662,0.0021086381370893914,0.002468297310933676
