TRADE_DT,EXPIRY,EXPIRY_CODE,TAU,FORWARD,RISK_FREE_RATE,MODEL,N_SAMPLES,a,b,c,RMSE,FIT_STATUS
2026-06-01,2026-06-22,2606,0.057534246575342465,8305.8,0.015,QUADRATIC,41,0.25333485512041254,-0.033968865868064135,4.233393329856109,0.011624219005580486,QUADRATIC
2026-06-01,2026-07-17,2607,0.12602739726027398,8235.2,0.015,QUADRATIC,26,0.2796053690616931,-0.02166532881915953,1.2990753317200154,0.002891620914968867,QUADRATIC
2026-06-01,2026-08-21,2608,0.2219178082191781,8194.449488091796,0.015,QUADRATIC,23,0.27230504108694825,-0.08572693912109242,2.2819977370251867,0.0022282849733746006,QUADRATIC
2026-06-01,2026-09-18,2609,0.29863013698630136,8081.8,0.015,QUADRATIC,20,0.27431734108048156,0.007819616386986805,1.0787099320187472,0.002822235329310572,QUADRATIC
2026-06-01,2026-12-18,2612,0.547945205479452,7880.4,0.015,QUADRATIC,19,0.2737940397243079,-0.004392848057911014,0.46630434451335373,0.004406270212267618,QUADRATIC
2026-06-01,2027-03-19,2703,0.7972602739726027,7816.347856307721,0.015,QUADRATIC,18,0.27131442766109504,-0.05404138429199694,0.4384595647048422,0.004475182361542489,QUADRATIC
2026-06-02,2026-06-22,2606,0.0547945205479452,8324.6,0.015,QUADRATIC,41,0.24889142825294208,-0.033423055819861824,4.4761143625995,0.012396994179425453,QUADRATIC
2026-06-02,2026-07-17,2607,0.1232876712328767,8256.0,0.015,QUADRATIC,26,0.2741502681953043,-0.049147729178385516,1.7014262088116836,0.0030254382475222007,QUADRATIC
2026-06-02,2026-08-21,2608,0.2191780821917808,8235.237942857128,0.015,QUADRATIC,23,0.27244545828915084,-0.1431126610535039,2.4053034642181688,0.0038703552781966847,QUADRATIC
2026-06-02,2026-09-18,2609,0.2958904109589041,8106.4,0.015,QUADRATIC,20,0.2758032715727123,0.006036081559249951,1.0517299877904185,0.003504204579634646,QUADRATIC
2026-06-02,2026-12-18,2612,0.5452054794520548,7900.0,0.015,QUADRATIC,19,0.27539146093287264,-0.0076248740449695734,0.356939894774748,0.00484065132973425,QUADRATIC
2026-06-02,2027-03-19,2703,0.7945205479452054,7855.254283326451,0.015,QUADRATIC,18,0.2693136756676424,-0.06388344189658351,0.4768625722194879,0.004473115702783058,QUADRATIC
2026-06-03,2026-06-22,2606,0.052054794520547946,8368.4,0.015,QUADRATIC,41,0.24235310440415928,-0.09874936355329123,4.392397107397777,0.016189706971155852,QUADRATIC
2026-06-03,2026-07-17,2607,0.12054794520547946,8295.8,0.015,QUADRATIC,26,0.26488350716802056,-0.11349284409810038,1.8752510761096595,0.0015682506567624192,QUADRATIC
2026-06-03,2026-08-21,2608,0.21643835616438356,8284.144794966935,0.015,QUADRATIC,23,0.26224271561481327,-0.3119437775081306,3.9059540810848716,0.008142235562472112,QUADRATIC
2026-06-03,2026-09-18,2609,0.29315068493150687,8139.4,0.015,QUADRATIC,20,0.270409570693766,-0.0318998509969437,1.2250907611332,0.0013139337813641385,QUADRATIC
2026-06-03,2026-12-18,2612,0.5424657534246575,7919.6,0.015,QUADRATIC,19,0.2706753642351985,-0.01713941145928849,0.49323419826836185,0.004279507500965336,QUADRATIC
2026-06-03,2027-03-19,2703,0.7917808219178082,7901.904515194101,0.015,QUADRATIC,18,0.2710259537883895,-0.1065924560376338,0.4242843884131571,0.007136251533931062,QUADRATIC
2026-06-04,2026-06-22,2606,0.049315068493150684,8354.8,0.015,QUADRATIC,41,0.2463023212642912,-0.11006135518231108,4.418131883111532,0.01738455772728512,QUADRATIC
2026-06-04,2026-07-17,2607,0.1178082191780822,8284.0,0.015,QUADRATIC,26,0.26627251549889863,-0.12172639911520726,1.9668748919027539,0.0025364475877348944,QUADRATIC
2026-06-04,2026-08-21,2608,0.2136986301369863,8273.643009242527,0.015,QUADRATIC,23,0.2597886394420418,-0.30410883762598073,4.264193870186677,0.007116133030353463,QUADRATIC
2026-06-04,2026-09-18,2609,0.29041095890410956,8124.8,0.015,QUADRATIC,20,0.2691116922344396,-0.028978258442664107,1.3535543743350966,0.0022206248832274994,QUADRATIC
2026-06-04,2026-12-18,2612,0.5397260273972603,7908.0,0.015,QUADRATIC,19,0.2717097161724388,-0.017278399889472648,0.39133264815461194,0.004389338345367039,QUADRATIC
2026-06-04,2027-03-19,2703,0.7890410958904109,7891.887294335806,0.015,QUADRATIC,18,0.26559016551999587,-0.11950315454098422,0.6807455165590351,0.007840620675512599,QUADRATIC
2026-06-05,2026-06-22,2606,0.04657534246575343,8291.8,0.015,QUADRATIC,41,0.24995524684888604,-0.0766342357458294,4.841614403509663,0.021317834450559802,QUADRATIC
2026-06-05,2026-07-17,2607,0.11506849315068493,8214.0,0.015,QUADRATIC,26,0.27367318366451976,-0.11453706822787518,1.74815231860733,0.0024875005773026173,QUADRATIC
2026-06-05,2026-08-21,2608,0.21095890410958903,8197.731728545441,0.015,QUADRATIC,23,0.2677108657634935,-0.2929662912851756,4.117161466756282,0.006179397653332851,QUADRATIC
2026-06-05,2026-09-18,2609,0.2876712328767123,8055.6,0.015,QUADRATIC,20,0.2749074441401177,-0.0059988110771780345,1.2028650262184861,0.002716284206791344,QUADRATIC
2026-06-05,2026-12-18,2612,0.536986301369863,7831.0,0.015,QUADRATIC,19,0.2771290992103956,0.0075526022134986825,0.31291400252963886,0.004827064944398583,QUADRATIC
2026-06-05,2027-03-19,2703,0.7863013698630137,7819.478650288575,0.015,QUADRATIC,18,0.26929368405439746,-0.11575148711600068,0.6991833487829048,0.007733402237366624,QUADRATIC
2026-06-08,2026-06-22,2606,0.038356164383561646,8072.8,0.015,QUADRATIC,41,0.28654556938537556,0.0007653356958294832,5.93208534466372,0.026158390875822536,QUADRATIC
2026-06-08,2026-07-17,2607,0.10684931506849316,8000.6,0.015,QUADRATIC,26,0.2885888249046604,-0.16509181318376354,3.3216039742269565,0.002426594727849881,QUADRATIC
2026-06-08,2026-08-21,2608,0.20273972602739726,7947.851448203917,0.015,QUADRATIC,23,0.2822209388878726,-0.20795472493036268,2.800832030410874,0.0031065665883999584,QUADRATIC
2026-06-08,2026-09-18,2609,0.27945205479452057,7843.2,0.015,QUADRATIC,20,0.27894895347751353,-0.015173030144072175,0.9602280437874539,0.0019978809952879493,QUADRATIC
2026-06-08,2026-12-18,2612,0.5287671232876713,7630.0,0.015,QUADRATIC,19,0.2745391592607995,0.01641262712025726,0.26890556708444885,0.0026129141823350074,QUADRATIC
2026-06-08,2027-03-19,2703,0.7780821917808219,7581.128142860423,0.015,QUADRATIC,18,0.2672089948277916,-0.10516933604935477,0.9010010409498153,0.005351725305752819,QUADRATIC
2026-06-09,2026-06-22,2606,0.03561643835616438,8233.4,0.015,QUADRATIC,41,0.2713669333465301,-0.06217964770738238,5.949366873726936,0.03154558303478231,QUADRATIC
2026-06-09,2026-07-17,2607,0.10410958904109589,8153.8,0.015,QUADRATIC,28,0.26516865164714865,-0.20232136792791383,3.7951397309366195,0.002567543825491216,QUADRATIC
2026-06-09,2026-08-21,2608,0.2,8183.208726445433,0.015,QUADRATIC,26,0.2634790143822669,-0.33099999929220947,3.7013595345409094,0.012033088201268494,QUADRATIC
2026-06-09,2026-09-18,2609,0.27671232876712326,7993.0,0.015,QUADRATIC,20,0.2752939035824892,-0.026025168194724446,0.883800859154482,0.003504592876319875,QUADRATIC
2026-06-09,2026-12-18,2612,0.5260273972602739,7764.4,0.015,QUADRATIC,19,0.27189495649726053,0.015231109073293836,0.16088919990732298,0.005005821822113724,QUADRATIC
2026-06-09,2027-03-19,2703,0.7753424657534247,7805.625756754176,0.015,QUADRATIC,18,0.26443189491943,-0.16793566636803547,0.9639286773242663,0.012217045122790324,QUADRATIC
2026-06-10,2026-06-22,2606,0.03287671232876712,8162.2,0.015,QUADRATIC,41,0.2805069838665098,-0.05454757215117767,6.394416782609284,0.036068892814027434,QUADRATIC
2026-06-10,2026-07-17,2607,0.10136986301369863,8080.2,0.015,QUADRATIC,28,0.2730459884098997,-0.21816199878708237,3.3658682187158075,0.0027710226544341242,QUADRATIC
2026-06-10,2026-08-21,2608,0.19726027397260273,8067.002660517105,0.015,QUADRATIC,26,0.2703816315688201,-0.29597846539332473,3.2809743921955223,0.008535412120209833,QUADRATIC
2026-06-10,2026-09-18,2609,0.273972602739726,7917.0,0.015,QUADRATIC,20,0.27937819275923853,-0.026254713614933256,0.8547190247346562,0.003616070297368094,QUADRATIC
2026-06-10,2026-12-18,2612,0.5232876712328767,7689.2,0.015,QUADRATIC,19,0.27500296289726417,0.007596715744500063,0.1735282854561281,0.0052027141674469875,QUADRATIC
2026-06-10,2027-03-19,2703,0.7726027397260274,7694.781576723682,0.015,QUADRATIC,18,0.26748152161293626,-0.16809240211389703,1.0384795238249556,0.014334753400674752,QUADRATIC
2026-06-11,2026-06-22,2606,0.030136986301369864,8126.4,0.015,QUADRATIC,41,0.2729947708346563,-0.03888296055876994,7.028477813606725,0.03905742799996644,QUADRATIC
2026-06-11,2026-07-17,2607,0.09863013698630137,8049.0,0.015,QUADRATIC,28,0.2731499078654928,-0.20431736073440415,3.756235244723029,0.0024437837085365785,QUADRATIC
2026-06-11,2026-08-21,2608,0.19452054794520549,8030.171334165508,0.015,QUADRATIC,26,0.27710468487063566,-0.30802433731845325,3.298935356766606,0.010786479179437059,QUADRATIC
2026-06-11,2026-09-18,2609,0.27123287671232876,7886.6,0.015,QUADRATIC,20,0.28109615193118564,-0.016595151978099687,0.8910596714811347,0.0034772874440537247,QUADRATIC
2026-06-11,2026-12-18,2612,0.5205479452054794,7660.6,0.015,QUADRATIC,19,0.2777004096369202,0.009602917798585069,0.1454063303811868,0.0040587838153547185,QUADRATIC
2026-06-11,2027-03-19,2703,0.7698630136986301,7659.649691513865,0.015,QUADRATIC,18,0.2675933767054158,-0.17283231213236974,1.1772477955367011,0.009971171228833321,QUADRATIC
2026-06-12,2026-06-22,2606,0.0273972602739726,8196.8,0.015,QUADRATIC,41,0.25649092048479194,-0.07728055945780188,7.262439268053566,0.04226371831182252,QUADRATIC
2026-06-12,2026-07-17,2607,0.0958904109589041,8122.8,0.015,QUADRATIC,28,0.26422508723796173,-0.14224536282288708,3.392387922819391,0.00283403105813508,QUADRATIC
2026-06-12,2026-08-21,2608,0.1917808219178082,8074.645051677579,0.015,QUADRATIC,26,0.26821068582185437,-0.17297106563968612,2.5018206707814707,0.003661494035111523,QUADRATIC
2026-06-12,2026-09-18,2609,0.2684931506849315,7958.6,0.015,QUADRATIC,20,0.28016017593980413,-0.012403763210418695,0.8095521479042553,0.0040186303566900694,QUADRATIC
2026-06-12,2026-12-18,2612,0.5178082191780822,7735.0,0.015,QUADRATIC,19,0.27689389121185476,0.007605842275425656,0.13351833522712728,0.004392108050229599,QUADRATIC
2026-06-12,2027-03-19,2703,0.7671232876712328,7702.071338879278,0.015,QUADRATIC,18,0.2699760097455096,-0.11058268416916922,0.6717203343002338,0.005878793766306899,QUADRATIC
2026-06-15,2026-06-22,2606,0.019178082191780823,8475.2,0.015,QUADRATIC,41,0.2975188575770898,-0.2236403363731294,7.669467281680887,0.05801347448788985,QUADRATIC
2026-06-15,2026-07-17,2607,0.08767123287671233,8403.4,0.015,QUADRATIC,28,0.2699307990273561,-0.13200280915284934,2.7703659802581924,0.002751859761898226,QUADRATIC
2026-06-15,2026-08-21,2608,0.18356164383561643,8090.694420884009,0.015,QUADRATIC,26,0.2955163597258481,0.45942853243881693,-3.7958636104920536,0.03551147633543376,QUADRATIC
2026-06-15,2026-09-18,2609,0.2602739726027397,8244.6,0.015,QUADRATIC,20,0.2777594875372326,-0.030356091018928666,1.077317582685789,0.002075064526743141,QUADRATIC
2026-06-15,2026-12-18,2612,0.5095890410958904,8012.6,0.015,QUADRATIC,19,0.2748514192571643,-0.012740118328047223,0.27206420467491593,0.004104869284472555,QUADRATIC
2026-06-15,2027-03-19,2703,0.7589041095890411,6877.1935753208345,0.015,QUADRATIC,18,0.3250015310591329,1.6472050727926386,-9.011290879281269,0.07762191002025629,QUADRATIC
2026-06-16,2026-06-22,2606,0.01643835616438356,8602.4,0.015,QUADRATIC,41,0.2938561709871773,-0.4525013033981511,7.186266962790807,0.0650715741197367,QUADRATIC
2026-06-16,2026-07-17,2607,0.08493150684931507,8523.8,0.015,QUADRATIC,28,0.2750737896475041,-0.13166594841465518,3.2314800961741517,0.001574667313662726,QUADRATIC
2026-06-16,2026-08-21,2608,0.18082191780821918,8215.895770187095,0.015,QUADRATIC,26,0.29101342921701884,0.34175751545852784,-0.6264022614877623,0.03727186788533491,QUADRATIC
2026-06-16,2026-09-18,2609,0.25753424657534246,8349.0,0.015,QUADRATIC,20,0.2837350001595823,-0.022106056593175327,1.178678264502063,0.004359918926159162,QUADRATIC
2026-06-16,2026-12-18,2612,0.5068493150684932,8109.8,0.015,QUADRATIC,19,0.2785748976956531,0.0058117495233514505,0.258958720334137,0.0052275400648911586,QUADRATIC
2026-06-16,2027-03-19,2703,0.7561643835616438,6983.616321040431,0.015,QUADRATIC,18,0.3623035420478031,1.5154717762832235,-9.11884942996042,0.07859377067391751,QUADRATIC
2026-06-17,2026-06-22,2606,0.0136986301369863,8695.0,0.015,QUADRATIC,41,0.2874436537503436,-0.6212507668979448,7.394303771245558,0.06882293156509939,QUADRATIC
2026-06-17,2026-07-17,2607,0.0821917808219178,8612.0,0.015,QUADRATIC,28,0.27905910035630865,-0.08923301523650884,3.5332249212933635,0.0018856267804797057,QUADRATIC
2026-06-17,2026-08-21,2608,0.1780821917808219,8277.471890042321,0.015,QUADRATIC,26,0.30386322384843406,0.37653285224540956,-1.2454413839816418,0.04017945535051252,QUADRATIC
2026-06-17,2026-09-18,2609,0.2547945205479452,8445.0,0.015,QUADRATIC,20,0.2875147149137692,-0.057406238825696176,1.1676855182223687,0.0023335779019243766,QUADRATIC
2026-06-17,2026-12-18,2612,0.5041095890410959,8201.0,0.015,QUADRATIC,19,0.27456720244403426,-0.014882734426012345,0.4539671603455907,0.0025396703652692107,QUADRATIC
2026-06-17,2027-03-19,2703,0.7534246575342466,7035.9568092398695,0.015,QUADRATIC,18,0.3133038568649699,1.8849358500329942,-10.619027650784256,0.07620848212569749,QUADRATIC
2026-06-18,2026-06-22,2606,0.010958904109589041,8766.0,0.015,QUADRATIC,41,0.27562239957262463,-0.7678044560719535,7.5268113424317535,0.08561800444698194,QUADRATIC
2026-06-18,2026-07-17,2607,0.07945205479452055,8679.0,0.015,QUADRATIC,28,0.264178011476029,-0.14805227863095827,3.5344153046829803,0.0012983435708977741,QUADRATIC
2026-06-18,2026-08-21,2608,0.17534246575342466,8347.220480708276,0.015,QUADRATIC,26,0.28771813616136566,0.3444350981539731,1.1339936737808956,0.04014328647002821,QUADRATIC
2026-06-18,2026-09-18,2609,0.25205479452054796,8510.0,0.015,QUADRATIC,20,0.2832071449096257,-0.03393317530557155,1.3438437048630902,0.002243057138592947,QUADRATIC
2026-06-18,2026-12-18,2612,0.5013698630136987,8270.0,0.015,QUADRATIC,19,0.2745533513589967,-0.004898298036049409,0.514118978526721,0.003293758672590959,QUADRATIC
2026-06-18,2027-03-19,2703,0.7506849315068493,7095.244001990276,0.015,QUADRATIC,18,0.3385070199225197,1.8707485330007412,-11.115023870791902,0.07744203391514484,QUADRATIC
2026-06-22,2026-07-17,2607,0.0684931506849315,8706.2,0.015,QUADRATIC,28,0.2738715699388786,-0.07855771548875445,3.301634842189723,0.0050675376280807085,QUADRATIC
2026-06-22,2026-08-21,2608,0.1643835616438356,8463.455181065372,0.015,QUADRATIC,26,0.2799688164354774,0.29260371297940213,2.7184576369423064,0.03184240933369947,QUADRATIC
2026-06-22,2026-09-18,2609,0.2410958904109589,8524.2,0.015,QUADRATIC,20,0.2851306803282764,0.03327598368779977,1.4194849953061335,0.004904305873977796,QUADRATIC
2026-06-22,2026-12-18,2612,0.4904109589041096,8281.0,0.015,QUADRATIC,19,0.2744932560155318,0.025913148894530835,0.5865368071047765,0.0045779390526157725,QUADRATIC
2026-06-22,2027-03-19,2703,0.7397260273972602,7194.044981602335,0.015,QUADRATIC,18,0.3549744524074339,1.576349354151682,-10.099190455223425,0.07009494771787106,QUADRATIC
2026-06-23,2026-07-17,2607,0.06575342465753424,8598.8,0.015,QUADRATIC,28,0.28126630689816096,-0.15503092876150437,2.3117167037708386,0.0019842609749838535,QUADRATIC
2026-06-23,2026-08-21,2608,0.16164383561643836,8515.0,0.015,QUADRATIC,27,0.28030368564337643,-0.09355027474118027,1.556241523948511,0.001476983232170904,QUADRATIC
2026-06-23,2026-09-18,2609,0.23835616438356164,8403.0,0.015,QUADRATIC,30,0.28819855223024854,-0.024789211121473698,1.1567677166497812,0.0024799862917569042,QUADRATIC
2026-06-23,2026-12-18,2612,0.4876712328767123,8156.0,0.015,QUADRATIC,19,0.2797279556067968,-0.0023163432001074846,0.4270044336953398,0.002211300497801321,QUADRATIC
2026-06-23,2027-03-19,2703,0.736986301369863,7048.862255960557,0.015,QUADRATIC,18,0.32001925299121636,1.7938632075276264,-10.123530380308395,0.07568804329064188,QUADRATIC
2026-06-23,2027-06-18,2706,0.9863013698630136,6569.566590288154,0.015,QUADRATIC,11,0.6603845281405681,-1.1475323710352443,2.717447299938699,0.002181360050226998,QUADRATIC
2026-06-24,2026-07-17,2607,0.06301369863013699,8667.6,0.015,QUADRATIC,28,0.27137938009774387,-0.196882463369643,2.294755443386796,0.0026220307497164404,QUADRATIC
2026-06-24,2026-08-21,2608,0.1589041095890411,8568.0,0.015,QUADRATIC,27,0.2735375451106603,-0.09606937039816343,1.5530049188826494,0.002332328258014563,QUADRATIC
2026-06-24,2026-09-18,2609,0.2356164383561644,8472.4,0.015,QUADRATIC,30,0.28377673150546706,-0.023794543224538278,1.308533634749418,0.0037320163954361525,QUADRATIC
2026-06-24,2026-12-18,2612,0.4849315068493151,8221.2,0.015,QUADRATIC,19,0.2762468251904003,0.010672632356217404,0.6370791127479225,0.003938624259590452,QUADRATIC
2026-06-24,2027-03-19,2703,0.7342465753424657,7146.518756568524,0.015,QUADRATIC,18,0.3417891745892723,1.636808019268592,-10.043296038885304,0.07098636547210486,QUADRATIC
2026-06-24,2027-06-18,2706,0.9835616438356164,6660.58282247173,0.015,QUADRATIC,11,0.624413870357677,-0.9743726755125098,2.189345511827166,0.003307738739796002,QUADRATIC
2026-06-25,2026-07-17,2607,0.06027397260273973,8725.8,0.015,QUADRATIC,28,0.2629630606183984,-0.21351244286985782,3.1517126826299364,0.002521292787084678,QUADRATIC
2026-06-25,2026-08-21,2608,0.15616438356164383,8622.6,0.015,QUADRATIC,27,0.2678963681466499,-0.11761189083142243,1.7258151744202295,0.002563630141712991,QUADRATIC
2026-06-25,2026-09-18,2609,0.2328767123287671,8523.8,0.015,QUADRATIC,30,0.2758036499404868,-0.04170908816364671,1.5444440493942524,0.003014981089933114,QUADRATIC
2026-06-25,2026-12-18,2612,0.4821917808219178,8271.2,0.015,QUADRATIC,19,0.2713152720280767,-0.014241112016873558,0.6689206484320586,0.0026742729807562402,QUADRATIC
2026-06-25,2027-03-19,2703,0.7315068493150685,7178.430377151511,0.015,QUADRATIC,18,0.35148590843214966,1.562036253406052,-10.024561533349122,0.0726740242191383,QUADRATIC
2026-06-25,2027-06-18,2706,0.9808219178082191,6690.324574943436,0.015,QUADRATIC,11,0.6075471511742437,-0.8699053029769241,1.7881891247279589,0.0005746977225654833,QUADRATIC
2026-06-26,2026-07-17,2607,0.057534246575342465,8532.6,0.015,QUADRATIC,28,0.2646133881883778,-0.22036122149720372,4.128752924739228,0.0038351297316428063,QUADRATIC
2026-06-26,2026-08-21,2608,0.15342465753424658,8424.6,0.015,QUADRATIC,27,0.2713143066763611,-0.11323444027708862,1.3788663477558898,0.0028509169676672994,QUADRATIC
2026-06-26,2026-09-18,2609,0.23013698630136986,8319.2,0.015,QUADRATIC,30,0.2779790875491446,-0.06975200570762352,1.2509031393586276,0.0029079089110531716,QUADRATIC
2026-06-26,2026-12-18,2612,0.4794520547945205,8066.0,0.015,QUADRATIC,19,0.27414744800613433,-0.03771466900101561,0.42582142903828807,0.003015538674745765,QUADRATIC
2026-06-26,2027-03-19,2703,0.7287671232876712,7001.242067382079,0.015,QUADRATIC,18,0.3042967206339846,1.7784367907351541,-9.829268924277788,0.07903143784304778,QUADRATIC
2026-06-26,2027-06-18,2706,0.9780821917808219,6525.184392346372,0.015,QUADRATIC,11,0.5981452662282208,-0.7779488929268532,1.428053682529042,0.001198690200167657,QUADRATIC
2026-06-29,2026-07-17,2607,0.049315068493150684,8514.2,0.015,QUADRATIC,28,0.26593091302460153,-0.2175752384835672,4.593252384349721,0.005989351690087942,QUADRATIC
2026-06-29,2026-08-21,2608,0.14520547945205478,8405.6,0.015,QUADRATIC,27,0.2716956729769497,-0.15220868900268492,1.640596586003525,0.0015500239967169518,QUADRATIC
2026-06-29,2026-09-18,2609,0.2219178082191781,8308.6,0.015,QUADRATIC,31,0.27907528921372243,-0.060803106592762335,1.2906457773322941,0.002635265334882388,QUADRATIC
2026-06-29,2026-12-18,2612,0.4712328767123288,8051.0,0.015,QUADRATIC,19,0.275620105249931,-0.02389374988495041,0.3225058516758219,0.003092138225718911,QUADRATIC
2026-06-29,2027-03-19,2703,0.7205479452054795,7014.6470574076675,0.015,QUADRATIC,18,0.2991609722222558,1.7022167778151496,-9.440095584300089,0.06813342442202697,QUADRATIC
2026-06-29,2027-06-18,2706,0.9698630136986301,6537.677894335403,0.015,QUADRATIC,12,0.5743819013319418,-0.7066159312869268,1.2315133526828268,0.003355618479697533,QUADRATIC
2026-06-30,2026-07-17,2607,0.04657534246575343,8705.2,0.015,QUADRATIC,28,0.2583079957171729,-0.1505259699049466,5.6543300674693135,0.003665624802369968,QUADRATIC
2026-06-30,2026-08-21,2608,0.14246575342465753,8606.2,0.015,QUADRATIC,27,0.2636340352325352,-0.13460050433463144,2.034969671780768,0.002431114157262622,QUADRATIC
2026-06-30,2026-09-18,2609,0.2191780821917808,8504.2,0.015,QUADRATIC,31,0.27584609302890434,-0.08288914082700527,1.5040218344673955,0.0037117860121402995,QUADRATIC
2026-06-30,2026-12-18,2612,0.4684931506849315,8240.0,0.015,QUADRATIC,19,0.2717924410213693,-0.03123676330781644,0.5350187292957164,0.0039817019104346815,QUADRATIC
2026-06-30,2027-03-19,2703,0.7178082191780822,7847.899236199723,0.015,QUADRATIC,18,0.2825382468517426,0.16615789725078017,-0.6577870027107535,0.017747522610763598,QUADRATIC
2026-06-30,2027-06-18,2706,0.9671232876712329,7538.993948835754,0.015,QUADRATIC,12,0.3541251284917075,-0.35394169805259185,1.3033101291391043,0.004683331243639899,QUADRATIC
2026-07-01,2026-07-17,2607,0.043835616438356165,8727.6,0.015,QUADRATIC,28,0.251974733721988,-0.16553745957699162,6.4679592121943825,0.004042561426004445,QUADRATIC
2026-07-01,2026-08-21,2608,0.13972602739726028,8620.6,0.015,QUADRATIC,27,0.25669055587436207,-0.07453719694495964,2.458614700053673,0.0035547504574787855,QUADRATIC
2026-07-01,2026-09-18,2609,0.21643835616438356,8517.6,0.015,QUADRATIC,31,0.269107809113572,-0.036352890312125075,1.8419989635229537,0.00377615118149736,QUADRATIC
2026-07-01,2026-12-18,2612,0.4657534246575342,8248.0,0.015,QUADRATIC,19,0.26723119849642335,-0.018515349592811703,0.7487619769791849,0.0024283349371020772,QUADRATIC
2026-07-01,2027-03-19,2703,0.7150684931506849,7910.935529512348,0.015,QUADRATIC,18,0.27911297102295085,0.11899201571207227,-0.45428358998012647,0.01609068871138648,QUADRATIC
2026-07-01,2027-06-18,2706,0.9643835616438357,7599.549037470027,0.015,QUADRATIC,12,0.3325148436287256,-0.09544916863061514,-0.2386358685797813,0.004465192612518529,QUADRATIC
2026-07-02,2026-07-17,2607,0.0410958904109589,8570.0,0.015,QUADRATIC,28,0.259686907645301,-0.13106567800825797,7.966232487419123,0.005124027381865431,QUADRATIC
2026-07-02,2026-08-21,2608,0.136986301369863,8473.0,0.015,QUADRATIC,27,0.26545752915120474,-0.08749006376858448,2.0564548435920615,0.0026037673302870268,QUADRATIC
2026-07-02,2026-09-18,2609,0.2136986301369863,8370.2,0.015,QUADRATIC,31,0.2753983807992499,-0.05307417310939777,1.666915702730724,0.002714633182856343,QUADRATIC
2026-07-02,2026-12-18,2612,0.46301369863013697,8109.6,0.015,QUADRATIC,19,0.27139804180409693,-0.027243839420161897,0.5310297033199517,0.002299592326156233,QUADRATIC
2026-07-02,2027-03-19,2703,0.7123287671232876,7690.370485528904,0.015,QUADRATIC,18,0.2897448572033968,0.2667403133959879,-1.8195288030490493,0.025034933811555263,QUADRATIC
2026-07-02,2027-06-18,2706,0.9616438356164384,7387.665770130692,0.015,QUADRATIC,12,0.3377483176057294,0.010889596349189921,-0.7984982509917733,0.006501560646932745,QUADRATIC
2026-07-03,2026-07-17,2607,0.038356164383561646,8567.2,0.015,QUADRATIC,28,0.24593642032068005,-0.12428664781238741,8.68444086529249,0.006586136896889403,QUADRATIC
2026-07-03,2026-08-21,2608,0.13424657534246576,8468.4,0.015,QUADRATIC,27,0.2554024936806357,-0.10522916465542398,2.4195716708842725,0.0019867850049303136,QUADRATIC
2026-07-03,2026-09-18,2609,0.21095890410958903,8373.0,0.015,QUADRATIC,31,0.2698455384005749,-0.05821241902172014,1.7176837483749778,0.0037462122382968042,QUADRATIC
2026-07-03,2026-12-18,2612,0.4602739726027397,8113.4,0.015,QUADRATIC,19,0.2685585058854077,-0.005714972465378498,0.5107774622975562,0.00466653787885604,QUADRATIC
2026-07-03,2027-03-19,2703,0.7095890410958904,7689.710773956314,0.015,QUADRATIC,18,0.2840045128805251,0.2908927989912847,-1.7553575001170914,0.02623575953040705,QUADRATIC
2026-07-03,2027-06-18,2706,0.958904109589041,7387.032025812111,0.015,QUADRATIC,12,0.3578077267480196,-0.23845057313116041,0.48843729033312183,0.003782451821495293,QUADRATIC
2026-07-06,2026-07-17,2607,0.030136986301369864,8458.0,0.015,QUADRATIC,28,0.26641418590134885,-0.10027105247865276,10.816213190597788,0.009343453236948823,QUADRATIC
2026-07-06,2026-08-21,2608,0.12602739726027398,8362.0,0.015,QUADRATIC,27,0.26205295771029824,-0.09302519198435388,1.5646035844254256,0.0015706575150248325,QUADRATIC
2026-07-06,2026-09-18,2609,0.20273972602739726,8265.0,0.015,QUADRATIC,31,0.2699901699719446,-0.047273624966097216,1.6410848224966725,0.002369292720004077,QUADRATIC
2026-07-06,2026-12-18,2612,0.4520547945205479,8013.8,0.015,QUADRATIC,19,0.2702918621664508,-0.010258862755773285,0.462310947781832,0.001677254762579987,QUADRATIC
2026-07-06,2027-03-19,2703,0.7013698630136986,7567.54135130887,0.015,QUADRATIC,18,0.2893886391819948,0.35624927767968967,-2.3278376677505355,0.021755920684287295,QUADRATIC
2026-07-06,2027-06-18,2706,0.9506849315068493,7269.671378032203,0.015,QUADRATIC,12,0.35412522972984506,-0.26355681895950434,0.9156297905171151,0.002459104359337076,QUADRATIC
2026-07-07,2026-07-17,2607,0.0273972602739726,8296.6,0.015,QUADRATIC,28,0.26615690053213636,0.0029274375716923373,12.015861653891495,0.006173632011663591,QUADRATIC
2026-07-07,2026-08-21,2608,0.1232876712328767,8200.0,0.015,QUADRATIC,26,0.2569621489040331,-0.05622688274443821,2.0401702415987497,0.0014634977460356885,QUADRATIC
2026-07-07,2026-09-18,2609,0.2,8115.2,0.015,QUADRATIC,31,0.2616278595777614,-0.026887893014346353,1.812767292825183,0.0018756783705381722,QUADRATIC
2026-07-07,2026-12-18,2612,0.44931506849315067,7870.6,0.015,QUADRATIC,19,0.2651647611138427,0.028475744453920704,0.4765942296328055,0.0037240003683384646,QUADRATIC
2026-07-07,2027-03-19,2703,0.6986301369863014,7418.260057014713,0.015,QUADRATIC,18,0.27227541624635476,0.44505580498210007,-2.331380477134644,0.02421916662296667,QUADRATIC
2026-07-07,2027-06-18,2706,0.947945205479452,7126.266023237791,0.015,QUADRATIC,12,0.3518759045739019,-0.21048292914528494,0.6156115142060197,0.0014479925286964737,QUADRATIC
2026-07-08,2026-07-17,2607,0.024657534246575342,8131.2,0.015,QUADRATIC,28,0.2743409465892417,0.00431429870976463,12.999164783405007,0.005656357996830575,QUADRATIC
2026-07-08,2026-08-21,2608,0.12054794520547946,8046.0,0.015,QUADRATIC,27,0.26589408263704284,-0.014245040734018194,1.3185552116781503,0.002119063579203346,QUADRATIC
2026-07-08,2026-09-18,2609,0.19726027397260273,7974.0,0.015,QUADRATIC,32,0.270552233240423,-0.007920741893046757,1.3879509551232196,0.00337497210285875,QUADRATIC
2026-07-08,2026-12-18,2612,0.4465753424657534,7740.2,0.015,QUADRATIC,19,0.2733899713243682,0.05216458653317843,0.20667568163414735,0.004372112002691337,QUADRATIC
2026-07-08,2027-03-19,2703,0.6958904109589041,7257.09565855512,0.015,QUADRATIC,18,0.2817185353579331,0.6633226827660852,-3.788680582870406,0.028160894469217213,QUADRATIC
2026-07-08,2027-06-18,2706,0.9452054794520548,6971.4453013877755,0.015,QUADRATIC,13,0.37097553102651026,-0.2774395598078395,0.8252438561022373,0.0021736650833989804,QUADRATIC
2026-07-09,2026-07-17,2607,0.021917808219178082,8282.6,0.015,QUADRATIC,28,0.25891172293791986,0.04279364778287986,14.397746861578664,0.007027025977266231,QUADRATIC
2026-07-09,2026-08-21,2608,0.1178082191780822,8207.0,0.015,QUADRATIC,27,0.25868984396764305,-0.06324060995966224,2.1113890951655656,0.0016595987345764426,QUADRATIC
2026-07-09,2026-09-18,2609,0.19452054794520549,8127.4,0.015,QUADRATIC,33,0.2711718004150076,-0.00796297156141268,1.4374201029237916,0.0028353498472771326,QUADRATIC
2026-07-09,2026-12-18,2612,0.4438356164383562,7896.0,0.015,QUADRATIC,19,0.2732851246329076,0.03263064307587095,0.28831125665168134,0.0039871339680836865,QUADRATIC
2026-07-09,2027-03-19,2703,0.6931506849315069,7423.265999510091,0.015,QUADRATIC,18,0.2828375128978503,0.4962474669888369,-2.7883005871324777,0.026948129133122056,QUADRATIC
2026-07-09,2027-06-18,2706,0.9424657534246575,7131.074924199056,0.015,QUADRATIC,14,0.3719088068788811,-0.3557472847041135,1.2295349645548785,0.0054489455098905544,QUADRATIC
2026-07-10,2026-07-17,2607,0.019178082191780823,8186.2,0.015,QUADRATIC,28,0.2548493675645994,-0.11028049271164608,17.066137912409115,0.008491079196256942,QUADRATIC
2026-07-10,2026-08-21,2608,0.11506849315068493,8099.2,0.015,QUADRATIC,27,0.2591191085986443,-0.027203237842975306,1.3067211706479591,0.004047372565137485,QUADRATIC
2026-07-10,2026-09-18,2609,0.1917808219178082,8019.4,0.015,QUADRATIC,33,0.2719075448601003,0.0061965060713747855,1.4183053074317533,0.005307514550214029,QUADRATIC
2026-07-10,2026-12-18,2612,0.4410958904109589,7780.0,0.015,QUADRATIC,19,0.27816524869163156,0.061403713683926664,0.08799994746589318,0.0064522003570508515,QUADRATIC
2026-07-10,2027-03-19,2703,0.6904109589041096,7335.483927078652,0.015,QUADRATIC,18,0.292137121906867,0.5658853604859972,-3.457633982813092,0.02727873243525613,QUADRATIC
2026-07-10,2027-06-18,2706,0.9397260273972603,7046.748088066366,0.015,QUADRATIC,14,0.38694816482942135,-0.36038535966396124,1.1007680232144523,0.0053791928022417015,QUADRATIC
2026-07-13,2026-07-17,2607,0.010958904109589041,7819.0,0.015,QUADRATIC,28,0.42070923487042894,-0.19828250653430568,16.824419485089475,0.008070425076481064,QUADRATIC
2026-07-13,2026-08-21,2608,0.10684931506849316,7750.0,0.015,QUADRATIC,27,0.3043703204472073,0.14586130208355033,0.22600321225052775,0.004207663199599691,QUADRATIC
2026-07-13,2026-09-18,2609,0.18356164383561643,7684.4,0.015,QUADRATIC,33,0.31172984546956195,0.0260675289548723,0.9127869915209139,0.0038192908755605346,QUADRATIC
2026-07-13,2026-12-18,2612,0.4328767123287671,7459.6,0.015,QUADRATIC,19,0.28643850957935063,0.13503817817919708,-0.0444729967696925,0.004370600036705779,QUADRATIC
2026-07-13,2027-03-19,2703,0.6821917808219178,6977.4580788091325,0.015,QUADRATIC,18,0.2960232480643565,0.6375422513065753,-3.1234022217848514,0.02997402909370265,QUADRATIC
2026-07-13,2027-06-18,2706,0.9315068493150684,6702.814683419629,0.015,QUADRATIC,14,0.37690552441489916,-0.21566925476807647,0.8007367716312569,0.003837732383711117,QUADRATIC
2026-07-14,2026-07-17,2607,0.00821917808219178,7914.8,0.015,QUADRATIC,30,0.3610526030823553,-0.18196024768589636,24.41558300149748,0.021333548004501518,QUADRATIC
2026-07-14,2026-08-21,2608,0.10410958904109589,7854.4,0.015,QUADRATIC,29,0.2857418246447323,-0.07897731886709064,2.136056026499419,0.004711193806958085,QUADRATIC
2026-07-14,2026-09-18,2609,0.18082191780821918,7788.0,0.015,QUADRATIC,34,0.2952846281576837,-0.039367882773733404,1.3429284992702986,0.005478887261779835,QUADRATIC
2026-07-14,2026-12-18,2612,0.4301369863013699,7563.4,0.015,QUADRATIC,19,0.2853062532328851,0.09721401220796878,-0.0926790726347044,0.005336940499121821,QUADRATIC
2026-07-14,2027-03-19,2703,0.6794520547945205,7422.040154081736,0.015,QUADRATIC,18,0.2765159684088454,0.07651075449479006,0.022786933589833674,0.0034479843300014063,QUADRATIC
2026-07-14,2027-06-18,2706,0.9287671232876712,7245.5603472340745,0.015,QUADRATIC,15,0.27302713752854907,0.06127883683443107,0.05166536631308832,0.00431826959314984,QUADRATIC
2026-07-15,2026-07-17,2607,0.005479452054794521,7835.0,0.015,QUADRATIC,30,0.38828952436981934,-0.07928483962296529,28.04547722231482,0.02481679694038126,QUADRATIC
2026-07-15,2026-08-21,2608,0.10136986301369863,7780.4,0.015,QUADRATIC,29,0.29709896954816817,-0.12110539108202431,2.1452001138485874,0.0033658873297323553,QUADRATIC
2026-07-15,2026-09-18,2609,0.1780821917808219,7723.2,0.015,QUADRATIC,34,0.30254616397814454,-0.061534200725577234,1.2560561073769636,0.0023815935678290125,QUADRATIC
2026-07-15,2026-12-18,2612,0.4273972602739726,7499.2,0.015,QUADRATIC,19,0.2870673137172344,0.05647608911386208,0.12961367675869612,0.0025615637732234477,QUADRATIC
2026-07-15,2027-03-19,2703,0.6767123287671233,7323.495543767436,0.015,QUADRATIC,18,0.2801307597927675,0.10018255153730912,-0.24249673504050573,0.004197199698646216,QUADRATIC
2026-07-15,2027-06-18,2706,0.9260273972602739,7149.358911226718,0.015,QUADRATIC,15,0.2775327799515641,0.09221189933179158,-0.25433925593199236,0.005083504097847141,QUADRATIC
2026-07-16,2026-07-17,2607,0.0027397260273972603,7655.0,0.015,QUADRATIC,30,0.4702699680739574,0.5482328705520745,33.410420516428935,0.054528284711411794,QUADRATIC
2026-07-16,2026-08-21,2608,0.09863013698630137,7599.6,0.015,QUADRATIC,29,0.3213148279229224,-0.047483779908941544,1.4588178257390838,0.005925862055100817,QUADRATIC
2026-07-16,2026-09-18,2609,0.17534246575342466,7552.6,0.015,QUADRATIC,34,0.3157389041766959,-0.012111459089575616,1.1785145328859277,0.0035295247230332483,QUADRATIC
2026-07-16,2026-12-18,2612,0.4246575342465753,7347.0,0.015,QUADRATIC,19,0.29167745348004626,0.08406329397854628,0.14042949412992792,0.003658009983029573,QUADRATIC
2026-07-16,2027-03-19,2703,0.673972602739726,7151.082795159027,0.015,QUADRATIC,18,0.28273634887417304,0.16984059318604006,-0.45316511604423154,0.0048187779662673446,QUADRATIC
2026-07-16,2027-06-18,2706,0.9232876712328767,6981.04575894773,0.015,QUADRATIC,15,0.29679101580393236,-0.08119569276419464,0.7395088040639486,0.004517560165608648,QUADRATIC
2026-07-17,2026-08-21,2608,0.0958904109589041,7118.8,0.015,QUADRATIC,31,0.3643041683230445,0.12933661193549928,1.0624628666844018,0.004978082966651358,QUADRATIC
2026-07-17,2026-09-18,2609,0.1726027397260274,7065.2,0.015,QUADRATIC,35,0.34310167950551884,0.16089532483608193,0.7170084929998398,0.003824622899089386,QUADRATIC
2026-07-17,2026-12-18,2612,0.42191780821917807,6866.0,0.015,QUADRATIC,19,0.29479195624119464,0.23869698030526723,-0.1721378203193455,0.0039038325862724692,QUADRATIC
2026-07-17,2027-03-19,2703,0.6712328767123288,6718.302810049557,0.015,QUADRATIC,18,0.2796672934759842,0.19573071259459573,-0.16429289207049064,0.006339912390756322,QUADRATIC
2026-07-17,2027-06-18,2706,0.9205479452054794,6558.556330961916,0.015,QUADRATIC,16,0.29023409004925316,-0.023796661132112103,0.6498858076419545,0.0028575737919345236,QUADRATIC
2026-07-20,2026-08-21,2608,0.08767123287671233,6910.0,0.015,QUADRATIC,35,0.4532305906092736,-0.07544778867711763,0.9235069788320042,0.008599358905234054,QUADRATIC
2026-07-20,2026-09-18,2609,0.1643835616438356,6849.8,0.015,QUADRATIC,37,0.3995203275517996,0.06862155509774426,0.44139481179606577,0.005255370842218303,QUADRATIC
2026-07-20,2026-10-16,2610,0.2410958904109589,6805.151120149421,0.015,QUADRATIC,16,0.36023035092041045,-0.124323199168128,1.5339323378039569,0.008320921534188695,QUADRATIC
2026-07-20,2026-12-18,2612,0.4136986301369863,6650.6,0.015,QUADRATIC,19,0.3272573926685597,0.1575573296263357,-0.04758560891375185,0.0051985387201496725,QUADRATIC
2026-07-20,2027-03-19,2703,0.663013698630137,6489.8,0.015,QUADRATIC,19,0.29551791389866117,0.10425104558796097,0.15488086620008581,0.008357086852267001,QUADRATIC
2026-07-20,2027-06-18,2706,0.9123287671232877,6378.221546319765,0.015,QUADRATIC,18,0.29340624700237106,-0.051944629763818646,0.6574223505596993,0.004357832625473772,QUADRATIC
2026-07-21,2026-08-21,2608,0.08493150684931507,7220.0,0.015,QUADRATIC,37,0.3553909093045409,-0.2779956330023054,3.4450904390748645,0.008813716270122741,QUADRATIC
2026-07-21,2026-09-18,2609,0.16164383561643836,7164.4,0.015,QUADRATIC,38,0.345855042459894,-0.08940225194326706,1.589376782336129,0.0041959775842377025,QUADRATIC
2026-07-21,2026-10-16,2610,0.23835616438356164,7094.740291365213,0.015,QUADRATIC,18,0.32112537736960495,0.021172529182513333,1.471070010826259,0.006341609293535922,QUADRATIC
2026-07-21,2026-12-18,2612,0.410958904109589,6971.4,0.015,QUADRATIC,20,0.30268545808635244,0.05710085535823482,0.32406022515652205,0.004974552990894215,QUADRATIC
2026-07-21,2027-03-19,2703,0.6602739726027397,6800.4,0.015,QUADRATIC,20,0.2820571393969762,0.01029050959378236,0.5255430762569256,0.0054655047802948725,QUADRATIC
2026-07-21,2027-06-18,2706,0.9095890410958904,6649.642982643268,0.015,QUADRATIC,19,0.26747271349202806,0.14542750291273307,-0.29597036363454116,0.00691955310301861,QUADRATIC
2026-07-22,2026-08-21,2608,0.0821917808219178,7091.2,0.015,QUADRATIC,37,0.32490920525842276,-0.32506851675803994,4.462998630990505,0.011150568460514486,QUADRATIC
2026-07-22,2026-09-18,2609,0.1589041095890411,7028.8,0.015,QUADRATIC,38,0.3122029268048949,-0.19312778350741533,2.6327720086353583,0.0027179644387103235,QUADRATIC
2026-07-22,2026-10-16,2610,0.2356164383561644,6997.789317990064,0.015,QUADRATIC,19,0.2937044695251551,-0.11384662404668888,1.9162716714826802,0.0020226594798473966,QUADRATIC
2026-07-22,2026-12-18,2612,0.40821917808219177,6828.0,0.015,QUADRATIC,20,0.28404122868522524,0.021344820620946003,0.654867154705942,0.0051315161741968965,QUADRATIC
2026-07-22,2027-03-19,2703,0.6575342465753424,6662.2,0.015,QUADRATIC,20,0.27033463782076866,-0.012831580748488697,0.6819951555515176,0.0053995324135481795,QUADRATIC
2026-07-22,2027-06-18,2706,0.9068493150684932,6558.774348515938,0.015,QUADRATIC,19,0.2622165226448121,0.06921024439192706,0.092343848347586,0.004751196208283205,QUADRATIC
2026-07-23,2026-08-21,2608,0.07945205479452055,7136.4,0.015,QUADRATIC,37,0.2952600713360062,-0.17122530311272544,4.243265496684802,0.00830776528507173,QUADRATIC
2026-07-23,2026-09-18,2609,0.15616438356164383,7071.6,0.015,QUADRATIC,38,0.29485201305769765,-0.08964336525422893,2.185592562133317,0.0030651257992388536,QUADRATIC
2026-07-23,2026-10-16,2610,0.2328767123287671,7035.561050091974,0.015,QUADRATIC,19,0.280671470657187,-0.09873147130536897,2.0965689466811894,0.004366613062375735,QUADRATIC
2026-07-23,2026-12-18,2612,0.4054794520547945,6876.4,0.015,QUADRATIC,20,0.27405664410080866,0.025949287533450716,0.7063153758983501,0.004268267112823152,QUADRATIC
2026-07-23,2027-03-19,2703,0.6547945205479452,6699.0,0.015,QUADRATIC,20,0.26358835093925587,0.02244344020197471,0.5541918953235305,0.004955862309644369,QUADRATIC
2026-07-23,2027-06-18,2706,0.9041095890410958,6594.176424278942,0.015,QUADRATIC,19,0.2522558836826411,0.05265204079978292,0.2544654403519114,0.0032661852631615104,QUADRATIC
2026-07-24,2026-08-21,2608,0.07671232876712329,6944.4,0.015,QUADRATIC,37,0.3217668883325296,-0.2527995917049924,4.664882943346285,0.006668616052749803,QUADRATIC
2026-07-24,2026-09-18,2609,0.15342465753424658,6880.2,0.015,QUADRATIC,38,0.3133964524014079,-0.13303690422985456,2.258746757657187,0.0036612662710875936,QUADRATIC
2026-07-24,2026-10-16,2610,0.23013698630136986,6842.004807204403,0.015,QUADRATIC,19,0.29305985515670824,-0.0894708004914723,2.07379478884157,0.004140250412769883,QUADRATIC
2026-07-24,2026-12-18,2612,0.40273972602739727,6685.0,0.015,QUADRATIC,20,0.2838346741105253,0.01836738129947718,0.7348348392067998,0.004556306965528101,QUADRATIC
2026-07-24,2027-03-19,2703,0.6520547945205479,6512.6,0.015,QUADRATIC,20,0.27537474146786917,-0.01671856187044489,0.6526544106869483,0.0055486809540135195,QUADRATIC
2026-07-24,2027-06-18,2706,0.9013698630136986,6412.763171727528,0.015,QUADRATIC,19,0.26458913351941704,0.06825129672685737,0.0955233059777543,0.007105829512056684,QUADRATIC
2026-07-27,2026-08-21,2608,0.0684931506849315,7207.8,0.015,QUADRATIC,37,0.3052379166358455,-0.10660479099633763,4.737084684569611,0.005194877082947623,QUADRATIC
2026-07-27,2026-09-18,2609,0.14520547945205478,7148.8,0.015,QUADRATIC,38,0.3003833644241241,-0.11488176893145488,2.807023918825351,0.0023162853294290027,QUADRATIC
2026-07-27,2026-10-16,2610,0.2219178082191781,7075.5866407743815,0.015,QUADRATIC,19,0.2786970722598248,-0.03435995569605854,2.7884595203712785,0.005858059861475512,QUADRATIC
2026-07-27,2026-12-18,2612,0.39452054794520547,6951.0,0.015,QUADRATIC,20,0.2762490250260357,-0.005947856911282662,0.9875601707636863,0.0031650984122079274,QUADRATIC
2026-07-27,2027-03-19,2703,0.6438356164383562,6771.8,0.015,QUADRATIC,20,0.27037550337464905,-0.04490165170417216,0.7501562165925101,0.004926585314509942,QUADRATIC
2026-07-27,2027-06-18,2706,0.8931506849315068,6631.690960016262,0.015,QUADRATIC,19,0.26384800204828146,0.06337744621489047,-0.03436716968514599,0.006724482537395223,QUADRATIC
2026-07-28,2026-08-21,2608,0.06575342465753424,7001.4,0.015,QUADRATIC,37,0.338347130741833,-0.23175731388922202,4.7874693171021665,0.0048061405831553395,QUADRATIC
2026-07-28,2026-09-18,2609,0.14246575342465753,6943.2,0.015,QUADRATIC,38,0.3279223860149667,-0.19599788825389006,2.5719608655888435,0.002619207361183642,QUADRATIC
2026-07-28,2026-10-16,2610,0.2191780821917808,6898.8743124271605,0.015,QUADRATIC,19,0.30293437809962787,-0.20221345832593404,2.8242787495530495,0.004122270086376122,QUADRATIC
2026-07-28,2026-12-18,2612,0.3917808219178082,6754.6,0.015,QUADRATIC,20,0.294762634954961,-0.06708089959485125,0.965778024195911,0.0023602694330132875,QUADRATIC
2026-07-28,2027-03-19,2703,0.6410958904109589,6586.0,0.015,QUADRATIC,20,0.284376462055789,-0.10307873100216204,0.8694237017619005,0.0033727423438733024,QUADRATIC
2026-07-28,2027-06-18,2706,0.8904109589041096,6522.898344888222,0.015,QUADRATIC,19,0.2753304349484748,-0.07024126408549686,0.5352668455612568,0.0028617884726042865,QUADRATIC
2026-07-29,2026-08-21,2608,0.06301369863013699,7090.2,0.015,QUADRATIC,37,0.3517105612637511,-0.20930427796990458,4.371911049991743,0.005251264343766107,QUADRATIC
2026-07-29,2026-09-18,2609,0.13972602739726028,7047.2,0.015,QUADRATIC,38,0.3362474042135116,-0.17861209606139794,2.3931637650716078,0.002548638782114968,QUADRATIC
2026-07-29,2026-10-16,2610,0.21643835616438356,6968.128674219178,0.015,QUADRATIC,19,0.30597282991352426,-0.1080607057174314,2.051792464656931,0.007564426852137431,QUADRATIC
2026-07-29,2026-12-18,2612,0.38904109589041097,6883.0,0.015,QUADRATIC,20,0.2903607503165512,-0.10283625685016357,1.1827193667536253,0.0017917922571319218,QUADRATIC
2026-07-29,2027-03-19,2703,0.6383561643835617,6715.6,0.015,QUADRATIC,20,0.27882723163279366,-0.10454494068327641,0.9341876025806337,0.0022311854056189873,QUADRATIC
2026-07-29,2027-06-18,2706,0.8876712328767123,6588.378471275756,0.015,QUADRATIC,19,0.27345064116169526,-0.0014662109739209325,0.13960499820061473,0.0041680512860195725,QUADRATIC
