"CODE","DAY","CCY","PRECLOSE","OPEN","HIGH","LOW","CLOSE","CHANGE","PCTCHANGE","VOLUME","AMOUNT","ADJPRECLOSE","ADJOPEN","ADJHIGH","ADJLOW","ADJCLOSE","ADJFACTOR","AVGPRICE","TRADESTATUS","TRADESTATUSCODE","LIMIT","STOPPING","PRESETTLE","SETTLE","OI","FS_INFO_TYPE","OPDATE","SOURCE","OICHANGE","DIRTYPRICE","NETPRICE","NAV","ADJNAV","NAV_ADJFACTOR","ROOT","BID","ASK","MID","FIRST_NOTICE_DAY","LAST_TRADING_DAY","PREHALFH_AVG_PRICE","ADJ_FACTOR_NET","ADJ_CLOSE_NET","DELTA","GAMMA","VEGA","THETA","RHO"
IM2703.CFE,"2026-07-20",,,6800,6857.8,6300,6489.8,-440.6,,12521,1651853.904,,,,,,,,,,,,6930.4,6433.2,11330,"2",2026-07-23 17:30:59,CINDEXFUTURESEODPRICES,,,,,,,IM,,,,,,,,,,,,,
IM2703.CFE,"2026-07-21",,,6540,6814.6,6308.8,6800.4,367.2,,14747,1949661.792,,,,,,,,,,,,6433.2,6772.8,14479,"2",2026-07-24 17:30:59,CINDEXFUTURESEODPRICES,,,,,,,IM,,,,,,,,,,,,,
IM2703.CFE,"2026-07-22",,,6784.6,6838,6623,6662.2,-110.6,,13317,1790804.328,,,,,,,,,,,,6772.8,6660.2,17861,"2",2026-07-24 17:30:59,CINDEXFUTURESEODPRICES,,,,,,,IM,,,,,,,,,,,,,
IM2703.CFE,"2026-07-23",,,6675,6785.6,6632.2,6699,38.8,,11041,1480532.88,,,,,,,,,,,,6660.2,6693.6,19433,"2",2026-07-26 17:30:39,CINDEXFUTURESEODPRICES,,,,,,,IM,,,,,,,,,,,,,
IM2703.CFE,"2026-07-24",,,6650,6682.6,6494.4,6512.6,-181,,13185,1731920.808,,,,,,,,,,,,6693.6,6526,22597,"2",2026-07-27 17:30:53,CINDEXFUTURESEODPRICES,,,,,,,IM,,,,,,,,,,,,,
IM2703.CFE,"2026-07-27",,,6511,6775,6510,6771.8,245.8,,11242,1498383.452,,,,,,,,,,,,6526,6727.8,23770,"2",2026-07-29 17:30:55,CINDEXFUTURESEODPRICES,,,,,,,IM,,,,,,,,,,,,,
IM2703.CFE,"2026-07-28",,,6694,6699.8,6525,6586,-141.8,,12222,1613778.476,,,,,,,,,,,,6727.8,6558,26213,"2",2026-07-29 17:30:55,CINDEXFUTURESEODPRICES,,,,,,,IM,,,,,,,,,,,,,
IM2703.CFE,"2026-07-29",,,6600.2,6734.2,6473.8,6715.6,157.6,,14832,1959289.76,,,,,,,,,,,,6558,6687,29541,"2",2026-07-29 17:30:55,CINDEXFUTURESEODPRICES,,,,,,,IM,,,,,,,,,,,,,
IM2606.CFE,"2026-06-01",,,8355,8450,8294.2,8305.8,-11.4,,185978,31109043.292,,,,,,,,,,,,8317.2,8316,219745,"2",2026-06-04 17:31:16,CINDEXFUTURESEODPRICES,,,,,,,IM,,,,,,,,,,,,,
IM2606.CFE,"2026-06-02",,,8343.8,8395,8190,8324.6,8.6,,175916,29215504.848,,,,,,,,,,,,8316,8337,210218,"2",2026-06-05 17:31:55,CINDEXFUTURESEODPRICES,,,,,,,IM,,,,,,,,,,,,,
IM2606.CFE,"2026-06-03",,,8330.2,8493.4,8300.4,8368.4,31.4,,172909,29086869.416,,,,,,,,,,,,8337,8359.4,201325,"2",2026-06-06 17:31:19,CINDEXFUTURESEODPRICES,,,,,,,IM,,,,,,,,,,,,,
IM2606.CFE,"2026-06-04",,,8320,8400,8306.4,8354.8,-4.6,,131965,22063901.76,,,,,,,,,,,,8359.4,8350.6,191874,"2",2026-06-07 17:30:57,CINDEXFUTURESEODPRICES,,,,,,,IM,,,,,,,,,,,,,
IM2606.CFE,"2026-06-05",,,8305,8444.6,8240,8291.8,-58.8,,181451,30252532.944,,,,,,,,,,,,8350.6,8298.6,200773,"2",2026-06-08 17:31:47,CINDEXFUTURESEODPRICES,,,,,,,IM,,,,,,,,,,,,,
IM2606.CFE,"2026-06-08",,,8117.8,8222,7962,8072.8,-225.8,,200287,32494258.34,,,,,,,,,,,,8298.6,8046.4,201883,"2",2026-06-11 17:30:58,CINDEXFUTURESEODPRICES,,,,,,,IM,,,,,,,,,,,,,
IM2606.CFE,"2026-06-09",,,8120,8261.6,8065,8233.4,187,,160340,26153309.232,,,,,,,,,,,,8046.4,8237.2,177843,"2",2026-06-12 17:31:00,CINDEXFUTURESEODPRICES,,,,,,,IM,,,,,,,,,,,,,
IM2606.CFE,"2026-06-10",,,8190,8214.8,8053,8162.2,-75,,154308,25101086.816,,,,,,,,,,,,8237.2,8147,177936,"2",2026-06-13 17:30:43,CINDEXFUTURESEODPRICES,,,,,,,IM,,,,,,,,,,,,,
IM2606.CFE,"2026-06-11",,,8145,8194.4,8048,8126.4,-20.6,,149516,24243900.404,,,,,,,,,,,,8147,8094.8,171821,"2",2026-06-14 17:30:36,CINDEXFUTURESEODPRICES,,,,,,,IM,,,,,,,,,,,,,
IM2606.CFE,"2026-06-12",,,8250,8323.8,8165.2,8196.8,102,,146950,24220362.196,,,,,,,,,,,,8094.8,8191.8,158171,"2",2026-06-15 17:30:40,CINDEXFUTURESEODPRICES,,,,,,,IM,,,,,,,,,,,,,
IM2606.CFE,"2026-06-15",,,8292,8480.6,8285,8475.2,283.4,,134896,22677054.752,,,,,,,,,,,,8191.8,8453.4,137607,"2",2026-06-18 17:31:00,CINDEXFUTURESEODPRICES,,,,,,,IM,,,,,,,,,,,,,
IM2606.CFE,"2026-06-16",,,8471.8,8645,8447,8602.4,149,,124372,21306409.004,,,,,,,,,,,,8453.4,8609.6,116720,"2",2026-06-19 17:30:43,CINDEXFUTURESEODPRICES,,,,,,,IM,,,,,,,,,,,,,
IM2606.CFE,"2026-06-17",,,8570,8696,8570,8695,85.4,,98806,17063379.844,,,,,,,,,,,,8609.6,8660.8,86061,"2",2026-06-20 17:30:36,CINDEXFUTURESEODPRICES,,,,,,,IM,,,,,,,,,,,,,
IM2606.CFE,"2026-06-18",,,8666.8,8788,8646.6,8766,105.2,,78697,13737427.1,,,,,,,,,,,,8660.8,8759.8,57977,"2",2026-06-21 17:30:31,CINDEXFUTURESEODPRICES,,,,,,,IM,,,,,,,,,,,,,
IM2606.CFE,"2026-06-22",,,8790,8802.4,8620.4,8774.2,14.4,,44990,7842914.288,,,,,,,,,,,,8759.8,8774.84,0,"2",2026-06-25 17:30:55,CINDEXFUTURESEODPRICES,,,,,,,IM,,,,,,,,,,,,,
IM2607.CFE,"2026-06-01",,,8270,8375.6,8222.8,8235.2,-7.6,,10555,1749736.772,,,,,,,,,,,,8242.8,8244.4,16869,"2",2026-06-04 17:31:16,CINDEXFUTURESEODPRICES,,,,,,,IM,,,,,,,,,,,,,
IM2607.CFE,"2026-06-02",,,8260,8324,8124.2,8256,11.6,,10282,1692566.036,,,,,,,,,,,,8244.4,8268.2,18175,"2",2026-06-05 17:31:55,CINDEXFUTURESEODPRICES,,,,,,,IM,,,,,,,,,,,,,
IM2607.CFE,"2026-06-03",,,8272,8420,8229.8,8295.8,27.6,,9928,1656028.228,,,,,,,,,,,,8268.2,8290,19319,"2",2026-06-06 17:31:19,CINDEXFUTURESEODPRICES,,,,,,,IM,,,,,,,,,,,,,
IM2607.CFE,"2026-06-04",,,8222,8327,8222,8284,-6,,7967,1320661.792,,,,,,,,,,,,8290,8279.2,19932,"2",2026-06-07 17:30:57,CINDEXFUTURESEODPRICES,,,,,,,IM,,,,,,,,,,,,,
IM2607.CFE,"2026-06-05",,,8245.8,8372,8169.4,8214,-65.2,,10182,1680802.652,,,,,,,,,,,,8279.2,8219.2,21017,"2",2026-06-08 17:31:47,CINDEXFUTURESEODPRICES,,,,,,,IM,,,,,,,,,,,,,
IM2607.CFE,"2026-06-08",,,8000,8149,7889.6,8000.6,-218.6,,15010,2414527.644,,,,,,,,,,,,8219.2,7976.6,25314,"2",2026-06-11 17:30:58,CINDEXFUTURESEODPRICES,,,,,,,IM,,,,,,,,,,,,,
IM2607.CFE,"2026-06-09",,,8100.2,8173.2,7992,8153.8,177.2,,16083,2599335.784,,,,,,,,,,,,7976.6,8152.6,28211,"2",2026-06-12 17:31:00,CINDEXFUTURESEODPRICES,,,,,,,IM,,,,,,,,,,,,,
IM2607.CFE,"2026-06-10",,,8102.8,8134,7970.8,8080.2,-72.4,,13513,2175079.588,,,,,,,,,,,,8152.6,8062.4,29492,"2",2026-06-13 17:30:43,CINDEXFUTURESEODPRICES,,,,,,,IM,,,,,,,,,,,,,
IM2607.CFE,"2026-06-11",,,8055,8114.6,7975,8049,-13.4,,12505,2008279.008,,,,,,,,,,,,8062.4,8019.4,30546,"2",2026-06-14 17:30:36,CINDEXFUTURESEODPRICES,,,,,,,IM,,,,,,,,,,,,,
IM2607.CFE,"2026-06-12",,,8178,8243.4,8093,8122.8,103.4,,15891,2595420.22,,,,,,,,,,,,8019.4,8118.8,33949,"2",2026-06-15 17:30:40,CINDEXFUTURESEODPRICES,,,,,,,IM,,,,,,,,,,,,,
IM2607.CFE,"2026-06-15",,,8178,8407.4,8178,8403.4,284.6,,23151,3859561.616,,,,,,,,,,,,8118.8,8376,40710,"2",2026-06-18 17:31:00,CINDEXFUTURESEODPRICES,,,,,,,IM,,,,,,,,,,,,,
IM2607.CFE,"2026-06-16",,,8393,8557,8372.8,8523.8,147.8,,25572,4343224.616,,,,,,,,,,,,8376,8525.2,46919,"2",2026-06-19 17:30:43,CINDEXFUTURESEODPRICES,,,,,,,IM,,,,,,,,,,,,,
IM2607.CFE,"2026-06-17",,,8490,8613,8490,8612,86.8,,29920,5120798.656,,,,,,,,,,,,8525.2,8580,56723,"2",2026-06-20 17:30:36,CINDEXFUTURESEODPRICES,,,,,,,IM,,,,,,,,,,,,,
IM2607.CFE,"2026-06-18",,,8592,8694.8,8576.8,8679,99,,40021,6921867.38,,,,,,,,,,,,8580,8667.6,69030,"2",2026-06-21 17:30:31,CINDEXFUTURESEODPRICES,,,,,,,IM,,,,,,,,,,,,,
IM2607.CFE,"2026-06-22",,,8720,8739.8,8533.4,8706.2,38.6,,64293,11097862.612,,,,,,,,,,,,8667.6,8700,88681,"2",2026-06-25 17:30:55,CINDEXFUTURESEODPRICES,,,,,,,IM,,,,,,,,,,,,,
IM2607.CFE,"2026-06-23",,,8699,8733,8532.6,8598.8,-101.2,,65773,11370750.708,,,,,,,,,,,,8700,8571.2,87883,"2",2026-06-26 17:30:55,CINDEXFUTURESEODPRICES,,,,,,,IM,,,,,,,,,,,,,
IM2607.CFE,"2026-06-24",,,8575,8703.8,8522,8667.6,96.4,,59625,10277979.544,,,,,,,,,,,,8571.2,8676.4,89622,"2",2026-06-26 17:30:55,CINDEXFUTURESEODPRICES,,,,,,,IM,,,,,,,,,,,,,
IM2607.CFE,"2026-06-25",,,8700,8763,8630.2,8725.8,49.4,,51012,8873004.82,,,,,,,,,,,,8676.4,8716,84690,"2",2026-06-28 17:30:36,CINDEXFUTURESEODPRICES,,,,,,,IM,,,,,,,,,,,,,
IM2607.CFE,"2026-06-26",,,8678,8694.2,8468.8,8532.6,-183.4,,63441,10874745.492,,,,,,,,,,,,8716,8539.8,90290,"2",2026-06-29 17:30:39,CINDEXFUTURESEODPRICES,,,,,,,IM,,,,,,,,,,,,,
IM2607.CFE,"2026-06-29",,,8549.8,8602,8346.2,8514.2,-25.6,,69358,11740385.092,,,,,,,,,,,,8539.8,8489,92014,"2",2026-07-02 17:30:57,CINDEXFUTURESEODPRICES,,,,,,,IM,,,,,,,,,,,,,
IM2607.CFE,"2026-06-30",,,8500.8,8726.8,8474,8705.2,216.2,,55195,9511071.048,,,,,,,,,,,,8489,8689.6,84586,"2",2026-07-03 17:31:00,CINDEXFUTURESEODPRICES,,,,,,,IM,,,,,,,,,,,,,
IM2607.CFE,"2026-07-01",,,8711.6,8837,8688.2,8727.6,38,,58982,10348116.86,,,,,,,,,,,,8689.6,8734.2,83049,"2",2026-07-04 17:30:45,CINDEXFUTURESEODPRICES,,,,,,,IM,,,,,,,,,,,,,
IM2607.CFE,"2026-07-02",,,8640,8766.6,8545.2,8570,-164.2,,63818,11048508.816,,,,,,,,,,,,8734.2,8593,85425,"2",2026-07-05 17:30:35,CINDEXFUTURESEODPRICES,,,,,,,IM,,,,,,,,,,,,,
IM2607.CFE,"2026-07-03",,,8599,8671.6,8525,8567.2,-25.8,,55429,9529337,,,,,,,,,,,,8593,8595.2,81093,"2",2026-07-06 17:30:44,CINDEXFUTURESEODPRICES,,,,,,,IM,,,,,,,,,,,,,
IM2607.CFE,"2026-07-06",,,8610.4,8617.6,8406,8458,-137.2,,61221,10401100.284,,,,,,,,,,,,8595.2,8448.2,84489,"2",2026-07-09 17:30:58,CINDEXFUTURESEODPRICES,,,,,,,IM,,,,,,,,,,,,,
IM2607.CFE,"2026-07-07",,,8425,8464.8,8248.6,8296.6,-151.6,,61212,10201367.288,,,,,,,,,,,,8448.2,8281.6,83883,"2",2026-07-10 17:30:54,CINDEXFUTURESEODPRICES,,,,,,,IM,,,,,,,,,,,,,
IM2607.CFE,"2026-07-08",,,8316.8,8328.2,8125,8131.2,-150.4,,68781,11267297.964,,,,,,,,,,,,8281.6,8151.8,91392,"2",2026-07-11 17:30:45,CINDEXFUTURESEODPRICES,,,,,,,IM,,,,,,,,,,,,,
IM2607.CFE,"2026-07-09",,,8191,8297.8,7994.4,8282.6,130.8,,73965,12046134.688,,,,,,,,,,,,8151.8,8243.2,85247,"2",2026-07-12 17:30:36,CINDEXFUTURESEODPRICES,,,,,,,IM,,,,,,,,,,,,,
IM2607.CFE,"2026-07-10",,,8297,8417,8182,8186.2,-57,,60933,10161882.684,,,,,,,,,,,,8243.2,8254.2,78685,"2",2026-07-13 16:30:42,CINDEXFUTURESEODPRICES,,,,,,,IM,,,,,,,,,,,,,
IM2607.CFE,"2026-07-13",,,8137,8183.8,7788.4,7819,-435.2,,76815,12231859.408,,,,,,,,,,,,8254.2,7819.4,81930,"2",2026-07-16 17:30:54,CINDEXFUTURESEODPRICES,,,,,,,IM,,,,,,,,,,,,,
IM2607.CFE,"2026-07-14",,,7835,7934,7684,7914.8,95.4,,75103,11747983.592,,,,,,,,,,,,7819.4,7893.4,75403,"2",2026-07-17 17:30:56,CINDEXFUTURESEODPRICES,,,,,,,IM,,,,,,,,,,,,,
IM2607.CFE,"2026-07-15",,,7958.2,7978,7793.6,7835,-58.4,,57559,9076454.076,,,,,,,,,,,,7893.4,7825,58810,"2",2026-07-18 17:30:42,CINDEXFUTURESEODPRICES,,,,,,,IM,,,,,,,,,,,,,
IM2607.CFE,"2026-07-16",,,7734,7861.6,7610.6,7655,-170,,54531,8442758.184,,,,,,,,,,,,7825,7658.2,43395,"2",2026-07-19 17:30:36,CINDEXFUTURESEODPRICES,,,,,,,IM,,,,,,,,,,,,,
IM2607.CFE,"2026-07-17",,,7620,7637.8,7203.8,7265.4,-392.8,,39448,5876477.636,,,,,,,,,,,,7658.2,7265.9,0,"2",2026-07-20 17:30:43,CINDEXFUTURESEODPRICES,,,,,,,IM,,,,,,,,,,,,,
IM2608.CFE,"2026-06-23",,,8590.8,8638,8436.8,8515,-185,,8726,1492282.372,,,,,,,,,,,,8700,8490.4,8503,"2",2026-06-26 17:30:55,CINDEXFUTURESEODPRICES,,,,,,,IM,,,,,,,,,,,,,
IM2608.CFE,"2026-06-24",,,8504.4,8611.2,8441,8568,77.6,,8861,1510405.516,,,,,,,,,,,,8490.4,8577,9852,"2",2026-06-26 17:30:55,CINDEXFUTURESEODPRICES,,,,,,,IM,,,,,,,,,,,,,
IM2608.CFE,"2026-06-25",,,8577.2,8661.2,8526.4,8622.6,45.6,,8079,1388900.064,,,,,,,,,,,,8577,8616.8,12624,"2",2026-06-28 17:30:36,CINDEXFUTURESEODPRICES,,,,,,,IM,,,,,,,,,,,,,
IM2608.CFE,"2026-06-26",,,8582.8,8591.2,8362,8424.6,-192.2,,9481,1604592.14,,,,,,,,,,,,8616.8,8427.4,13004,"2",2026-06-29 17:30:39,CINDEXFUTURESEODPRICES,,,,,,,IM,,,,,,,,,,,,,
IM2608.CFE,"2026-06-29",,,8447.8,8494.2,8246,8405.6,-21.8,,7738,1295282.752,,,,,,,,,,,,8427.4,8385.6,13904,"2",2026-07-02 17:30:57,CINDEXFUTURESEODPRICES,,,,,,,IM,,,,,,,,,,,,,
IM2608.CFE,"2026-06-30",,,8381,8619.8,8372.6,8606.2,220.6,,6575,1118973.372,,,,,,,,,,,,8385.6,8585.4,13883,"2",2026-07-03 17:31:00,CINDEXFUTURESEODPRICES,,,,,,,IM,,,,,,,,,,,,,
IM2608.CFE,"2026-07-01",,,8606.2,8729.6,8582,8620.6,35.2,,9191,1594047.28,,,,,,,,,,,,8585.4,8628,16610,"2",2026-07-04 17:30:45,CINDEXFUTURESEODPRICES,,,,,,,IM,,,,,,,,,,,,,
IM2608.CFE,"2026-07-02",,,8502,8654.6,8441.4,8473,-155,,13183,2253219.268,,,,,,,,,,,,8628,8494,18259,"2",2026-07-05 17:30:35,CINDEXFUTURESEODPRICES,,,,,,,IM,,,,,,,,,,,,,
IM2608.CFE,"2026-07-03",,,8480.2,8568,8428.6,8468.4,-25.6,,11993,2037447.524,,,,,,,,,,,,8494,8493,19588,"2",2026-07-06 17:30:44,CINDEXFUTURESEODPRICES,,,,,,,IM,,,,,,,,,,,,,
IM2608.CFE,"2026-07-06",,,8528.8,8528.8,8304.4,8362,-131,,13051,2189149.488,,,,,,,,,,,,8493,8348.2,23481,"2",2026-07-09 17:30:58,CINDEXFUTURESEODPRICES,,,,,,,IM,,,,,,,,,,,,,
IM2608.CFE,"2026-07-07",,,8343.8,8364.4,8153.8,8200,-148.2,,13689,2255420.62,,,,,,,,,,,,8348.2,8186,26210,"2",2026-07-10 17:30:54,CINDEXFUTURESEODPRICES,,,,,,,IM,,,,,,,,,,,,,
IM2608.CFE,"2026-07-08",,,8224.2,8230.2,8039.6,8046,-140,,17666,2862242.7,,,,,,,,,,,,8186,8067,32832,"2",2026-07-11 17:30:45,CINDEXFUTURESEODPRICES,,,,,,,IM,,,,,,,,,,,,,
IM2608.CFE,"2026-07-09",,,8088,8218,7928.4,8207,140,,18830,3037252.532,,,,,,,,,,,,8067,8167.2,36783,"2",2026-07-12 17:30:36,CINDEXFUTURESEODPRICES,,,,,,,IM,,,,,,,,,,,,,
IM2608.CFE,"2026-07-10",,,8257.2,8326.4,8097,8099.2,-68,,16770,2765401.96,,,,,,,,,,,,8167.2,8168,39413,"2",2026-07-13 16:30:42,CINDEXFUTURESEODPRICES,,,,,,,IM,,,,,,,,,,,,,
IM2608.CFE,"2026-07-13",,,8030.2,8105.2,7723,7750,-418,,29877,4705567.352,,,,,,,,,,,,8168,7755.6,52270,"2",2026-07-16 17:30:54,CINDEXFUTURESEODPRICES,,,,,,,IM,,,,,,,,,,,,,
IM2608.CFE,"2026-07-14",,,7768,7872,7631.6,7854.4,98.8,,32294,5009861.956,,,,,,,,,,,,7755.6,7830.4,58492,"2",2026-07-17 17:30:56,CINDEXFUTURESEODPRICES,,,,,,,IM,,,,,,,,,,,,,
IM2608.CFE,"2026-07-15",,,7880,7918.6,7730,7780.4,-50,,32113,5019187.08,,,,,,,,,,,,7830.4,7762.8,66494,"2",2026-07-18 17:30:42,CINDEXFUTURESEODPRICES,,,,,,,IM,,,,,,,,,,,,,
IM2608.CFE,"2026-07-16",,,7708,7807.4,7563.6,7599.6,-163.2,,46976,7217105.712,,,,,,,,,,,,7762.8,7608.8,85900,"2",2026-07-19 17:30:36,CINDEXFUTURESEODPRICES,,,,,,,IM,,,,,,,,,,,,,
IM2608.CFE,"2026-07-17",,,7588,7588,7088,7118.8,-490,,90297,13248671.96,,,,,,,,,,,,7608.8,7197.4,118008,"2",2026-07-20 17:30:43,CINDEXFUTURESEODPRICES,,,,,,,IM,,,,,,,,,,,,,
IM2608.CFE,"2026-07-20",,,7205,7282.8,6713.6,6910,-287.4,,97418,13671305.244,,,,,,,,,,,,7197.4,6836.8,116948,"2",2026-07-23 17:30:59,CINDEXFUTURESEODPRICES,,,,,,,IM,,,,,,,,,,,,,
IM2608.CFE,"2026-07-21",,,6956,7234,6694.4,7220,383.2,,83442,11698374.38,,,,,,,,,,,,6836.8,7195.8,118438,"2",2026-07-24 17:30:59,CINDEXFUTURESEODPRICES,,,,,,,IM,,,,,,,,,,,,,
IM2608.CFE,"2026-07-22",,,7167,7252.6,7055.4,7091.2,-104.6,,71597,10261574.276,,,,,,,,,,,,7195.8,7096.4,104185,"2",2026-07-24 17:30:59,CINDEXFUTURESEODPRICES,,,,,,,IM,,,,,,,,,,,,,
IM2608.CFE,"2026-07-23",,,7145.2,7220.2,7063,7136.4,40,,54505,7786567.4,,,,,,,,,,,,7096.4,7131,105492,"2",2026-07-26 17:30:39,CINDEXFUTURESEODPRICES,,,,,,,IM,,,,,,,,,,,,,
IM2608.CFE,"2026-07-24",,,7080,7125,6932.4,6944.4,-186.6,,57569,8079702.732,,,,,,,,,,,,7131,6969,102157,"2",2026-07-27 17:30:53,CINDEXFUTURESEODPRICES,,,,,,,IM,,,,,,,,,,,,,
IM2608.CFE,"2026-07-27",,,6930.2,7208.8,6930.2,7207.8,238.8,,64404,9139955.424,,,,,,,,,,,,6969,7166.4,107804,"2",2026-07-29 17:30:55,CINDEXFUTURESEODPRICES,,,,,,,IM,,,,,,,,,,,,,
IM2608.CFE,"2026-07-28",,,7080,7137.6,6949.2,7001.4,-165,,62996,8874400.648,,,,,,,,,,,,7166.4,6979.6,100000,"2",2026-07-29 17:30:55,CINDEXFUTURESEODPRICES,,,,,,,IM,,,,,,,,,,,,,
IM2608.CFE,"2026-07-29",,,7006.2,7128,6877.2,7090.2,110.6,,77435,10842507.756,,,,,,,,,,,,6979.6,7071,112058,"2",2026-07-29 17:30:55,CINDEXFUTURESEODPRICES,,,,,,,IM,,,,,,,,,,,,,
IM2609.CFE,"2026-06-01",,,8134.6,8215,8070,8081.8,-2,,58978,9595309.296,,,,,,,,,,,,8083.8,8092.8,141306,"2",2026-06-04 17:31:16,CINDEXFUTURESEODPRICES,,,,,,,IM,,,,,,,,,,,,,
IM2609.CFE,"2026-06-02",,,8101,8176,7979.8,8106.4,13.6,,62980,10183508.78,,,,,,,,,,,,8092.8,8118.2,144585,"2",2026-06-05 17:31:55,CINDEXFUTURESEODPRICES,,,,,,,IM,,,,,,,,,,,,,
IM2609.CFE,"2026-06-03",,,8126,8263.6,8075,8139.4,21.2,,61731,10104499.7,,,,,,,,,,,,8118.2,8130.8,141961,"2",2026-06-06 17:31:19,CINDEXFUTURESEODPRICES,,,,,,,IM,,,,,,,,,,,,,
IM2609.CFE,"2026-06-04",,,8090,8169,8080.4,8124.8,-6,,47359,7702888.56,,,,,,,,,,,,8130.8,8121.6,141194,"2",2026-06-07 17:30:57,CINDEXFUTURESEODPRICES,,,,,,,IM,,,,,,,,,,,,,
IM2609.CFE,"2026-06-05",,,8090,8207.8,8012.4,8055.6,-66,,69348,11242494.12,,,,,,,,,,,,8121.6,8063.4,149159,"2",2026-06-08 17:31:47,CINDEXFUTURESEODPRICES,,,,,,,IM,,,,,,,,,,,,,
IM2609.CFE,"2026-06-08",,,7891.8,7995,7740,7843.2,-220.2,,82795,13053569.632,,,,,,,,,,,,8063.4,7819,154115,"2",2026-06-11 17:30:58,CINDEXFUTURESEODPRICES,,,,,,,IM,,,,,,,,,,,,,
IM2609.CFE,"2026-06-09",,,7900,8010.8,7836.4,7993,174,,66881,10590467.196,,,,,,,,,,,,7819,7988.8,150868,"2",2026-06-12 17:31:00,CINDEXFUTURESEODPRICES,,,,,,,IM,,,,,,,,,,,,,
IM2609.CFE,"2026-06-10",,,7951.8,7967,7811.4,7917,-71.8,,67079,10585226.932,,,,,,,,,,,,7988.8,7900.2,156017,"2",2026-06-13 17:30:43,CINDEXFUTURESEODPRICES,,,,,,,IM,,,,,,,,,,,,,
IM2609.CFE,"2026-06-11",,,7908.8,7948.8,7813,7886.6,-13.6,,66805,10512390.724,,,,,,,,,,,,7900.2,7856.4,157295,"2",2026-06-14 17:30:36,CINDEXFUTURESEODPRICES,,,,,,,IM,,,,,,,,,,,,,
IM2609.CFE,"2026-06-12",,,8000,8077,7932,7958.6,102.2,,80183,12832228.46,,,,,,,,,,,,7856.4,7957.2,163108,"2",2026-06-15 17:30:40,CINDEXFUTURESEODPRICES,,,,,,,IM,,,,,,,,,,,,,
IM2609.CFE,"2026-06-15",,,8050,8245.6,8049.6,8244.6,287.4,,85423,13962773.86,,,,,,,,,,,,7957.2,8217.2,167732,"2",2026-06-18 17:31:00,CINDEXFUTURESEODPRICES,,,,,,,IM,,,,,,,,,,,,,
IM2609.CFE,"2026-06-16",,,8234.4,8390.4,8215,8349,131.8,,89065,14824198.64,,,,,,,,,,,,8217.2,8358.8,177643,"2",2026-06-19 17:30:43,CINDEXFUTURESEODPRICES,,,,,,,IM,,,,,,,,,,,,,
IM2609.CFE,"2026-06-17",,,8330,8446.8,8320,8445,86.2,,91903,15417863.356,,,,,,,,,,,,8358.8,8414,188057,"2",2026-06-20 17:30:36,CINDEXFUTURESEODPRICES,,,,,,,IM,,,,,,,,,,,,,
IM2609.CFE,"2026-06-18",,,8430,8533.2,8416,8510,96,,114746,19473590.94,,,,,,,,,,,,8414,8505.6,204527,"2",2026-06-21 17:30:31,CINDEXFUTURESEODPRICES,,,,,,,IM,,,,,,,,,,,,,
IM2609.CFE,"2026-06-22",,,8546,8558,8367,8524.2,18.6,,158991,26912673.04,,,,,,,,,,,,8505.6,8521.6,221871,"2",2026-06-25 17:30:55,CINDEXFUTURESEODPRICES,,,,,,,IM,,,,,,,,,,,,,
IM2609.CFE,"2026-06-23",,,8501.8,8535,8339.2,8403,-118.6,,169243,28604728.248,,,,,,,,,,,,8521.6,8381.2,221704,"2",2026-06-26 17:30:55,CINDEXFUTURESEODPRICES,,,,,,,IM,,,,,,,,,,,,,
IM2609.CFE,"2026-06-24",,,8413.2,8520,8344.6,8472.4,91.2,,144567,24386752.34,,,,,,,,,,,,8381.2,8486.8,214962,"2",2026-06-26 17:30:55,CINDEXFUTURESEODPRICES,,,,,,,IM,,,,,,,,,,,,,
IM2609.CFE,"2026-06-25",,,8498,8562,8430,8523.8,37,,144932,24638644.276,,,,,,,,,,,,8486.8,8517.8,216470,"2",2026-06-28 17:30:36,CINDEXFUTURESEODPRICES,,,,,,,IM,,,,,,,,,,,,,
IM2609.CFE,"2026-06-26",,,8480,8490.2,8260.2,8319.2,-198.6,,174428,29174675.272,,,,,,,,,,,,8517.8,8324,220480,"2",2026-06-29 17:30:39,CINDEXFUTURESEODPRICES,,,,,,,IM,,,,,,,,,,,,,
IM2609.CFE,"2026-06-29",,,8335,8393,8145.2,8308.6,-15.4,,171721,28382017.12,,,,,,,,,,,,8324,8286.8,220381,"2",2026-07-02 17:30:57,CINDEXFUTURESEODPRICES,,,,,,,IM,,,,,,,,,,,,,
IM2609.CFE,"2026-06-30",,,8300,8518.8,8270,8504.2,217.4,,146627,24659779.004,,,,,,,,,,,,8286.8,8485,210892,"2",2026-07-03 17:31:00,CINDEXFUTURESEODPRICES,,,,,,,IM,,,,,,,,,,,,,
IM2609.CFE,"2026-07-01",,,8500,8629,8480,8517.6,32.6,,168136,28792754.34,,,,,,,,,,,,8485,8525.6,219809,"2",2026-07-04 17:30:45,CINDEXFUTURESEODPRICES,,,,,,,IM,,,,,,,,,,,,,
IM2609.CFE,"2026-07-02",,,8475.4,8556,8344,8370.2,-155.4,,178178,30127371.264,,,,,,,,,,,,8525.6,8392.4,215598,"2",2026-07-05 17:30:35,CINDEXFUTURESEODPRICES,,,,,,,IM,,,,,,,,,,,,,
IM2609.CFE,"2026-07-03",,,8401,8475,8337.8,8373,-19.4,,152704,25666012.076,,,,,,,,,,,,8392.4,8403,212690,"2",2026-07-06 17:30:44,CINDEXFUTURESEODPRICES,,,,,,,IM,,,,,,,,,,,,,
IM2609.CFE,"2026-07-06",,,8403,8419.8,8213,8265,-138,,151626,25161264.676,,,,,,,,,,,,8403,8255.2,215188,"2",2026-07-09 17:30:58,CINDEXFUTURESEODPRICES,,,,,,,IM,,,,,,,,,,,,,
IM2609.CFE,"2026-07-07",,,8235,8274.2,8068.8,8115.2,-140,,150751,24580097.428,,,,,,,,,,,,8255.2,8103,220115,"2",2026-07-10 17:30:54,CINDEXFUTURESEODPRICES,,,,,,,IM,,,,,,,,,,,,,
IM2609.CFE,"2026-07-08",,,8140.2,8149.8,7965,7974,-129,,167678,26927106.068,,,,,,,,,,,,8103,7995.8,232092,"2",2026-07-11 17:30:45,CINDEXFUTURESEODPRICES,,,,,,,IM,,,,,,,,,,,,,
IM2609.CFE,"2026-07-09",,,8034.8,8140.2,7868.2,8127.4,131.6,,195417,31274145.632,,,,,,,,,,,,7995.8,8092.6,239360,"2",2026-07-12 17:30:36,CINDEXFUTURESEODPRICES,,,,,,,IM,,,,,,,,,,,,,
IM2609.CFE,"2026-07-10",,,8140.2,8244.8,8016,8019.4,-73.2,,171301,27987657.224,,,,,,,,,,,,8092.6,8096,231960,"2",2026-07-13 16:30:42,CINDEXFUTURESEODPRICES,,,,,,,IM,,,,,,,,,,,,,
IM2609.CFE,"2026-07-13",,,7995,8029.8,7651,7684.4,-411.6,,200999,31400502.16,,,,,,,,,,,,8096,7688.2,247724,"2",2026-07-16 17:30:54,CINDEXFUTURESEODPRICES,,,,,,,IM,,,,,,,,,,,,,
IM2609.CFE,"2026-07-14",,,7720,7810.6,7580,7788,99.8,,217776,33560348.724,,,,,,,,,,,,7688.2,7766.8,250166,"2",2026-07-17 17:30:56,CINDEXFUTURESEODPRICES,,,,,,,IM,,,,,,,,,,,,,
IM2609.CFE,"2026-07-15",,,7838,7846,7661.4,7723.2,-43.6,,174869,27107070.416,,,,,,,,,,,,7766.8,7699,243227,"2",2026-07-18 17:30:42,CINDEXFUTURESEODPRICES,,,,,,,IM,,,,,,,,,,,,,
IM2609.CFE,"2026-07-16",,,7648.6,7750.2,7511,7552.6,-146.4,,192392,29379649.932,,,,,,,,,,,,7699,7555,256306,"2",2026-07-19 17:30:36,CINDEXFUTURESEODPRICES,,,,,,,IM,,,,,,,,,,,,,
IM2609.CFE,"2026-07-17",,,7520,7534.6,7018.8,7065.2,-489.8,,282694,41193460.32,,,,,,,,,,,,7555,7143.6,273252,"2",2026-07-20 17:30:43,CINDEXFUTURESEODPRICES,,,,,,,IM,,,,,,,,,,,,,
IM2609.CFE,"2026-07-20",,,7165.2,7237,6652.2,6849.8,-293.8,,313762,43714475.492,,,,,,,,,,,,7143.6,6779.6,274654,"2",2026-07-23 17:30:59,CINDEXFUTURESEODPRICES,,,,,,,IM,,,,,,,,,,,,,
IM2609.CFE,"2026-07-21",,,6920,7175.8,6641.8,7164.4,384.8,,294238,40948986.136,,,,,,,,,,,,6779.6,7141.6,269678,"2",2026-07-24 17:30:59,CINDEXFUTURESEODPRICES,,,,,,,IM,,,,,,,,,,,,,
IM2609.CFE,"2026-07-22",,,7148,7194.6,6985.8,7028.8,-112.8,,231584,32852105.1,,,,,,,,,,,,7141.6,7027,255044,"2",2026-07-24 17:30:59,CINDEXFUTURESEODPRICES,,,,,,,IM,,,,,,,,,,,,,
IM2609.CFE,"2026-07-23",,,7061,7159.6,7000.6,7071.6,44.6,,186983,26473428.792,,,,,,,,,,,,7027,7068.8,250139,"2",2026-07-26 17:30:39,CINDEXFUTURESEODPRICES,,,,,,,IM,,,,,,,,,,,,,
IM2609.CFE,"2026-07-24",,,7000,7054.8,6866,6880.2,-188.6,,207512,28837893.268,,,,,,,,,,,,7068.8,6902.4,253150,"2",2026-07-27 17:30:53,CINDEXFUTURESEODPRICES,,,,,,,IM,,,,,,,,,,,,,
IM2609.CFE,"2026-07-27",,,6880.4,7155,6880.4,7148.8,246.4,,218451,30763305.252,,,,,,,,,,,,6902.4,7106.6,256192,"2",2026-07-29 17:30:55,CINDEXFUTURESEODPRICES,,,,,,,IM,,,,,,,,,,,,,
IM2609.CFE,"2026-07-28",,,7020,7075.6,6888.8,6943.2,-163.4,,201223,28074817.36,,,,,,,,,,,,7106.6,6920.4,245782,"2",2026-07-29 17:30:55,CINDEXFUTURESEODPRICES,,,,,,,IM,,,,,,,,,,,,,
IM2609.CFE,"2026-07-29",,,6966,7081,6825,7047.2,126.8,,264111,36689338.6,,,,,,,,,,,,6920.4,7024.2,270906,"2",2026-07-29 17:30:55,CINDEXFUTURESEODPRICES,,,,,,,IM,,,,,,,,,,,,,
IM2612.CFE,"2026-06-01",,,7905,8000,7860.2,7880.4,5.8,,22039,3491733.144,,,,,,,,,,,,7874.6,7887,66830,"2",2026-06-04 17:31:16,CINDEXFUTURESEODPRICES,,,,,,,IM,,,,,,,,,,,,,
IM2612.CFE,"2026-06-02",,,7905,7968,7780.2,7900,13,,22022,3471200.208,,,,,,,,,,,,7887,7910,69187,"2",2026-06-05 17:31:55,CINDEXFUTURESEODPRICES,,,,,,,IM,,,,,,,,,,,,,
IM2612.CFE,"2026-06-03",,,7918,8049.8,7862.2,7919.6,9.6,,23285,3712257.876,,,,,,,,,,,,7910,7916.6,70421,"2",2026-06-06 17:31:19,CINDEXFUTURESEODPRICES,,,,,,,IM,,,,,,,,,,,,,
IM2612.CFE,"2026-06-04",,,7870,7950.8,7867,7908,-8.6,,17503,2771631.74,,,,,,,,,,,,7916.6,7911.4,68690,"2",2026-06-07 17:30:57,CINDEXFUTURESEODPRICES,,,,,,,IM,,,,,,,,,,,,,
IM2612.CFE,"2026-06-05",,,7888.8,7987.6,7794,7831,-80.4,,22736,3583439.168,,,,,,,,,,,,7911.4,7841,72076,"2",2026-06-08 17:31:47,CINDEXFUTURESEODPRICES,,,,,,,IM,,,,,,,,,,,,,
IM2612.CFE,"2026-06-08",,,7730,7771.4,7521,7630,-211,,28169,4319712.272,,,,,,,,,,,,7841,7601.2,75443,"2",2026-06-11 17:30:58,CINDEXFUTURESEODPRICES,,,,,,,IM,,,,,,,,,,,,,
IM2612.CFE,"2026-06-09",,,7695,7782.8,7618,7764.4,163.2,,22953,3533231.6,,,,,,,,,,,,7601.2,7761,74973,"2",2026-06-12 17:31:00,CINDEXFUTURESEODPRICES,,,,,,,IM,,,,,,,,,,,,,
IM2612.CFE,"2026-06-10",,,7720,7740,7585,7689.2,-71.8,,20396,3124291.12,,,,,,,,,,,,7761,7672.6,76574,"2",2026-06-13 17:30:43,CINDEXFUTURESEODPRICES,,,,,,,IM,,,,,,,,,,,,,
IM2612.CFE,"2026-06-11",,,7673,7721.6,7590,7660.6,-12,,19867,3036015.596,,,,,,,,,,,,7672.6,7631,77727,"2",2026-06-14 17:30:36,CINDEXFUTURESEODPRICES,,,,,,,IM,,,,,,,,,,,,,
IM2612.CFE,"2026-06-12",,,7755,7847.4,7711,7735,104,,24082,3744274.644,,,,,,,,,,,,7631,7735.8,78857,"2",2026-06-15 17:30:40,CINDEXFUTURESEODPRICES,,,,,,,IM,,,,,,,,,,,,,
IM2612.CFE,"2026-06-15",,,7815,8014.2,7815,8012.6,276.8,,28590,4545946.596,,,,,,,,,,,,7735.8,7983,82837,"2",2026-06-18 17:31:00,CINDEXFUTURESEODPRICES,,,,,,,IM,,,,,,,,,,,,,
IM2612.CFE,"2026-06-16",,,8012,8153,7983,8109.8,126.8,,28593,4625338.016,,,,,,,,,,,,7983,8118.2,86394,"2",2026-06-19 17:30:43,CINDEXFUTURESEODPRICES,,,,,,,IM,,,,,,,,,,,,,
IM2612.CFE,"2026-06-17",,,8089,8204,8080,8201,82.8,,22735,3704975.356,,,,,,,,,,,,8118.2,8171.4,88619,"2",2026-06-20 17:30:36,CINDEXFUTURESEODPRICES,,,,,,,IM,,,,,,,,,,,,,
IM2612.CFE,"2026-06-18",,,8183.2,8288.8,8172,8270,98.6,,26046,4293504.348,,,,,,,,,,,,8171.4,8262.8,92936,"2",2026-06-21 17:30:31,CINDEXFUTURESEODPRICES,,,,,,,IM,,,,,,,,,,,,,
IM2612.CFE,"2026-06-22",,,8301,8310,8126.4,8281,18.2,,31029,5101936.32,,,,,,,,,,,,8262.8,8279,94592,"2",2026-06-25 17:30:55,CINDEXFUTURESEODPRICES,,,,,,,IM,,,,,,,,,,,,,
IM2612.CFE,"2026-06-23",,,8271.4,8285,8099,8156,-123,,26961,4423448.432,,,,,,,,,,,,8279,8135,95006,"2",2026-06-26 17:30:55,CINDEXFUTURESEODPRICES,,,,,,,IM,,,,,,,,,,,,,
IM2612.CFE,"2026-06-24",,,8156,8265.2,8100,8221.2,86.2,,22110,3619911.62,,,,,,,,,,,,8135,8234.2,94495,"2",2026-06-26 17:30:55,CINDEXFUTURESEODPRICES,,,,,,,IM,,,,,,,,,,,,,
IM2612.CFE,"2026-06-25",,,8240,8303.2,8176,8271.2,37,,23977,3955664.156,,,,,,,,,,,,8234.2,8266.2,94628,"2",2026-06-28 17:30:36,CINDEXFUTURESEODPRICES,,,,,,,IM,,,,,,,,,,,,,
IM2612.CFE,"2026-06-26",,,8243.4,8243.4,8008.8,8066,-200.2,,28278,4587830.576,,,,,,,,,,,,8266.2,8067.8,97251,"2",2026-06-29 17:30:39,CINDEXFUTURESEODPRICES,,,,,,,IM,,,,,,,,,,,,,
IM2612.CFE,"2026-06-29",,,8066,8132,7897,8051,-16.8,,28693,4597455.612,,,,,,,,,,,,8067.8,8029.8,98075,"2",2026-07-02 17:30:57,CINDEXFUTURESEODPRICES,,,,,,,IM,,,,,,,,,,,,,
IM2612.CFE,"2026-06-30",,,8051,8254,8014.4,8240,210.2,,24463,3988895.32,,,,,,,,,,,,8029.8,8219.6,96669,"2",2026-07-03 17:31:00,CINDEXFUTURESEODPRICES,,,,,,,IM,,,,,,,,,,,,,
IM2612.CFE,"2026-07-01",,,8245.8,8350,8208,8248,28.4,,30604,5074187.144,,,,,,,,,,,,8219.6,8253.2,99206,"2",2026-07-04 17:30:45,CINDEXFUTURESEODPRICES,,,,,,,IM,,,,,,,,,,,,,
IM2612.CFE,"2026-07-02",,,8185,8285.2,8085,8109.6,-143.6,,32353,5297076.852,,,,,,,,,,,,8253.2,8131,98861,"2",2026-07-05 17:30:35,CINDEXFUTURESEODPRICES,,,,,,,IM,,,,,,,,,,,,,
IM2612.CFE,"2026-07-03",,,8130.2,8208,8080.8,8113.4,-17.6,,24371,3967963.656,,,,,,,,,,,,8131,8138.6,98496,"2",2026-07-06 17:30:44,CINDEXFUTURESEODPRICES,,,,,,,IM,,,,,,,,,,,,,
IM2612.CFE,"2026-07-06",,,8154.8,8156.4,7960,8013.8,-124.8,,26467,4254970.792,,,,,,,,,,,,8138.6,7998.2,101841,"2",2026-07-09 17:30:58,CINDEXFUTURESEODPRICES,,,,,,,IM,,,,,,,,,,,,,
IM2612.CFE,"2026-07-07",,,7984.8,8021.4,7825.2,7870.6,-127.6,,30018,4744303.532,,,,,,,,,,,,7998.2,7857.2,103243,"2",2026-07-10 17:30:54,CINDEXFUTURESEODPRICES,,,,,,,IM,,,,,,,,,,,,,
IM2612.CFE,"2026-07-08",,,7900,7905,7731.2,7740.2,-117,,30533,4757057.144,,,,,,,,,,,,7857.2,7762.6,104939,"2",2026-07-11 17:30:45,CINDEXFUTURESEODPRICES,,,,,,,IM,,,,,,,,,,,,,
IM2612.CFE,"2026-07-09",,,7792,7910.4,7650,7896,133.4,,35604,5533668.364,,,,,,,,,,,,7762.6,7865.2,109178,"2",2026-07-12 17:30:36,CINDEXFUTURESEODPRICES,,,,,,,IM,,,,,,,,,,,,,
IM2612.CFE,"2026-07-10",,,7913,7998,7780,7780,-85.2,,30232,4793225.944,,,,,,,,,,,,7865.2,7856.2,107556,"2",2026-07-13 16:30:42,CINDEXFUTURESEODPRICES,,,,,,,IM,,,,,,,,,,,,,
IM2612.CFE,"2026-07-13",,,7760,7794,7428.4,7459.6,-396.6,,38854,5893370.588,,,,,,,,,,,,7856.2,7466.2,114602,"2",2026-07-16 17:30:54,CINDEXFUTURESEODPRICES,,,,,,,IM,,,,,,,,,,,,,
IM2612.CFE,"2026-07-14",,,7480,7589,7364.6,7563.4,97.2,,38509,5763863.724,,,,,,,,,,,,7466.2,7545.4,116484,"2",2026-07-17 17:30:56,CINDEXFUTURESEODPRICES,,,,,,,IM,,,,,,,,,,,,,
IM2612.CFE,"2026-07-15",,,7605,7620,7442.8,7499.2,-46.2,,29866,4494081.492,,,,,,,,,,,,7545.4,7476.2,118371,"2",2026-07-18 17:30:42,CINDEXFUTURESEODPRICES,,,,,,,IM,,,,,,,,,,,,,
IM2612.CFE,"2026-07-16",,,7467.8,7528.8,7305,7347,-129.2,,34682,5144214.156,,,,,,,,,,,,7476.2,7346.4,121285,"2",2026-07-19 17:30:36,CINDEXFUTURESEODPRICES,,,,,,,IM,,,,,,,,,,,,,
IM2612.CFE,"2026-07-17",,,7325,7330,6816.6,6866,-480.4,,55793,7905513.084,,,,,,,,,,,,7346.4,6930.4,127296,"2",2026-07-20 17:30:43,CINDEXFUTURESEODPRICES,,,,,,,IM,,,,,,,,,,,,,
IM2612.CFE,"2026-07-20",,,7020,7037.8,6456.6,6650.6,-279.8,,67178,9090224.916,,,,,,,,,,,,6930.4,6582,127385,"2",2026-07-23 17:30:59,CINDEXFUTURESEODPRICES,,,,,,,IM,,,,,,,,,,,,,
IM2612.CFE,"2026-07-21",,,6680,6978.8,6460,6971.4,389.4,,58797,7958272.376,,,,,,,,,,,,6582,6945.8,126493,"2",2026-07-24 17:30:59,CINDEXFUTURESEODPRICES,,,,,,,IM,,,,,,,,,,,,,
IM2612.CFE,"2026-07-22",,,6950,7003.4,6792.8,6828,-117.8,,46329,6389834.932,,,,,,,,,,,,6945.8,6829.2,123558,"2",2026-07-24 17:30:59,CINDEXFUTURESEODPRICES,,,,,,,IM,,,,,,,,,,,,,
IM2612.CFE,"2026-07-23",,,6857.2,6957,6805.6,6876.4,47.2,,35825,4929533.148,,,,,,,,,,,,6829.2,6871.4,119793,"2",2026-07-26 17:30:39,CINDEXFUTURESEODPRICES,,,,,,,IM,,,,,,,,,,,,,
IM2612.CFE,"2026-07-24",,,6795,6856.8,6669.2,6685,-186.4,,37899,5115681.624,,,,,,,,,,,,6871.4,6703.8,122161,"2",2026-07-27 17:30:53,CINDEXFUTURESEODPRICES,,,,,,,IM,,,,,,,,,,,,,
IM2612.CFE,"2026-07-27",,,6685,6956.2,6685,6951,247.2,,40430,5532992.672,,,,,,,,,,,,6703.8,6907.6,120629,"2",2026-07-29 17:30:55,CINDEXFUTURESEODPRICES,,,,,,,IM,,,,,,,,,,,,,
IM2612.CFE,"2026-07-28",,,6852.2,6877,6698,6754.6,-153,,37929,5142758.688,,,,,,,,,,,,6907.6,6727.6,118939,"2",2026-07-29 17:30:55,CINDEXFUTURESEODPRICES,,,,,,,IM,,,,,,,,,,,,,
IM2612.CFE,"2026-07-29",,,6770,6904.6,6642.8,6883,155.4,,55092,7466690.148,,,,,,,,,,,,6727.6,6856.6,125388,"2",2026-07-29 17:30:55,CINDEXFUTURESEODPRICES,,,,,,,IM,,,,,,,,,,,,,
"000852.SH","2026-06-01",CNY,8408.7357,8393.5182,8504.9828,8339.3533,8345.1291,-63.6066,-0.7564,305706423,607633321.059,,,,,,,,,,,,,,,,2026-06-04 20:00:37,AINDEXEODPRICES,,,,,,,,,,,,,,,,,,,,
"000852.SH","2026-06-02",CNY,8345.1291,8360.8072,8440.2318,8219.1526,8384.7812,39.6521,0.4752,292777853,589657282.873,,,,,,,,,,,,,,,,2026-06-05 20:00:45,AINDEXEODPRICES,,,,,,,,,,,,,,,,,,,,
"000852.SH","2026-06-03",CNY,8384.7812,8386.8576,8549.2486,8357.4635,8432.679,47.8978,0.5712,318291166,688232619.746,,,,,,,,,,,,,,,,2026-06-06 20:00:45,AINDEXEODPRICES,,,,,,,,,,,,,,,,,,,,
"000852.SH","2026-06-04",CNY,8432.679,8338.854,8456.0172,8338.854,8420.0946,-12.5844,-0.1492,286173609,599542777.866,,,,,,,,,,,,,,,,2026-06-07 20:00:30,AINDEXEODPRICES,,,,,,,,,,,,,,,,,,,,
"000852.SH","2026-06-05",CNY,8420.0946,8380.8523,8500.1001,8305.3956,8340.9631,-79.1315,-0.9398,314953576,664778756.147,,,,,,,,,,,,,,,,2026-06-08 20:01:42,AINDEXEODPRICES,,,,,,,,,,,,,,,,,,,,
"000852.SH","2026-06-08",CNY,8340.9631,8069.482,8260.1923,7987.3963,8081.2614,-259.7017,-3.1136,303536985,603155103.799,,,,,,,,,,,,,,,,2026-06-11 20:00:18,AINDEXEODPRICES,,,,,,,,,,,,,,,,,,,,
"000852.SH","2026-06-09",CNY,8081.2614,8178.8231,8322.109,8096.5769,8318.6978,237.4364,2.9381,293097597,602773097.27,,,,,,,,,,,,,,,,2026-06-12 20:00:10,AINDEXEODPRICES,,,,,,,,,,,,,,,,,,,,
"000852.SH","2026-06-10",CNY,8318.6978,8232.0235,8285.2864,8103.0099,8198.7232,-119.9746,-1.4422,286844566,582026561.182,,,,,,,,,,,,,,,,2026-06-13 20:00:06,AINDEXEODPRICES,,,,,,,,,,,,,,,,,,,,
"000852.SH","2026-06-11",CNY,8198.7232,8158.4598,8223.5272,8084.9,8159.4548,-39.2684,-0.479,271163953,577080601.081,,,,,,,,,,,,,,,,2026-06-14 20:00:05,AINDEXEODPRICES,,,,,,,,,,,,,,,,,,,,
"000852.SH","2026-06-12",CNY,8159.4548,8294.8972,8348.786,8181.4174,8202.7991,43.3443,0.5312,328599085,717319013.093,,,,,,,,,,,,,,,,2026-06-15 20:00:16,AINDEXEODPRICES,,,,,,,,,,,,,,,,,,,,
"000852.SH","2026-06-15",CNY,8202.7991,8269.3972,8521.233,8269.3972,8521.233,318.4339,3.882,296012067,640124261.587,,,,,,,,,,,,,,,,2026-06-18 20:00:16,AINDEXEODPRICES,,,,,,,,,,,,,,,,,,,,
"000852.SH","2026-06-16",CNY,8521.233,8534.2702,8684.6498,8508.9079,8646.4034,125.1704,1.4689,298022607,683488867.029,,,,,,,,,,,,,,,,2026-06-19 20:00:10,AINDEXEODPRICES,,,,,,,,,,,,,,,,,,,,
"000852.SH","2026-06-17",CNY,8646.4034,8581.6499,8705.4025,8581.6499,8704.4677,58.0643,0.6715,282227937,658867267.024,,,,,,,,,,,,,,,,2026-06-20 20:00:05,AINDEXEODPRICES,,,,,,,,,,,,,,,,,,,,
"000852.SH","2026-06-18",CNY,8704.4677,8666.6378,8796.4845,8664.2777,8771.0244,66.5567,0.7646,290062435,680473865.689,,,,,,,,,,,,,,,,2026-06-21 20:00:05,AINDEXEODPRICES,,,,,,,,,,,,,,,,,,,,
"000852.SH","2026-06-22",CNY,8771.0244,8813.7247,8865.8148,8609.6107,8865.676,94.6516,1.0791,335718210,786541007.011,,,,,,,,,,,,,,,,2026-06-25 20:00:16,AINDEXEODPRICES,,,,,,,,,,,,,,,,,,,,
"000852.SH","2026-06-23",CNY,8865.676,8838.7627,8862.7185,8626.1008,8680.0387,-185.6373,-2.0939,303954878,707484276.759,,,,,,,,,,,,,,,,2026-06-26 20:00:11,AINDEXEODPRICES,,,,,,,,,,,,,,,,,,,,
"000852.SH","2026-06-24",CNY,8680.0387,8650.8156,8803.5014,8581.751,8793.4866,113.4479,1.307,286867145,680312177.617,,,,,,,,,,,,,,,,2026-06-27 20:00:18,AINDEXEODPRICES,,,,,,,,,,,,,,,,,,,,
"000852.SH","2026-06-25",CNY,8793.4866,8806.0709,8872.1228,8743.2493,8825.9201,32.4335,0.3688,305442638,729838211.068,,,,,,,,,,,,,,,,2026-06-28 20:00:06,AINDEXEODPRICES,,,,,,,,,,,,,,,,,,,,
"000852.SH","2026-06-26",CNY,8825.9201,8771.5979,8797.282,8563.695,8601.4075,-224.5126,-2.5438,321227656,755464112.293,,,,,,,,,,,,,,,,2026-06-29 20:00:10,AINDEXEODPRICES,,,,,,,,,,,,,,,,,,,,
"000852.SH","2026-06-29",CNY,8601.4075,8616.4237,8677.6299,8413.8636,8597.8932,-3.5143,-0.0409,309871021,750058629.129,,,,,,,,,,,,,,,,2026-07-02 20:00:29,AINDEXEODPRICES,,,,,,,,,,,,,,,,,,,,
"000852.SH","2026-06-30",CNY,8597.8932,8574.2495,8815.1083,8547.3122,8809.7859,211.8927,2.4645,279117364,685381605.224,,,,,,,,,,,,,,,,2026-07-03 20:00:16,AINDEXEODPRICES,,,,,,,,,,,,,,,,,,,,
"000852.SH","2026-07-01",CNY,8809.7859,8827.4702,8944.1946,8806.6459,8876.6303,66.8444,0.7588,325765871,782800133.621,,,,,,,,,,,,,,,,2026-07-04 20:00:06,AINDEXEODPRICES,,,,,,,,,,,,,,,,,,,,
"000852.SH","2026-07-02",CNY,8876.6303,8688.2905,8865.9659,8598.8691,8625.3336,-251.2967,-2.831,310858902,717867291.622,,,,,,,,,,,,,,,,2026-07-05 20:00:04,AINDEXEODPRICES,,,,,,,,,,,,,,,,,,,,
"000852.SH","2026-07-03",CNY,8625.3336,8627.3819,8740.6676,8559.2847,8620.7886,-4.545,-0.0527,290244508,674994834.099,,,,,,,,,,,,,,,,2026-07-06 20:00:14,AINDEXEODPRICES,,,,,,,,,,,,,,,,,,,,
"000852.SH","2026-07-06",CNY,8620.7886,8669.123,8694.8045,8432.8967,8472.6028,-148.1858,-1.7189,281224208,655013068.731,,,,,,,,,,,,,,,,2026-07-09 20:00:14,AINDEXEODPRICES,,,,,,,,,,,,,,,,,,,,
"000852.SH","2026-07-07",CNY,8472.6028,8436.3894,8489.4759,8261.3977,8301.8035,-170.7993,-2.0159,244575082,544456254.012,,,,,,,,,,,,,,,,2026-07-10 20:00:10,AINDEXEODPRICES,,,,,,,,,,,,,,,,,,,,
"000852.SH","2026-07-08",CNY,8301.8035,8315.9619,8328.9647,8117.8607,8117.8607,-183.9428,-2.2157,238283926,527640623.974,,,,,,,,,,,,,,,,2026-07-11 20:00:07,AINDEXEODPRICES,,,,,,,,,,,,,,,,,,,,
"000852.SH","2026-07-09",CNY,8117.8607,8161.8585,8312.6212,7978.8056,8300.077,182.2163,2.2446,254579344,580421702.888,,,,,,,,,,,,,,,,2026-07-12 20:00:04,AINDEXEODPRICES,,,,,,,,,,,,,,,,,,,,
"000852.SH","2026-07-10",CNY,8300.077,8312.4918,8438.1942,8198.3078,8198.3078,-101.7692,-1.2261,308503609,691814043.744,,,,,,,,,,,,,,,,2026-07-13 20:00:12,AINDEXEODPRICES,,,,,,,,,,,,,,,,,,,,
"000852.SH","2026-07-13",CNY,8198.3078,8124.363,8171.5039,7769.2917,7787.8529,-410.4549,-5.0066,285286344,573788494.518,,,,,,,,,,,,,,,,2026-07-16 20:00:21,AINDEXEODPRICES,,,,,,,,,,,,,,,,,,,,
"000852.SH","2026-07-14",CNY,7787.8529,7799.813,7934.1027,7657.6714,7925.1232,137.2703,1.7626,255892015,519230856.494,,,,,,,,,,,,,,,,2026-07-17 20:00:14,AINDEXEODPRICES,,,,,,,,,,,,,,,,,,,,
"000852.SH","2026-07-15",CNY,7925.1232,7959.3737,7979.0765,7783.219,7817.8313,-107.2919,-1.3538,258433271,504268472.8,,,,,,,,,,,,,,,,2026-07-18 20:00:07,AINDEXEODPRICES,,,,,,,,,,,,,,,,,,,,
"000852.SH","2026-07-16",CNY,7817.8313,7713.1352,7836.39,7591.4205,7631.7622,-186.0691,-2.3801,248226871,473090736.173,,,,,,,,,,,,,,,,2026-07-19 20:00:05,AINDEXEODPRICES,,,,,,,,,,,,,,,,,,,,
"000852.SH","2026-07-17",CNY,7631.7622,7599.3879,7605.6125,7163.3085,7167.9959,-463.7663,-6.0768,296242245,510907297.887,,,,,,,,,,,,,,,,2026-07-20 20:00:09,AINDEXEODPRICES,,,,,,,,,,,,,,,,,,,,
"000852.SH","2026-07-20",CNY,7167.9959,7256.2669,7298.1222,6824.1446,6965.3757,-202.6202,-2.8267,308186914,518121843.932,,,,,,,,,,,,,,,,2026-07-23 20:00:10,AINDEXEODPRICES,,,,,,,,,,,,,,,,,,,,
"000852.SH","2026-07-21",CNY,6965.3757,6975.8931,7264.3378,6714.1869,7259.863,294.4873,4.2279,334989399,572869030.333,,,,,,,,,,,,,,,,2026-07-24 20:00:17,AINDEXEODPRICES,,,,,,,,,,,,,,,,,,,,
"000852.SH","2026-07-22",CNY,7259.863,7196.8632,7302.4544,7118.6602,7158.7622,-101.1008,-1.3926,291582470,518357580.391,,,,,,,,,,,,,,,,2026-07-25 20:00:18,AINDEXEODPRICES,,,,,,,,,,,,,,,,,,,,
"000852.SH","2026-07-23",CNY,7158.7622,7169.5427,7247.1412,7113.4977,7195.4997,36.7375,0.5132,250502727,422221092.352,,,,,,,,,,,,,,,,2026-07-26 20:00:08,AINDEXEODPRICES,,,,,,,,,,,,,,,,,,,,
"000852.SH","2026-07-24",CNY,7195.4997,7109.2475,7174.5521,6995.6931,6995.6931,-199.8066,-2.7768,229026635,379813289.83,,,,,,,,,,,,,,,,2026-07-27 20:00:12,AINDEXEODPRICES,,,,,,,,,,,,,,,,,,,,
"000852.SH","2026-07-27",CNY,6995.6931,6981.1649,7228.7845,6972.2815,7228.7845,233.0914,3.3319,225960825,390089645.5,,,,,,,,,,,,,,,,2026-07-30 11:00:14,AINDEXEODPRICES,,,,,,,,,,,,,,,,,,,,
"000852.SH","2026-07-28",CNY,7228.7845,7135.7349,7189.1772,6992.9441,7026.2761,-202.5084,-2.8014,225776735,393766907.545,,,,,,,,,,,,,,,,2026-07-30 11:00:14,AINDEXEODPRICES,,,,,,,,,,,,,,,,,,,,
"000852.SH","2026-07-29",CNY,7026.2761,7020.2233,7132.3518,6897.3922,7095.1863,68.9102,0.9807,271374083,458880097.395,,,,,,,,,,,,,,,,2026-07-30 11:00:15,AINDEXEODPRICES,,,,,,,,,,,,,,,,,,,,
