TRADE_DT,EXPIRY_CODE,EXPIRY,TAU,SPOT,REPO,RISK_FREE_RATE,FORWARD,SOURCE,MARKET_FUTURE_CODE,MARKET_FUTURE_PRICE
2026-06-01,2606,2026-06-22,0.057534246575342465,8345.1291,0.0971069480741781,0.015,8305.8,FUTURE,IM2606.CFE,8305.8
2026-06-01,2607,2026-07-17,0.12602739726027398,8345.1291,0.0971069480741781,0.015,8235.2,FUTURE,IM2607.CFE,8235.2
2026-06-01,2608,2026-08-21,0.2219178082191781,8345.1291,0.0971069480741781,0.015,8194.449488091796,REPO,,
2026-06-01,2609,2026-09-18,0.29863013698630136,8345.1291,0.0971069480741781,0.015,8081.8,FUTURE,IM2609.CFE,8081.8
2026-06-01,2612,2026-12-18,0.547945205479452,8345.1291,0.0971069480741781,0.015,7880.4,FUTURE,IM2612.CFE,7880.4
2026-06-01,2703,2027-03-19,0.7972602739726027,8345.1291,0.0971069480741781,0.015,7816.347856307721,REPO,,
2026-06-02,2606,2026-06-22,0.0547945205479452,8384.7812,0.0971069480741781,0.015,8324.6,FUTURE,IM2606.CFE,8324.6
2026-06-02,2607,2026-07-17,0.1232876712328767,8384.7812,0.0971069480741781,0.015,8256.0,FUTURE,IM2607.CFE,8256.0
2026-06-02,2608,2026-08-21,0.2191780821917808,8384.7812,0.0971069480741781,0.015,8235.237942857128,REPO,,
2026-06-02,2609,2026-09-18,0.2958904109589041,8384.7812,0.0971069480741781,0.015,8106.4,FUTURE,IM2609.CFE,8106.4
2026-06-02,2612,2026-12-18,0.5452054794520548,8384.7812,0.0971069480741781,0.015,7900.0,FUTURE,IM2612.CFE,7900.0
2026-06-02,2703,2027-03-19,0.7945205479452054,8384.7812,0.0971069480741781,0.015,7855.254283326451,REPO,,
2026-06-03,2606,2026-06-22,0.052054794520547946,8432.679,0.0971069480741781,0.015,8368.4,FUTURE,IM2606.CFE,8368.4
2026-06-03,2607,2026-07-17,0.12054794520547946,8432.679,0.0971069480741781,0.015,8295.8,FUTURE,IM2607.CFE,8295.8
2026-06-03,2608,2026-08-21,0.21643835616438356,8432.679,0.0971069480741781,0.015,8284.144794966935,REPO,,
2026-06-03,2609,2026-09-18,0.29315068493150687,8432.679,0.0971069480741781,0.015,8139.4,FUTURE,IM2609.CFE,8139.4
2026-06-03,2612,2026-12-18,0.5424657534246575,8432.679,0.0971069480741781,0.015,7919.6,FUTURE,IM2612.CFE,7919.6
2026-06-03,2703,2027-03-19,0.7917808219178082,8432.679,0.0971069480741781,0.015,7901.904515194101,REPO,,
2026-06-04,2606,2026-06-22,0.049315068493150684,8420.0946,0.0971069480741781,0.015,8354.8,FUTURE,IM2606.CFE,8354.8
2026-06-04,2607,2026-07-17,0.1178082191780822,8420.0946,0.0971069480741781,0.015,8284.0,FUTURE,IM2607.CFE,8284.0
2026-06-04,2608,2026-08-21,0.2136986301369863,8420.0946,0.0971069480741781,0.015,8273.643009242527,REPO,,
2026-06-04,2609,2026-09-18,0.29041095890410956,8420.0946,0.0971069480741781,0.015,8124.8,FUTURE,IM2609.CFE,8124.8
2026-06-04,2612,2026-12-18,0.5397260273972603,8420.0946,0.0971069480741781,0.015,7908.0,FUTURE,IM2612.CFE,7908.0
2026-06-04,2703,2027-03-19,0.7890410958904109,8420.0946,0.0971069480741781,0.015,7891.887294335806,REPO,,
2026-06-05,2606,2026-06-22,0.04657534246575343,8340.9631,0.0971069480741781,0.015,8291.8,FUTURE,IM2606.CFE,8291.8
2026-06-05,2607,2026-07-17,0.11506849315068493,8340.9631,0.0971069480741781,0.015,8214.0,FUTURE,IM2607.CFE,8214.0
2026-06-05,2608,2026-08-21,0.21095890410958903,8340.9631,0.0971069480741781,0.015,8197.731728545441,REPO,,
2026-06-05,2609,2026-09-18,0.2876712328767123,8340.9631,0.0971069480741781,0.015,8055.6,FUTURE,IM2609.CFE,8055.6
2026-06-05,2612,2026-12-18,0.536986301369863,8340.9631,0.0971069480741781,0.015,7831.0,FUTURE,IM2612.CFE,7831.0
2026-06-05,2703,2027-03-19,0.7863013698630137,8340.9631,0.0971069480741781,0.015,7819.478650288575,REPO,,
2026-06-08,2606,2026-06-22,0.038356164383561646,8081.2614,0.0971069480741781,0.015,8072.8,FUTURE,IM2606.CFE,8072.8
2026-06-08,2607,2026-07-17,0.10684931506849316,8081.2614,0.0971069480741781,0.015,8000.6,FUTURE,IM2607.CFE,8000.6
2026-06-08,2608,2026-08-21,0.20273972602739726,8081.2614,0.0971069480741781,0.015,7947.851448203917,REPO,,
2026-06-08,2609,2026-09-18,0.27945205479452057,8081.2614,0.0971069480741781,0.015,7843.2,FUTURE,IM2609.CFE,7843.2
2026-06-08,2612,2026-12-18,0.5287671232876713,8081.2614,0.0971069480741781,0.015,7630.0,FUTURE,IM2612.CFE,7630.0
2026-06-08,2703,2027-03-19,0.7780821917808219,8081.2614,0.0971069480741781,0.015,7581.128142860423,REPO,,
2026-06-09,2606,2026-06-22,0.03561643835616438,8318.6978,0.0971069480741781,0.015,8233.4,FUTURE,IM2606.CFE,8233.4
2026-06-09,2607,2026-07-17,0.10410958904109589,8318.6978,0.0971069480741781,0.015,8153.8,FUTURE,IM2607.CFE,8153.8
2026-06-09,2608,2026-08-21,0.2,8318.6978,0.0971069480741781,0.015,8183.208726445433,REPO,,
2026-06-09,2609,2026-09-18,0.27671232876712326,8318.6978,0.0971069480741781,0.015,7993.0,FUTURE,IM2609.CFE,7993.0
2026-06-09,2612,2026-12-18,0.5260273972602739,8318.6978,0.0971069480741781,0.015,7764.4,FUTURE,IM2612.CFE,7764.4
2026-06-09,2703,2027-03-19,0.7753424657534247,8318.6978,0.0971069480741781,0.015,7805.625756754176,REPO,,
2026-06-10,2606,2026-06-22,0.03287671232876712,8198.7232,0.0971069480741781,0.015,8162.2,FUTURE,IM2606.CFE,8162.2
2026-06-10,2607,2026-07-17,0.10136986301369863,8198.7232,0.0971069480741781,0.015,8080.2,FUTURE,IM2607.CFE,8080.2
2026-06-10,2608,2026-08-21,0.19726027397260273,8198.7232,0.0971069480741781,0.015,8067.002660517105,REPO,,
2026-06-10,2609,2026-09-18,0.273972602739726,8198.7232,0.0971069480741781,0.015,7917.0,FUTURE,IM2609.CFE,7917.0
2026-06-10,2612,2026-12-18,0.5232876712328767,8198.7232,0.0971069480741781,0.015,7689.2,FUTURE,IM2612.CFE,7689.2
2026-06-10,2703,2027-03-19,0.7726027397260274,8198.7232,0.0971069480741781,0.015,7694.781576723682,REPO,,
2026-06-11,2606,2026-06-22,0.030136986301369864,8159.4548,0.0971069480741781,0.015,8126.4,FUTURE,IM2606.CFE,8126.4
2026-06-11,2607,2026-07-17,0.09863013698630137,8159.4548,0.0971069480741781,0.015,8049.0,FUTURE,IM2607.CFE,8049.0
2026-06-11,2608,2026-08-21,0.19452054794520549,8159.4548,0.0971069480741781,0.015,8030.171334165508,REPO,,
2026-06-11,2609,2026-09-18,0.27123287671232876,8159.4548,0.0971069480741781,0.015,7886.6,FUTURE,IM2609.CFE,7886.6
2026-06-11,2612,2026-12-18,0.5205479452054794,8159.4548,0.0971069480741781,0.015,7660.6,FUTURE,IM2612.CFE,7660.6
2026-06-11,2703,2027-03-19,0.7698630136986301,8159.4548,0.0971069480741781,0.015,7659.649691513865,REPO,,
2026-06-12,2606,2026-06-22,0.0273972602739726,8202.7991,0.0971069480741781,0.015,8196.8,FUTURE,IM2606.CFE,8196.8
2026-06-12,2607,2026-07-17,0.0958904109589041,8202.7991,0.0971069480741781,0.015,8122.8,FUTURE,IM2607.CFE,8122.8
2026-06-12,2608,2026-08-21,0.1917808219178082,8202.7991,0.0971069480741781,0.015,8074.645051677579,REPO,,
2026-06-12,2609,2026-09-18,0.2684931506849315,8202.7991,0.0971069480741781,0.015,7958.6,FUTURE,IM2609.CFE,7958.6
2026-06-12,2612,2026-12-18,0.5178082191780822,8202.7991,0.0971069480741781,0.015,7735.0,FUTURE,IM2612.CFE,7735.0
2026-06-12,2703,2027-03-19,0.7671232876712328,8202.7991,0.0971069480741781,0.015,7702.071338879278,REPO,,
2026-06-15,2606,2026-06-22,0.019178082191780823,8521.233,0.2974472654828532,0.015,8475.2,FUTURE,IM2606.CFE,8475.2
2026-06-15,2607,2026-07-17,0.08767123287671233,8521.233,0.2974472654828532,0.015,8403.4,FUTURE,IM2607.CFE,8403.4
2026-06-15,2608,2026-08-21,0.18356164383561643,8521.233,0.2974472654828532,0.015,8090.694420884009,REPO,,
2026-06-15,2609,2026-09-18,0.2602739726027397,8521.233,0.2974472654828532,0.015,8244.6,FUTURE,IM2609.CFE,8244.6
2026-06-15,2612,2026-12-18,0.5095890410958904,8521.233,0.2974472654828532,0.015,8012.6,FUTURE,IM2612.CFE,8012.6
2026-06-15,2703,2027-03-19,0.7589041095890411,8521.233,0.2974472654828532,0.015,6877.1935753208345,REPO,,
2026-06-16,2606,2026-06-22,0.01643835616438356,8646.4034,0.2974472654828532,0.015,8602.4,FUTURE,IM2606.CFE,8602.4
2026-06-16,2607,2026-07-17,0.08493150684931507,8646.4034,0.2974472654828532,0.015,8523.8,FUTURE,IM2607.CFE,8523.8
2026-06-16,2608,2026-08-21,0.18082191780821918,8646.4034,0.2974472654828532,0.015,8215.895770187095,REPO,,
2026-06-16,2609,2026-09-18,0.25753424657534246,8646.4034,0.2974472654828532,0.015,8349.0,FUTURE,IM2609.CFE,8349.0
2026-06-16,2612,2026-12-18,0.5068493150684932,8646.4034,0.2974472654828532,0.015,8109.8,FUTURE,IM2612.CFE,8109.8
2026-06-16,2703,2027-03-19,0.7561643835616438,8646.4034,0.2974472654828532,0.015,6983.616321040431,REPO,,
2026-06-17,2606,2026-06-22,0.0136986301369863,8704.4677,0.2974472654828532,0.015,8695.0,FUTURE,IM2606.CFE,8695.0
2026-06-17,2607,2026-07-17,0.0821917808219178,8704.4677,0.2974472654828532,0.015,8612.0,FUTURE,IM2607.CFE,8612.0
2026-06-17,2608,2026-08-21,0.1780821917808219,8704.4677,0.2974472654828532,0.015,8277.471890042321,REPO,,
2026-06-17,2609,2026-09-18,0.2547945205479452,8704.4677,0.2974472654828532,0.015,8445.0,FUTURE,IM2609.CFE,8445.0
2026-06-17,2612,2026-12-18,0.5041095890410959,8704.4677,0.2974472654828532,0.015,8201.0,FUTURE,IM2612.CFE,8201.0
2026-06-17,2703,2027-03-19,0.7534246575342466,8704.4677,0.2974472654828532,0.015,7035.9568092398695,REPO,,
2026-06-18,2606,2026-06-22,0.010958904109589041,8771.0244,0.2974472654828532,0.015,8766.0,FUTURE,IM2606.CFE,8766.0
2026-06-18,2607,2026-07-17,0.07945205479452055,8771.0244,0.2974472654828532,0.015,8679.0,FUTURE,IM2607.CFE,8679.0
2026-06-18,2608,2026-08-21,0.17534246575342466,8771.0244,0.2974472654828532,0.015,8347.220480708276,REPO,,
2026-06-18,2609,2026-09-18,0.25205479452054796,8771.0244,0.2974472654828532,0.015,8510.0,FUTURE,IM2609.CFE,8510.0
2026-06-18,2612,2026-12-18,0.5013698630136987,8771.0244,0.2974472654828532,0.015,8270.0,FUTURE,IM2612.CFE,8270.0
2026-06-18,2703,2027-03-19,0.7506849315068493,8771.0244,0.2974472654828532,0.015,7095.244001990276,REPO,,
2026-06-22,2606,2026-06-22,0.0,8865.676,0.2974472654828532,0.015,8774.2,FUTURE,IM2606.CFE,8774.2
2026-06-22,2607,2026-07-17,0.0684931506849315,8865.676,0.2974472654828532,0.015,8706.2,FUTURE,IM2607.CFE,8706.2
2026-06-22,2608,2026-08-21,0.1643835616438356,8865.676,0.2974472654828532,0.015,8463.455181065372,REPO,,
2026-06-22,2609,2026-09-18,0.2410958904109589,8865.676,0.2974472654828532,0.015,8524.2,FUTURE,IM2609.CFE,8524.2
2026-06-22,2612,2026-12-18,0.4904109589041096,8865.676,0.2974472654828532,0.015,8281.0,FUTURE,IM2612.CFE,8281.0
2026-06-22,2703,2027-03-19,0.7397260273972602,8865.676,0.2974472654828532,0.015,7194.044981602335,REPO,,
2026-06-23,2607,2026-07-17,0.06575342465753424,8680.0387,0.2974472654828532,0.015,8598.8,FUTURE,IM2607.CFE,8598.8
2026-06-23,2608,2026-08-21,0.16164383561643836,8680.0387,0.2974472654828532,0.015,8515.0,FUTURE,IM2608.CFE,8515.0
2026-06-23,2609,2026-09-18,0.23835616438356164,8680.0387,0.2974472654828532,0.015,8403.0,FUTURE,IM2609.CFE,8403.0
2026-06-23,2612,2026-12-18,0.4876712328767123,8680.0387,0.2974472654828532,0.015,8156.0,FUTURE,IM2612.CFE,8156.0
2026-06-23,2703,2027-03-19,0.736986301369863,8680.0387,0.2974472654828532,0.015,7048.862255960557,REPO,,
2026-06-23,2706,2027-06-18,0.9863013698630136,8680.0387,0.2974472654828532,0.015,6569.566590288154,REPO,,
2026-06-24,2607,2026-07-17,0.06301369863013699,8793.4866,0.2974472654828532,0.015,8667.6,FUTURE,IM2607.CFE,8667.6
2026-06-24,2608,2026-08-21,0.1589041095890411,8793.4866,0.2974472654828532,0.015,8568.0,FUTURE,IM2608.CFE,8568.0
2026-06-24,2609,2026-09-18,0.2356164383561644,8793.4866,0.2974472654828532,0.015,8472.4,FUTURE,IM2609.CFE,8472.4
2026-06-24,2612,2026-12-18,0.4849315068493151,8793.4866,0.2974472654828532,0.015,8221.2,FUTURE,IM2612.CFE,8221.2
2026-06-24,2703,2027-03-19,0.7342465753424657,8793.4866,0.2974472654828532,0.015,7146.518756568524,REPO,,
2026-06-24,2706,2027-06-18,0.9835616438356164,8793.4866,0.2974472654828532,0.015,6660.58282247173,REPO,,
2026-06-25,2607,2026-07-17,0.06027397260273973,8825.9201,0.2974472654828532,0.015,8725.8,FUTURE,IM2607.CFE,8725.8
2026-06-25,2608,2026-08-21,0.15616438356164383,8825.9201,0.2974472654828532,0.015,8622.6,FUTURE,IM2608.CFE,8622.6
2026-06-25,2609,2026-09-18,0.2328767123287671,8825.9201,0.2974472654828532,0.015,8523.8,FUTURE,IM2609.CFE,8523.8
2026-06-25,2612,2026-12-18,0.4821917808219178,8825.9201,0.2974472654828532,0.015,8271.2,FUTURE,IM2612.CFE,8271.2
2026-06-25,2703,2027-03-19,0.7315068493150685,8825.9201,0.2974472654828532,0.015,7178.430377151511,REPO,,
2026-06-25,2706,2027-06-18,0.9808219178082191,8825.9201,0.2974472654828532,0.015,6690.324574943436,REPO,,
2026-06-26,2607,2026-07-17,0.057534246575342465,8601.4075,0.2974472654828532,0.015,8532.6,FUTURE,IM2607.CFE,8532.6
2026-06-26,2608,2026-08-21,0.15342465753424658,8601.4075,0.2974472654828532,0.015,8424.6,FUTURE,IM2608.CFE,8424.6
2026-06-26,2609,2026-09-18,0.23013698630136986,8601.4075,0.2974472654828532,0.015,8319.2,FUTURE,IM2609.CFE,8319.2
2026-06-26,2612,2026-12-18,0.4794520547945205,8601.4075,0.2974472654828532,0.015,8066.0,FUTURE,IM2612.CFE,8066.0
2026-06-26,2703,2027-03-19,0.7287671232876712,8601.4075,0.2974472654828532,0.015,7001.242067382079,REPO,,
2026-06-26,2706,2027-06-18,0.9780821917808219,8601.4075,0.2974472654828532,0.015,6525.184392346372,REPO,,
2026-06-29,2607,2026-07-17,0.049315068493150684,8597.8932,0.2974472654828532,0.015,8514.2,FUTURE,IM2607.CFE,8514.2
2026-06-29,2608,2026-08-21,0.14520547945205478,8597.8932,0.2974472654828532,0.015,8405.6,FUTURE,IM2608.CFE,8405.6
2026-06-29,2609,2026-09-18,0.2219178082191781,8597.8932,0.2974472654828532,0.015,8308.6,FUTURE,IM2609.CFE,8308.6
2026-06-29,2612,2026-12-18,0.4712328767123288,8597.8932,0.2974472654828532,0.015,8051.0,FUTURE,IM2612.CFE,8051.0
2026-06-29,2703,2027-03-19,0.7205479452054795,8597.8932,0.2974472654828532,0.015,7014.6470574076675,REPO,,
2026-06-29,2706,2027-06-18,0.9698630136986301,8597.8932,0.2974472654828532,0.015,6537.677894335403,REPO,,
2026-06-30,2607,2026-07-17,0.04657534246575343,8809.7859,0.17606983993441694,0.015,8705.2,FUTURE,IM2607.CFE,8705.2
2026-06-30,2608,2026-08-21,0.14246575342465753,8809.7859,0.17606983993441694,0.015,8606.2,FUTURE,IM2608.CFE,8606.2
2026-06-30,2609,2026-09-18,0.2191780821917808,8809.7859,0.17606983993441694,0.015,8504.2,FUTURE,IM2609.CFE,8504.2
2026-06-30,2612,2026-12-18,0.4684931506849315,8809.7859,0.17606983993441694,0.015,8240.0,FUTURE,IM2612.CFE,8240.0
2026-06-30,2703,2027-03-19,0.7178082191780822,8809.7859,0.17606983993441694,0.015,7847.899236199723,REPO,,
2026-06-30,2706,2027-06-18,0.9671232876712329,8809.7859,0.17606983993441694,0.015,7538.993948835754,REPO,,
2026-07-01,2607,2026-07-17,0.043835616438356165,8876.6303,0.17606983993441694,0.015,8727.6,FUTURE,IM2607.CFE,8727.6
2026-07-01,2608,2026-08-21,0.13972602739726028,8876.6303,0.17606983993441694,0.015,8620.6,FUTURE,IM2608.CFE,8620.6
2026-07-01,2609,2026-09-18,0.21643835616438356,8876.6303,0.17606983993441694,0.015,8517.6,FUTURE,IM2609.CFE,8517.6
2026-07-01,2612,2026-12-18,0.4657534246575342,8876.6303,0.17606983993441694,0.015,8248.0,FUTURE,IM2612.CFE,8248.0
2026-07-01,2703,2027-03-19,0.7150684931506849,8876.6303,0.17606983993441694,0.015,7910.935529512348,REPO,,
2026-07-01,2706,2027-06-18,0.9643835616438357,8876.6303,0.17606983993441694,0.015,7599.549037470027,REPO,,
2026-07-02,2607,2026-07-17,0.0410958904109589,8625.3336,0.17606983993441694,0.015,8570.0,FUTURE,IM2607.CFE,8570.0
2026-07-02,2608,2026-08-21,0.136986301369863,8625.3336,0.17606983993441694,0.015,8473.0,FUTURE,IM2608.CFE,8473.0
2026-07-02,2609,2026-09-18,0.2136986301369863,8625.3336,0.17606983993441694,0.015,8370.2,FUTURE,IM2609.CFE,8370.2
2026-07-02,2612,2026-12-18,0.46301369863013697,8625.3336,0.17606983993441694,0.015,8109.6,FUTURE,IM2612.CFE,8109.6
2026-07-02,2703,2027-03-19,0.7123287671232876,8625.3336,0.17606983993441694,0.015,7690.370485528904,REPO,,
2026-07-02,2706,2027-06-18,0.9616438356164384,8625.3336,0.17606983993441694,0.015,7387.665770130692,REPO,,
2026-07-03,2607,2026-07-17,0.038356164383561646,8620.7886,0.17606983993441694,0.015,8567.2,FUTURE,IM2607.CFE,8567.2
2026-07-03,2608,2026-08-21,0.13424657534246576,8620.7886,0.17606983993441694,0.015,8468.4,FUTURE,IM2608.CFE,8468.4
2026-07-03,2609,2026-09-18,0.21095890410958903,8620.7886,0.17606983993441694,0.015,8373.0,FUTURE,IM2609.CFE,8373.0
2026-07-03,2612,2026-12-18,0.4602739726027397,8620.7886,0.17606983993441694,0.015,8113.4,FUTURE,IM2612.CFE,8113.4
2026-07-03,2703,2027-03-19,0.7095890410958904,8620.7886,0.17606983993441694,0.015,7689.710773956314,REPO,,
2026-07-03,2706,2027-06-18,0.958904109589041,8620.7886,0.17606983993441694,0.015,7387.032025812111,REPO,,
2026-07-06,2607,2026-07-17,0.030136986301369864,8472.6028,0.17606983993441694,0.015,8458.0,FUTURE,IM2607.CFE,8458.0
2026-07-06,2608,2026-08-21,0.12602739726027398,8472.6028,0.17606983993441694,0.015,8362.0,FUTURE,IM2608.CFE,8362.0
2026-07-06,2609,2026-09-18,0.20273972602739726,8472.6028,0.17606983993441694,0.015,8265.0,FUTURE,IM2609.CFE,8265.0
2026-07-06,2612,2026-12-18,0.4520547945205479,8472.6028,0.17606983993441694,0.015,8013.8,FUTURE,IM2612.CFE,8013.8
2026-07-06,2703,2027-03-19,0.7013698630136986,8472.6028,0.17606983993441694,0.015,7567.54135130887,REPO,,
2026-07-06,2706,2027-06-18,0.9506849315068493,8472.6028,0.17606983993441694,0.015,7269.671378032203,REPO,,
2026-07-07,2607,2026-07-17,0.0273972602739726,8301.8035,0.17606983993441694,0.015,8296.6,FUTURE,IM2607.CFE,8296.6
2026-07-07,2608,2026-08-21,0.1232876712328767,8301.8035,0.17606983993441694,0.015,8200.0,FUTURE,IM2608.CFE,8200.0
2026-07-07,2609,2026-09-18,0.2,8301.8035,0.17606983993441694,0.015,8115.2,FUTURE,IM2609.CFE,8115.2
2026-07-07,2612,2026-12-18,0.44931506849315067,8301.8035,0.17606983993441694,0.015,7870.6,FUTURE,IM2612.CFE,7870.6
2026-07-07,2703,2027-03-19,0.6986301369863014,8301.8035,0.17606983993441694,0.015,7418.260057014713,REPO,,
2026-07-07,2706,2027-06-18,0.947945205479452,8301.8035,0.17606983993441694,0.015,7126.266023237791,REPO,,
2026-07-08,2607,2026-07-17,0.024657534246575342,8117.8607,0.17606983993441694,0.015,8131.2,FUTURE,IM2607.CFE,8131.2
2026-07-08,2608,2026-08-21,0.12054794520547946,8117.8607,0.17606983993441694,0.015,8046.0,FUTURE,IM2608.CFE,8046.0
2026-07-08,2609,2026-09-18,0.19726027397260273,8117.8607,0.17606983993441694,0.015,7974.0,FUTURE,IM2609.CFE,7974.0
2026-07-08,2612,2026-12-18,0.4465753424657534,8117.8607,0.17606983993441694,0.015,7740.2,FUTURE,IM2612.CFE,7740.2
2026-07-08,2703,2027-03-19,0.6958904109589041,8117.8607,0.17606983993441694,0.015,7257.09565855512,REPO,,
2026-07-08,2706,2027-06-18,0.9452054794520548,8117.8607,0.17606983993441694,0.015,6971.4453013877755,REPO,,
2026-07-09,2607,2026-07-17,0.021917808219178082,8300.077,0.17606983993441694,0.015,8282.6,FUTURE,IM2607.CFE,8282.6
2026-07-09,2608,2026-08-21,0.1178082191780822,8300.077,0.17606983993441694,0.015,8207.0,FUTURE,IM2608.CFE,8207.0
2026-07-09,2609,2026-09-18,0.19452054794520549,8300.077,0.17606983993441694,0.015,8127.4,FUTURE,IM2609.CFE,8127.4
2026-07-09,2612,2026-12-18,0.4438356164383562,8300.077,0.17606983993441694,0.015,7896.0,FUTURE,IM2612.CFE,7896.0
2026-07-09,2703,2027-03-19,0.6931506849315069,8300.077,0.17606983993441694,0.015,7423.265999510091,REPO,,
2026-07-09,2706,2027-06-18,0.9424657534246575,8300.077,0.17606983993441694,0.015,7131.074924199056,REPO,,
2026-07-10,2607,2026-07-17,0.019178082191780823,8198.3078,0.17606983993441694,0.015,8186.2,FUTURE,IM2607.CFE,8186.2
2026-07-10,2608,2026-08-21,0.11506849315068493,8198.3078,0.17606983993441694,0.015,8099.2,FUTURE,IM2608.CFE,8099.2
2026-07-10,2609,2026-09-18,0.1917808219178082,8198.3078,0.17606983993441694,0.015,8019.4,FUTURE,IM2609.CFE,8019.4
2026-07-10,2612,2026-12-18,0.4410958904109589,8198.3078,0.17606983993441694,0.015,7780.0,FUTURE,IM2612.CFE,7780.0
2026-07-10,2703,2027-03-19,0.6904109589041096,8198.3078,0.17606983993441694,0.015,7335.483927078652,REPO,,
2026-07-10,2706,2027-06-18,0.9397260273972603,8198.3078,0.17606983993441694,0.015,7046.748088066366,REPO,,
2026-07-13,2607,2026-07-17,0.010958904109589041,7787.8529,0.17606983993441694,0.015,7819.0,FUTURE,IM2607.CFE,7819.0
2026-07-13,2608,2026-08-21,0.10684931506849316,7787.8529,0.17606983993441694,0.015,7750.0,FUTURE,IM2608.CFE,7750.0
2026-07-13,2609,2026-09-18,0.18356164383561643,7787.8529,0.17606983993441694,0.015,7684.4,FUTURE,IM2609.CFE,7684.4
2026-07-13,2612,2026-12-18,0.4328767123287671,7787.8529,0.17606983993441694,0.015,7459.6,FUTURE,IM2612.CFE,7459.6
2026-07-13,2703,2027-03-19,0.6821917808219178,7787.8529,0.17606983993441694,0.015,6977.4580788091325,REPO,,
2026-07-13,2706,2027-06-18,0.9315068493150684,7787.8529,0.17606983993441694,0.015,6702.814683419629,REPO,,
2026-07-14,2607,2026-07-17,0.00821917808219178,7925.1232,0.11152468066616666,0.015,7914.8,FUTURE,IM2607.CFE,7914.8
2026-07-14,2608,2026-08-21,0.10410958904109589,7925.1232,0.11152468066616666,0.015,7854.4,FUTURE,IM2608.CFE,7854.4
2026-07-14,2609,2026-09-18,0.18082191780821918,7925.1232,0.11152468066616666,0.015,7788.0,FUTURE,IM2609.CFE,7788.0
2026-07-14,2612,2026-12-18,0.4301369863013699,7925.1232,0.11152468066616666,0.015,7563.4,FUTURE,IM2612.CFE,7563.4
2026-07-14,2703,2027-03-19,0.6794520547945205,7925.1232,0.11152468066616666,0.015,7422.040154081736,REPO,,
2026-07-14,2706,2027-06-18,0.9287671232876712,7925.1232,0.11152468066616666,0.015,7245.5603472340745,REPO,,
2026-07-15,2607,2026-07-17,0.005479452054794521,7817.8313,0.11152468066616666,0.015,7835.0,FUTURE,IM2607.CFE,7835.0
2026-07-15,2608,2026-08-21,0.10136986301369863,7817.8313,0.11152468066616666,0.015,7780.4,FUTURE,IM2608.CFE,7780.4
2026-07-15,2609,2026-09-18,0.1780821917808219,7817.8313,0.11152468066616666,0.015,7723.2,FUTURE,IM2609.CFE,7723.2
2026-07-15,2612,2026-12-18,0.4273972602739726,7817.8313,0.11152468066616666,0.015,7499.2,FUTURE,IM2612.CFE,7499.2
2026-07-15,2703,2027-03-19,0.6767123287671233,7817.8313,0.11152468066616666,0.015,7323.495543767436,REPO,,
2026-07-15,2706,2027-06-18,0.9260273972602739,7817.8313,0.11152468066616666,0.015,7149.358911226718,REPO,,
2026-07-16,2607,2026-07-17,0.0027397260273972603,7631.7622,0.11152468066616666,0.015,7655.0,FUTURE,IM2607.CFE,7655.0
2026-07-16,2608,2026-08-21,0.09863013698630137,7631.7622,0.11152468066616666,0.015,7599.6,FUTURE,IM2608.CFE,7599.6
2026-07-16,2609,2026-09-18,0.17534246575342466,7631.7622,0.11152468066616666,0.015,7552.6,FUTURE,IM2609.CFE,7552.6
2026-07-16,2612,2026-12-18,0.4246575342465753,7631.7622,0.11152468066616666,0.015,7347.0,FUTURE,IM2612.CFE,7347.0
2026-07-16,2703,2027-03-19,0.673972602739726,7631.7622,0.11152468066616666,0.015,7151.082795159027,REPO,,
2026-07-16,2706,2027-06-18,0.9232876712328767,7631.7622,0.11152468066616666,0.015,6981.04575894773,REPO,,
2026-07-17,2607,2026-07-17,0.0,7167.9959,0.11152468066616666,0.015,7265.4,FUTURE,IM2607.CFE,7265.4
2026-07-17,2608,2026-08-21,0.0958904109589041,7167.9959,0.11152468066616666,0.015,7118.8,FUTURE,IM2608.CFE,7118.8
2026-07-17,2609,2026-09-18,0.1726027397260274,7167.9959,0.11152468066616666,0.015,7065.2,FUTURE,IM2609.CFE,7065.2
2026-07-17,2612,2026-12-18,0.42191780821917807,7167.9959,0.11152468066616666,0.015,6866.0,FUTURE,IM2612.CFE,6866.0
2026-07-17,2703,2027-03-19,0.6712328767123288,7167.9959,0.11152468066616666,0.015,6718.302810049557,REPO,,
2026-07-17,2706,2027-06-18,0.9205479452054794,7167.9959,0.11152468066616666,0.015,6558.556330961916,REPO,,
2026-07-20,2608,2026-08-21,0.08767123287671233,6965.3757,0.11152468066616666,0.015,6910.0,FUTURE,IM2608.CFE,6910.0
2026-07-20,2609,2026-09-18,0.1643835616438356,6965.3757,0.11152468066616666,0.015,6849.8,FUTURE,IM2609.CFE,6849.8
2026-07-20,2610,2026-10-16,0.2410958904109589,6965.3757,0.11152468066616666,0.015,6805.151120149421,REPO,,
2026-07-20,2612,2026-12-18,0.4136986301369863,6965.3757,0.11152468066616666,0.015,6650.6,FUTURE,IM2612.CFE,6650.6
2026-07-20,2703,2027-03-19,0.663013698630137,6965.3757,0.11152468066616666,0.015,6489.8,FUTURE,IM2703.CFE,6489.8
2026-07-20,2706,2027-06-18,0.9123287671232877,6965.3757,0.11152468066616666,0.015,6378.221546319765,REPO,,
2026-07-21,2608,2026-08-21,0.08493150684931507,7259.863,0.11152468066616666,0.015,7220.0,FUTURE,IM2608.CFE,7220.0
2026-07-21,2609,2026-09-18,0.16164383561643836,7259.863,0.11152468066616666,0.015,7164.4,FUTURE,IM2609.CFE,7164.4
2026-07-21,2610,2026-10-16,0.23835616438356164,7259.863,0.11152468066616666,0.015,7094.740291365213,REPO,,
2026-07-21,2612,2026-12-18,0.410958904109589,7259.863,0.11152468066616666,0.015,6971.4,FUTURE,IM2612.CFE,6971.4
2026-07-21,2703,2027-03-19,0.6602739726027397,7259.863,0.11152468066616666,0.015,6800.4,FUTURE,IM2703.CFE,6800.4
2026-07-21,2706,2027-06-18,0.9095890410958904,7259.863,0.11152468066616666,0.015,6649.642982643268,REPO,,
2026-07-22,2608,2026-08-21,0.0821917808219178,7158.7622,0.11152468066616666,0.015,7091.2,FUTURE,IM2608.CFE,7091.2
2026-07-22,2609,2026-09-18,0.1589041095890411,7158.7622,0.11152468066616666,0.015,7028.8,FUTURE,IM2609.CFE,7028.8
2026-07-22,2610,2026-10-16,0.2356164383561644,7158.7622,0.11152468066616666,0.015,6997.789317990064,REPO,,
2026-07-22,2612,2026-12-18,0.40821917808219177,7158.7622,0.11152468066616666,0.015,6828.0,FUTURE,IM2612.CFE,6828.0
2026-07-22,2703,2027-03-19,0.6575342465753424,7158.7622,0.11152468066616666,0.015,6662.2,FUTURE,IM2703.CFE,6662.2
2026-07-22,2706,2027-06-18,0.9068493150684932,7158.7622,0.11152468066616666,0.015,6558.774348515938,REPO,,
2026-07-23,2608,2026-08-21,0.07945205479452055,7195.4997,0.11152468066616666,0.015,7136.4,FUTURE,IM2608.CFE,7136.4
2026-07-23,2609,2026-09-18,0.15616438356164383,7195.4997,0.11152468066616666,0.015,7071.6,FUTURE,IM2609.CFE,7071.6
2026-07-23,2610,2026-10-16,0.2328767123287671,7195.4997,0.11152468066616666,0.015,7035.561050091974,REPO,,
2026-07-23,2612,2026-12-18,0.4054794520547945,7195.4997,0.11152468066616666,0.015,6876.4,FUTURE,IM2612.CFE,6876.4
2026-07-23,2703,2027-03-19,0.6547945205479452,7195.4997,0.11152468066616666,0.015,6699.0,FUTURE,IM2703.CFE,6699.0
2026-07-23,2706,2027-06-18,0.9041095890410958,7195.4997,0.11152468066616666,0.015,6594.176424278942,REPO,,
2026-07-24,2608,2026-08-21,0.07671232876712329,6995.6931,0.11152468066616666,0.015,6944.4,FUTURE,IM2608.CFE,6944.4
2026-07-24,2609,2026-09-18,0.15342465753424658,6995.6931,0.11152468066616666,0.015,6880.2,FUTURE,IM2609.CFE,6880.2
2026-07-24,2610,2026-10-16,0.23013698630136986,6995.6931,0.11152468066616666,0.015,6842.004807204403,REPO,,
2026-07-24,2612,2026-12-18,0.40273972602739727,6995.6931,0.11152468066616666,0.015,6685.0,FUTURE,IM2612.CFE,6685.0
2026-07-24,2703,2027-03-19,0.6520547945205479,6995.6931,0.11152468066616666,0.015,6512.6,FUTURE,IM2703.CFE,6512.6
2026-07-24,2706,2027-06-18,0.9013698630136986,6995.6931,0.11152468066616666,0.015,6412.763171727528,REPO,,
2026-07-27,2608,2026-08-21,0.0684931506849315,7228.7845,0.11152468066616666,0.015,7207.8,FUTURE,IM2608.CFE,7207.8
2026-07-27,2609,2026-09-18,0.14520547945205478,7228.7845,0.11152468066616666,0.015,7148.8,FUTURE,IM2609.CFE,7148.8
2026-07-27,2610,2026-10-16,0.2219178082191781,7228.7845,0.11152468066616666,0.015,7075.5866407743815,REPO,,
2026-07-27,2612,2026-12-18,0.39452054794520547,7228.7845,0.11152468066616666,0.015,6951.0,FUTURE,IM2612.CFE,6951.0
2026-07-27,2703,2027-03-19,0.6438356164383562,7228.7845,0.11152468066616666,0.015,6771.8,FUTURE,IM2703.CFE,6771.8
2026-07-27,2706,2027-06-18,0.8931506849315068,7228.7845,0.11152468066616666,0.015,6631.690960016262,REPO,,
2026-07-28,2608,2026-08-21,0.06575342465753424,7026.2761,0.09848733878113011,0.015,7001.4,FUTURE,IM2608.CFE,7001.4
2026-07-28,2609,2026-09-18,0.14246575342465753,7026.2761,0.09848733878113011,0.015,6943.2,FUTURE,IM2609.CFE,6943.2
2026-07-28,2610,2026-10-16,0.2191780821917808,7026.2761,0.09848733878113011,0.015,6898.8743124271605,REPO,,
2026-07-28,2612,2026-12-18,0.3917808219178082,7026.2761,0.09848733878113011,0.015,6754.6,FUTURE,IM2612.CFE,6754.6
2026-07-28,2703,2027-03-19,0.6410958904109589,7026.2761,0.09848733878113011,0.015,6586.0,FUTURE,IM2703.CFE,6586.0
2026-07-28,2706,2027-06-18,0.8904109589041096,7026.2761,0.09848733878113011,0.015,6522.898344888222,REPO,,
2026-07-29,2608,2026-08-21,0.06301369863013699,7095.1863,0.09848733878113011,0.015,7090.2,FUTURE,IM2608.CFE,7090.2
2026-07-29,2609,2026-09-18,0.13972602739726028,7095.1863,0.09848733878113011,0.015,7047.2,FUTURE,IM2609.CFE,7047.2
2026-07-29,2610,2026-10-16,0.21643835616438356,7095.1863,0.09848733878113011,0.015,6968.128674219178,REPO,,
2026-07-29,2612,2026-12-18,0.38904109589041097,7095.1863,0.09848733878113011,0.015,6883.0,FUTURE,IM2612.CFE,6883.0
2026-07-29,2703,2027-03-19,0.6383561643835617,7095.1863,0.09848733878113011,0.015,6715.6,FUTURE,IM2703.CFE,6715.6
2026-07-29,2706,2027-06-18,0.8876712328767123,7095.1863,0.09848733878113011,0.015,6588.378471275756,REPO,,
