TRADE_DT,raw_repo_rate,REPO,UPDATED,SCHEDULED_UPDATE,STATUS,RISK_FREE_RATE,REPO_SOURCE_DATE,MAIN_FUTURE_CODE,MAIN_FUTURE_PRICE,MAIN_FUTURE_EXPIRY,MAIN_FUTURE_TAU,SPOT_AT_UPDATE
2026-06-01,0.0971069480741781,0.0971069480741781,True,True,UPDATED,0.015,2026-06-01,IM2606.CFE,8305.8,2026-06-22,0.057534246575342465,8345.1291
2026-06-02,0.14646048149892077,0.0971069480741781,False,False,CARRY_FORWARD,0.015,2026-06-01,IM2606.CFE,8305.8,2026-06-22,0.057534246575342465,8345.1291
2026-06-03,0.1619952550096987,0.0971069480741781,False,False,CARRY_FORWARD,0.015,2026-06-01,IM2606.CFE,8305.8,2026-06-22,0.057534246575342465,8345.1291
2026-06-04,0.17285924230384447,0.0971069480741781,False,False,CARRY_FORWARD,0.015,2026-06-01,IM2606.CFE,8305.8,2026-06-22,0.057534246575342465,8345.1291
2026-06-05,0.14192584439466327,0.0971069480741781,False,False,CARRY_FORWARD,0.015,2026-06-01,IM2606.CFE,8305.8,2026-06-22,0.057534246575342465,8345.1291
2026-06-08,0.04231211680165728,0.0971069480741781,False,False,CARRY_FORWARD,0.015,2026-06-01,IM2606.CFE,8305.8,2026-06-22,0.057534246575342465,8345.1291
2026-06-09,0.30437975095323083,0.0971069480741781,False,False,CARRY_FORWARD,0.015,2026-06-01,IM2606.CFE,8305.8,2026-06-22,0.057534246575342465,8345.1291
2026-06-10,0.15080111975172894,0.0971069480741781,False,False,CARRY_FORWARD,0.015,2026-06-01,IM2606.CFE,8305.8,2026-06-22,0.057534246575342465,8345.1291
2026-06-11,0.1496960148221953,0.0971069480741781,False,False,CARRY_FORWARD,0.015,2026-06-01,IM2606.CFE,8305.8,2026-06-22,0.057534246575342465,8345.1291
2026-06-12,0.04170396494839622,0.0971069480741781,False,False,CARRY_FORWARD,0.015,2026-06-01,IM2606.CFE,8305.8,2026-06-22,0.057534246575342465,8345.1291
2026-06-15,0.2974472654828532,0.2974472654828532,True,True,UPDATED,0.015,2026-06-15,IM2606.CFE,8475.2,2026-06-22,0.019178082191780823,8521.233
2026-06-16,0.3253843489974352,0.2974472654828532,False,False,CARRY_FORWARD,0.015,2026-06-15,IM2606.CFE,8475.2,2026-06-22,0.019178082191780823,8521.233
2026-06-17,0.09444405887915308,0.2974472654828532,False,False,CARRY_FORWARD,0.015,2026-06-15,IM2606.CFE,8475.2,2026-06-22,0.019178082191780823,8521.233
2026-06-18,0.1348614941344045,0.2974472654828532,False,False,CARRY_FORWARD,0.015,2026-06-15,IM2606.CFE,8475.2,2026-06-22,0.019178082191780823,8521.233
2026-06-22,0.1779144916703015,0.2974472654828532,False,False,CARRY_FORWARD,0.015,2026-06-15,IM2606.CFE,8475.2,2026-06-22,0.019178082191780823,8521.233
2026-06-23,0.15108711285262255,0.2974472654828532,False,False,CARRY_FORWARD,0.015,2026-06-15,IM2606.CFE,8475.2,2026-06-22,0.019178082191780823,8521.233
2026-06-24,0.17287296956904163,0.2974472654828532,False,False,CARRY_FORWARD,0.015,2026-06-15,IM2606.CFE,8475.2,2026-06-22,0.019178082191780823,8521.233
2026-06-25,0.16456672507633224,0.2974472654828532,False,False,CARRY_FORWARD,0.015,2026-06-15,IM2606.CFE,8475.2,2026-06-22,0.019178082191780823,8521.233
2026-06-26,0.1599560839008068,0.2974472654828532,False,False,CARRY_FORWARD,0.015,2026-06-15,IM2606.CFE,8475.2,2026-06-22,0.019178082191780823,8521.233
2026-06-29,0.1692286030338957,0.2974472654828532,False,False,CARRY_FORWARD,0.015,2026-06-15,IM2606.CFE,8475.2,2026-06-22,0.019178082191780823,8521.233
2026-06-30,0.17606983993441694,0.17606983993441694,True,True,UPDATED,0.015,2026-06-30,IM2609.CFE,8504.2,2026-09-18,0.2191780821917808,8809.7859
2026-07-01,0.20575825551228838,0.17606983993441694,False,False,CARRY_FORWARD,0.015,2026-06-30,IM2609.CFE,8504.2,2026-09-18,0.2191780821917808,8809.7859
2026-07-02,0.15550563324879585,0.17606983993441694,False,False,CARRY_FORWARD,0.015,2026-06-30,IM2609.CFE,8504.2,2026-09-18,0.2191780821917808,8809.7859
2026-07-03,0.15324646231789357,0.17606983993441694,False,False,CARRY_FORWARD,0.015,2026-06-30,IM2609.CFE,8504.2,2026-09-18,0.2191780821917808,8809.7859
2026-07-06,0.13736391461729106,0.17606983993441694,False,False,CARRY_FORWARD,0.015,2026-06-30,IM2609.CFE,8504.2,2026-09-18,0.2191780821917808,8809.7859
2026-07-07,0.1286696698732438,0.17606983993441694,False,False,CARRY_FORWARD,0.015,2026-06-30,IM2609.CFE,8504.2,2026-09-18,0.2191780821917808,8809.7859
2026-07-08,0.1056437446899991,0.17606983993441694,False,False,CARRY_FORWARD,0.015,2026-06-30,IM2609.CFE,8504.2,2026-09-18,0.2191780821917808,8809.7859
2026-07-09,0.12307970096884885,0.17606983993441694,False,False,CARRY_FORWARD,0.015,2026-06-30,IM2609.CFE,8504.2,2026-09-18,0.2191780821917808,8809.7859
2026-07-10,0.13004883954157798,0.17606983993441694,False,False,CARRY_FORWARD,0.015,2026-06-30,IM2609.CFE,8504.2,2026-09-18,0.2191780821917808,8809.7859
2026-07-13,0.08785236309240174,0.17606983993441694,False,False,CARRY_FORWARD,0.015,2026-06-30,IM2609.CFE,8504.2,2026-09-18,0.2191780821917808,8809.7859
2026-07-14,0.11152468066616666,0.11152468066616666,True,True,UPDATED,0.015,2026-07-14,IM2609.CFE,7788.0,2026-09-18,0.18082191780821918,7925.1232
2026-07-15,0.08338641575145835,0.11152468066616666,False,False,CARRY_FORWARD,0.015,2026-07-14,IM2609.CFE,7788.0,2026-09-18,0.18082191780821918,7925.1232
2026-07-16,0.07446591714109506,0.11152468066616666,False,False,CARRY_FORWARD,0.015,2026-07-14,IM2609.CFE,7788.0,2026-09-18,0.18082191780821918,7925.1232
2026-07-17,0.09868800755790752,0.11152468066616666,False,False,CARRY_FORWARD,0.015,2026-07-14,IM2609.CFE,7788.0,2026-09-18,0.18082191780821918,7925.1232
2026-07-20,0.1167868938738219,0.11152468066616666,False,False,CARRY_FORWARD,0.015,2026-07-14,IM2609.CFE,7788.0,2026-09-18,0.18082191780821918,7925.1232
2026-07-21,0.09688769287608812,0.11152468066616666,False,False,CARRY_FORWARD,0.015,2026-07-14,IM2609.CFE,7788.0,2026-09-18,0.18082191780821918,7925.1232
2026-07-22,0.13029654419019643,0.11152468066616666,False,False,CARRY_FORWARD,0.015,2026-07-14,IM2609.CFE,7788.0,2026-09-18,0.18082191780821918,7925.1232
2026-07-23,0.12622271217994202,0.11152468066616666,False,False,CARRY_FORWARD,0.015,2026-07-14,IM2609.CFE,7788.0,2026-09-18,0.18082191780821918,7925.1232
2026-07-24,0.12350255263375387,0.11152468066616666,False,False,CARRY_FORWARD,0.015,2026-07-14,IM2609.CFE,7788.0,2026-09-18,0.18082191780821918,7925.1232
2026-07-27,0.09162515682996902,0.11152468066616666,False,False,CARRY_FORWARD,0.015,2026-07-14,IM2609.CFE,7788.0,2026-09-18,0.18082191780821918,7925.1232
2026-07-28,0.09848733878113011,0.09848733878113011,True,True,UPDATED,0.015,2026-07-28,IM2609.CFE,6943.2,2026-09-18,0.14246575342465753,7026.2761
2026-07-29,0.06356785459625333,0.09848733878113011,False,False,CARRY_FORWARD,0.015,2026-07-28,IM2609.CFE,6943.2,2026-09-18,0.14246575342465753,7026.2761
