date,DAILY_FIRST_DELTA,CUMULATIVE_FIRST_DELTA,DAILY_SECOND_DELTA_DELTA,CUMULATIVE_SECOND_DELTA_DELTA,DAILY_FIRST_SMILE_ROLL,CUMULATIVE_FIRST_SMILE_ROLL,DAILY_SECOND_SMILE_ROLL_SMILE_ROLL,CUMULATIVE_SECOND_SMILE_ROLL_SMILE_ROLL,DAILY_FIRST_ATM,CUMULATIVE_FIRST_ATM,DAILY_SECOND_ATM_ATM,CUMULATIVE_SECOND_ATM_ATM,DAILY_FIRST_SKEW,CUMULATIVE_FIRST_SKEW,DAILY_SECOND_SKEW_SKEW,CUMULATIVE_SECOND_SKEW_SKEW,DAILY_FIRST_CURV,CUMULATIVE_FIRST_CURV,DAILY_SECOND_CURV_CURV,CUMULATIVE_SECOND_CURV_CURV,DAILY_FIRST_TAU,CUMULATIVE_FIRST_TAU,DAILY_SECOND_TAU_TAU,CUMULATIVE_SECOND_TAU_TAU,DAILY_FIRST_R,CUMULATIVE_FIRST_R,DAILY_SECOND_R_R,CUMULATIVE_SECOND_R_R,DAILY_CROSS_DELTA_SMILE_ROLL,CUMULATIVE_CROSS_DELTA_SMILE_ROLL,DAILY_CROSS_DELTA_ATM,CUMULATIVE_CROSS_DELTA_ATM,DAILY_CROSS_DELTA_SKEW,CUMULATIVE_CROSS_DELTA_SKEW,DAILY_CROSS_DELTA_CURV,CUMULATIVE_CROSS_DELTA_CURV,DAILY_CROSS_DELTA_TAU,CUMULATIVE_CROSS_DELTA_TAU,DAILY_CROSS_DELTA_R,CUMULATIVE_CROSS_DELTA_R,DAILY_CROSS_SMILE_ROLL_ATM,CUMULATIVE_CROSS_SMILE_ROLL_ATM,DAILY_CROSS_SMILE_ROLL_SKEW,CUMULATIVE_CROSS_SMILE_ROLL_SKEW,DAILY_CROSS_SMILE_ROLL_CURV,CUMULATIVE_CROSS_SMILE_ROLL_CURV,DAILY_CROSS_SMILE_ROLL_TAU,CUMULATIVE_CROSS_SMILE_ROLL_TAU,DAILY_CROSS_SMILE_ROLL_R,CUMULATIVE_CROSS_SMILE_ROLL_R,DAILY_CROSS_ATM_SKEW,CUMULATIVE_CROSS_ATM_SKEW,DAILY_CROSS_ATM_CURV,CUMULATIVE_CROSS_ATM_CURV,DAILY_CROSS_ATM_TAU,CUMULATIVE_CROSS_ATM_TAU,DAILY_CROSS_ATM_R,CUMULATIVE_CROSS_ATM_R,DAILY_CROSS_SKEW_CURV,CUMULATIVE_CROSS_SKEW_CURV,DAILY_CROSS_SKEW_TAU,CUMULATIVE_CROSS_SKEW_TAU,DAILY_CROSS_SKEW_R,CUMULATIVE_CROSS_SKEW_R,DAILY_CROSS_CURV_TAU,CUMULATIVE_CROSS_CURV_TAU,DAILY_CROSS_CURV_R,CUMULATIVE_CROSS_CURV_R,DAILY_CROSS_TAU_R,CUMULATIVE_CROSS_TAU_R,DAILY_MODEL_PNL,CUMULATIVE_MODEL_PNL,DAILY_MARKET_PNL,CUMULATIVE_MARKET_PNL,DAILY_ACTUAL_PNL_AFTER_FEES,CUMULATIVE_ACTUAL_PNL_AFTER_FEES,DAILY_FEE_PNL,CUMULATIVE_FEE_PNL,DAILY_MODEL_RESIDUAL,CUMULATIVE_MODEL_RESIDUAL,DAILY_TOTAL_RESIDUAL,CUMULATIVE_TOTAL_RESIDUAL,DAILY_MARKET_NOISE,CUMULATIVE_MARKET_NOISE
2026-06-02,-299.8506018275657,-299.8506018275657,8.870978291164505,8.870978291164505,-3275.656124064613,-3275.656124064613,-0.2809998550724009,-0.2809998550724009,-127.18354499025554,-127.18354499025554,8.572541902114892,8.572541902114892,-27481.86676491132,-27481.86676491132,4.686881335574814,4.686881335574814,34.38399511580974,34.38399511580974,3.984892587174354,3.984892587174354,163.46273103845488,163.46273103845488,2.014425207192189,2.014425207192189,0.0,0.0,0.0,0.0,8.471053689077216,8.471053689077216,-1353.6825139701207,-1353.6825139701207,-42.694197821147895,-42.694197821147895,353.9292632356471,353.9292632356471,-762.822616660058,-762.822616660058,0.0,0.0,43.270041428398386,43.270041428398386,-1.0631684760469682,-1.0631684760469682,-1029.708547155598,-1029.708547155598,60.118880360500285,60.118880360500285,0.0,0.0,364.32232932379395,364.32232932379395,-11.774468426464608,-11.774468426464608,8.220367920969636,8.220367920969636,0.0,0.0,-124.88879817470206,-124.88879817470206,504.8736886566836,504.8736886566836,0.0,0.0,-6.138901597844878,-6.138901597844878,0.0,0.0,0.0,0.0,-32917.36984590182,-32917.36984590182,-38319.99999999714,-38319.99999999714,-41582.638399997144,-41582.638399997144,-3262.6384,-3262.6384,31.059331936427043,31.059331936427043,-5371.5708221588975,-5371.5708221588975,-5402.6301540953245,-5402.6301540953245
2026-06-03,-2549.006575180916,-2848.857177008482,106.66321763122733,115.53419592239183,-8146.220303714868,-11421.876427779482,-2.016264164198759,-2.29726401927116,-1258.2748286501774,-1385.458373640433,43.45035738554469,52.022899287659584,-64312.82222243804,-91794.68898734936,16.204508377176836,20.89138971275165,-84.43504220621139,-50.05104709040165,0.31180681970359014,4.296699406877944,141.55904326769178,305.02177430614665,1.312200657049539,3.326625864241728,0.0,0.0,0.0,0.0,91.89326177700558,100.36431546608279,-4618.510470878895,-5972.192984849015,-203.72703755011742,-246.4212353712653,304.77190436409114,658.7011675997383,-1543.1485444576601,-2305.971161117718,0.0,0.0,192.9559840525647,236.22602548096307,7.006612389916199,5.943443913869231,-852.2535797941946,-1881.9621269497925,155.7220558258628,215.84093618636308,0.0,0.0,1534.797880498472,1899.1202098222661,-6.302605401433894,-18.077073827898502,30.1542541627025,38.374622083672136,0.0,0.0,-132.78741103176202,-257.6762092064641,1230.621549599624,1735.4952382563074,0.0,0.0,-0.07813339202333225,-6.2170349898682105,0.0,0.0,0.0,0.0,-79710.9557697994,-112628.32561570122,-78299.99999999703,-116619.99999999418,-78434.99999999703,-120017.63839999418,-135.0,-3397.6384,141.2026122524985,172.26194418892555,1552.1583820548694,-3819.412440104028,1410.955769802371,-3991.6743842929536
2026-06-04,-657.7799320070772,-3506.637109015559,15.864466354356182,131.398662276748,2651.256126239273,-8770.62030154021,-0.794978807136542,-3.092242826407702,119.5198680792796,-1265.9385055611533,2.601585579421517,54.6244848670811,-8220.873174385717,-100015.56216173508,0.1633705568814836,21.054760269633135,-57.993921293071935,-108.04496838347359,-0.09856928299374479,4.1981301238842,1037.9566914583556,1342.9784657645023,8.633847025748297,11.960472889990026,0.0,0.0,0.0,0.0,22.53103161021722,122.8953470763,-224.41314720301494,-6196.60613205203,11.009487094739221,-235.41174827652608,-43.2040312548028,615.4971363449355,492.5728442205948,-1813.3983168971233,0.0,0.0,8.424164235960108,244.6501897169232,2.1245414177012343,8.067985331570465,132.38812119752927,-1749.5740057522632,-49.26972101302722,166.57121517333587,0.0,0.0,-27.85146291624217,1871.268746906024,0.30892048387873494,-17.768153344019765,-8.338032260934469,30.036589822737668,0.0,0.0,-6.803738386142767,-264.47994759260683,154.96713754056293,1890.4623757968702,0.0,0.0,1.0981157141045443,-5.118919275763666,0.0,0.0,0.0,0.0,-4630.516316260364,-117258.8419319616,-6680.000000003027,-123299.9999999972,-10363.160680003028,-130380.7990799972,-3683.16068,-7080.79908,5.484073741190514,177.74601793011607,-2043.9996100014732,-5863.412050105501,-2049.4836837426637,-6041.158068035617
2026-06-05,-1231.6922160423128,-4738.329325057872,491.0751355790303,622.4737978557783,16815.150874461477,8044.530572921267,-39.58901027641096,-42.68125310281866,-83.5367861435152,-1349.4752917046685,88.12375440833483,142.74823927541593,7237.8889105834505,-92777.67325115163,0.34332074678165125,21.398081016414785,50.833224062774434,-57.211744320699154,0.09259736394289764,4.290727487827097,1460.1410627934192,2803.1195285579215,13.397057669106267,25.357530559096293,0.0,0.0,0.0,0.0,860.148295769159,983.043642845459,-7245.175842901821,-13441.78197495385,-65.08862781221552,-300.50037608874163,623.1194544422243,1238.6165907871598,3070.7728179875694,1257.374501090446,0.0,0.0,279.74043629845744,524.3906260153806,-17.388064038406412,-9.320078706835947,-1900.3200710711894,-3649.8940768234525,-318.4710297560842,-151.89981458274832,0.0,0.0,131.0906525346627,2002.3593994406867,-10.779167359527946,-28.54732070354771,-48.086284807230584,-18.049694984492916,0.0,0.0,-14.309051514267676,-278.7889991068745,-140.06826956348493,1750.3941062333852,0.0,0.0,1.1234646202396021,-3.995454655524064,0.0,0.0,0.0,0.0,19638.300840399927,-97620.54109156167,23320.0,-99979.9999999972,23191.8936,-107188.90547999721,-128.1064,-7208.905479999999,-370.2357976342173,-192.48977970410124,3311.4633619658557,-2551.9486881396456,3681.699159600073,-2359.4589084355443
2026-06-08,-4469.297706539743,-9207.627031597614,2950.864148907247,3573.3379467630252,133372.84242281382,141417.3729957351,-2244.990413181865,-2287.6716662846834,-9147.430208614067,-10496.905500318735,435.0773688409108,577.8256081163267,85148.48236197536,-7629.190889176272,338.4605830134218,359.8586640298366,-934.3374355661617,-991.5491798868609,381.7470814415723,386.0378089293994,8917.021749609537,11720.141278167459,112.67182700413724,138.02935756323353,0.0,0.0,0.0,0.0,11546.885286608016,12529.928929453476,-26550.629739688648,-39992.4117146425,-3366.890305897996,-3667.3906819867375,9349.477193980278,10588.093784767438,9774.889702921362,11032.264204011808,0.0,0.0,2547.5405900633377,3071.9312160787185,-1932.960212632881,-1942.280291339717,-41924.96553752488,-45574.85961434833,-3583.4578623476964,-3735.3576769304445,0.0,0.0,2062.0199580843328,4064.3793575250193,-894.4993117141684,-923.0466324177161,-51.74984349526903,-69.79953847976195,0.0,0.0,-1114.1306461696388,-1392.9196452765132,-2411.8023946645194,-661.4082884311342,0.0,0.0,311.30713180729003,307.311677151766,0.0,0.0,0.0,0.0,158190.30943178397,60569.768340222305,171829.00922948553,71849.00922948832,165683.98024236195,58495.07476236475,-6145.028987123563,-13353.934467123563,-10431.83635724918,-10624.326136953281,3206.8634404523664,654.9147523127208,13638.699797701545,11279.240889266
2026-06-09,6854.508630932658,-2353.1184006649564,7935.597764800383,11508.935711563408,-55926.5770066054,85490.79598912969,317.78003079870996,-1969.8916354859734,-20517.959815383685,-31014.86531570242,1542.89909759621,2120.724705712537,-34669.258971761854,-42298.449860938126,36.482712902606764,396.3413769324433,2109.5220429200294,1117.9728630331686,14.044349717987714,400.0821586473871,-1459.9776209653319,10260.163657202127,19.568309009849628,157.59766657308316,0.0,0.0,0.0,0.0,3754.450437802457,16284.379367255933,-45168.57433354449,-85160.98604818698,-1350.133029355895,-5017.523711342632,2312.99865686889,12901.092441636327,-7233.839666933818,3798.42453707799,0.0,0.0,2112.646228267135,5184.577444345854,542.708330866312,-1399.571960473405,-8489.888258108056,-54064.747872456384,1064.0879183537363,-2671.269758576708,0.0,0.0,1492.2058186427937,5556.585176167813,-292.13748973029453,-1215.1841221480106,691.131587959954,621.332049480192,0.0,0.0,-97.39941390827485,-1490.319059184788,683.3961588297176,21.987870398583368,0.0,0.0,-70.0988645075466,237.2128126442194,0.0,0.0,0.0,0.0,-138072.24835880322,-77502.48001858091,-149879.99999999895,-78030.99077051063,-156234.95385991022,-97739.87909754548,-6354.953859911284,-19708.888327034845,5719.568035732227,-4904.758101221054,-6088.183605463493,-5433.268853150772,-11807.75164119572,-528.5107519297198
2026-06-10,-2233.3152723672683,-4586.433673032225,2707.5926348901567,14216.528346453564,52458.9568612562,137949.7528503859,-293.8129238205032,-2263.7045593064768,1498.7280991852022,-29516.137216517218,117.8683052511777,2238.5930109637147,35384.54850989338,-6913.901351044748,6.015007380741139,402.35638431318444,1983.092272791575,3101.0651358247433,-7.062079374246084,393.020079273141,2008.5279582625008,12268.691615464628,7.533553236212703,165.13121980929586,0.0,0.0,0.0,0.0,3552.3872271303917,19836.766594386325,-6527.672378079755,-91688.65842626675,-611.633119181565,-5629.156830524197,1476.539150945384,14377.63159258171,1741.6551444370386,5540.079681515029,0.0,0.0,487.4329845451332,5672.010428890987,-167.56882568678418,-1567.1407861601892,-6248.667363833454,-60313.41523628984,-512.9606163776365,-3184.230374954345,0.0,0.0,429.42342084094366,5986.008597008757,-14.235410766236384,-1229.419532914247,-44.8955079636053,576.4365415165868,0.0,0.0,-121.47034554998031,-1611.7894047347684,-359.72242894239275,-337.7345585438094,0.0,0.0,-18.49433933171533,218.71847331250407,0.0,0.0,0.0,0.0,85464.41982991167,7961.939811330754,130418.1977849837,52387.20701447307,124258.36190285896,26518.482805313484,-6159.835882124735,-25868.72420915958,-1234.3706888591842,-6139.128790080238,43719.407266212846,38286.13841306207,44953.77795507203,44425.26720314231
2026-06-11,-2396.8134113285196,-6983.247084360744,195.73701863726097,14412.265365090825,15321.9064736091,153271.659323995,-26.942215511300077,-2290.646774817777,-82.06870532621724,-29598.205921843437,140.25532921343756,2378.8483401771523,-12279.50439756105,-19193.405748605797,4.710042704756681,407.0664270179411,13.801688966396597,3114.86682479114,0.032900330339415924,393.0529796034804,2089.210630514746,14357.902245979374,11.910554792096047,177.0417746013919,0.0,0.0,0.0,0.0,290.92969564296385,20127.69629002929,-2026.0614465778046,-93714.71987284455,94.06460337197036,-5535.092227152227,-22.357938455109252,14355.273654126602,573.5218794919102,6113.601561006939,0.0,0.0,139.7343239314497,5811.744752822437,20.651906912031237,-1546.488879248158,85.78932252120622,-60227.625913768636,-150.74840918480987,-3334.978784139155,0.0,0.0,-157.44807136352506,5828.560525645232,3.9194556551455477,-1225.5000772591013,-55.88229791158541,520.5542436050014,0.0,0.0,-2.240880643886638,-1614.030285378655,129.97803914315801,-207.75651940065137,0.0,0.0,-0.8910020583239147,217.82747125418015,0.0,0.0,0.0,0.0,1921.2801783945615,9883.219989725316,-1926.0209452076815,50461.186069265386,-3411.0209452076815,23107.461860105803,-1485.0,-27353.72420915958,6.085088878703573,-6133.0437012015345,-3841.2160347235395,34444.92237833853,-3847.301123602243,40577.96607954007
2026-06-12,2509.4592120590823,-4473.787872301662,167.62748823968246,14579.892853330508,-18910.768807802742,134360.89051619224,-55.754022520883964,-2346.400797338661,3478.4025919079377,-26119.8033299355,297.263175768451,2676.111515945603,135240.42200644908,116047.01625784328,701.2690961182452,1108.3355231361863,-3180.7032013048174,-65.83637651367735,65.45169777493075,458.5046773784112,2826.1346125599766,17184.03685853935,17.752460190884328,194.79423479227623,0.0,0.0,0.0,0.0,383.1808330489549,20510.877123078244,-3114.8278862800935,-96829.54775912465,1575.9974891543234,-3959.0947379979034,-1217.477602197441,13137.796051929161,-688.3771589512731,5425.224402055665,0.0,0.0,198.44225798756932,6010.187010810006,545.0871218870318,-1001.4017573611261,4503.273628898846,-55724.35228486979,182.7665589465881,-3152.2122251925666,0.0,0.0,-2313.8393014101052,3514.7212242351266,272.57485982486924,-952.9252174342321,76.87266795073845,597.4269115557398,0.0,0.0,-1088.1946066167716,-2702.2248919954263,-1463.7096572640367,-1671.466176664688,0.0,0.0,68.41101397072917,286.2384852249093,0.0,0.0,0.0,0.0,120341.0634990253,130224.28348875062,109933.59096619909,160394.77703546447,108231.65217806192,131339.11403816773,-1701.9387881371613,-29055.662997296742,-735.6730293644359,-6868.7167305659705,-11143.145562190653,23301.776816147878,-10407.472532826218,30170.493546713853
2026-06-15,-28.35123672827467,-4502.139109029937,10.825880392205676,14590.718733722713,-5072.838684891219,129288.05183130103,-4.692248729685097,-2351.093046068346,-9066.37466788105,-35186.17799781655,1095.4162452367364,3771.5277611823394,631260.4818516453,747307.4981094885,2549.296150551252,3657.6316736874387,13130.536107609805,13064.699731096127,11.386903012667972,469.8915803910792,5693.239069145571,22877.275927684925,68.30316257079139,263.0973973630676,0.0,0.0,0.0,0.0,36.457892519247906,20547.33501559749,3647.363610433607,-93182.18414869104,1199.169000615075,-2759.9257373828286,-3485.1199736514545,9652.676078277706,-784.4138227443723,4640.810579311294,0.0,0.0,-241.61947367807903,5768.567537131927,807.862403073259,-193.53935428786713,12783.14283113164,-42941.20945373815,163.78549060747585,-2988.426734585091,0.0,0.0,34266.52656272035,37781.24778695547,-1097.534256632901,-2050.4594740671328,-76.47633849564772,520.9505730600921,0.0,0.0,-40030.69351042858,-42732.91840242401,-20972.534546517385,-22644.000723182075,0.0,0.0,-283.1682508879753,3.070234336933993,0.0,0.0,0.0,0.0,612896.7859014255,743121.0693901761,720011.8923807123,880406.6694161769,718399.7490134746,849738.8630516423,-1612.1433672377168,-30667.80636453446,-12683.190248572966,-19551.906979138937,94431.91623071379,117733.69304686166,107115.10647928675,137285.6000260006
2026-06-16,4481.584241589269,-20.554867440667294,270.98158663890945,14861.700320361622,-13828.574692144455,115459.47713915657,0.09600163887908764,-2350.997044429467,911.2693541701574,-34274.90864364639,36.571585181982385,3808.0993463643217,8451.220438786166,755758.7185482747,1.5996002342359157,3659.2312739216745,313.23323835406245,13377.93296945019,1.4909300051838699,471.38251039626306,-77.87020122807462,22799.40572645685,1.3572967277040857,264.4546940907717,0.0,0.0,0.0,0.0,56.19947057411176,20603.534486171604,3576.0952319995463,-89606.0889166915,104.91871005172086,-2655.0070273311076,635.0582781281078,10287.734356405814,-901.3257882659725,3739.484791045321,0.0,0.0,-267.10393627168315,5501.463600860244,-10.504444582000502,-204.04379886986763,-1369.951878888846,-44311.161332626994,141.20930560838264,-2847.217428976708,0.0,0.0,165.3992620591926,37946.64704901467,14.207796361348386,-2036.2516777057845,-20.24465333007346,500.70591973001865,0.0,0.0,39.13210470979278,-42693.786297714214,-86.7243704741565,-22730.72509365623,0.0,0.0,-4.52059590120129,-1.450361564267297,0.0,0.0,0.0,0.0,2745.563530909829,745866.6329210859,6220.00000000064,886626.6694161776,2403.3408049596437,852142.203856602,-3816.6591950409966,-34484.46555957546,110.75965917753865,-19441.147319961397,3585.19612826835,121318.88917513001,3474.4364690908114,140760.03649509142
2026-06-17,-5119.686068359297,-5140.240935799964,92.08066583761024,14953.780986199232,-13673.402659779074,101786.0744793775,-3.91853382107368,-2354.915578250541,146.02255245567994,-34128.88609119071,9.94443688896187,3818.0437832532834,-35844.00061356924,719914.7179347054,22.43574018333605,3681.6670141050104,-27.577677431083742,13350.355292019107,0.01699394534591807,471.399504341609,43.77531165810865,22843.18103811496,1.3250096799645394,265.7797037707362,0.0,0.0,0.0,0.0,-1.3035990120985446,20602.230887159505,1966.6969654916572,-87639.39195119984,-347.9006506887278,-3002.907678019835,-56.42864448464541,10231.305711921168,-810.2186853797931,2929.266105665528,0.0,0.0,-149.82662673900683,5351.636974121237,5.713641505702697,-198.33015736416493,133.0168163814027,-44178.14451624559,135.10875216227672,-2712.1086768144314,0.0,0.0,-395.96517560588427,37550.68187340879,-0.7246711971181132,-2036.9763489029026,-7.806610373107993,492.89930935691063,0.0,0.0,14.281195609626087,-42679.50510210459,355.29323368413293,-22375.431859972097,0.0,0.0,0.40669608021325776,-1.0436654840540391,0.0,0.0,0.0,0.0,-53199.4163747376,692667.2165463483,-62560.00000000007,824066.6694161774,-63055.00000000007,789087.2038566018,-495.0,-34979.46555957546,313.22583013853,-19127.921489822867,-9047.357795123942,112271.53138000607,-9360.583625262472,131399.45286982897
2026-06-18,-507.2026637803938,-5647.443599580358,63.69876138039939,15017.479747579631,-8828.531780954385,92957.54269842312,-12.029418421223184,-2366.944996671764,127.3965277518173,-34001.489563438896,12.613037940365636,3830.656821193649,23112.335905195985,743027.0538399015,-1.275873915939215,3680.391140189071,-289.9896805264448,13060.365611492662,-4.5559734125355185,466.84353092907344,356.6625157493388,23199.8435538643,1.1828312171273963,266.9625349878636,0.0,0.0,0.0,0.0,97.04803113649727,20699.278918296004,-1434.1864280730465,-89073.57837927289,129.77753968347236,-2873.130138336363,573.0653529545223,10804.37106487569,-529.123210593888,2400.14289507164,0.0,0.0,104.79887386982456,5456.435847991062,35.04481896436272,-163.2853383998022,-1384.8800190494067,-45563.024535295,87.05926766390627,-2625.049409150525,0.0,0.0,-281.51735146377325,37269.164521945015,1.7274643668620158,-2035.2488845360406,4.609615627957837,497.5089249848685,0.0,0.0,143.63692002176722,-42535.86818208282,-229.48487158897095,-22604.91673156107,0.0,0.0,4.380258630828536,3.3365931467744963,0.0,0.0,0.0,0.0,11340.410379324254,704007.6269256725,13760.000000000058,837826.6694161776,13625.000000000058,802712.2038566018,-135.0,-35114.46555957546,-11.850071050785118,-19139.771560873654,2407.739549625019,114679.2709296311,2419.5896206758043,133819.04249050477
2026-06-22,515.786768863516,-5131.656830716842,5.253207486436995,15022.732955066069,-2222.1547719573405,90735.38792646577,-0.18769958787492946,-2367.1326962596386,293.9763826146873,-33707.51318082421,1.4355060952582566,3832.0923272889077,66918.13943820106,809945.1932781026,-101.13551887734968,3579.2556213117214,-164.58453427632503,12895.781077216336,-2.2070086255303076,464.63652230354313,-149.17070065084226,23050.67285321346,-4.985731768625225,261.9768032192384,0.0,0.0,0.0,0.0,2.0533028280237273,20701.332221124027,144.79580804523025,-88928.78257122765,66.15614250675327,-2806.9739958296095,54.28774394765975,10858.65880882335,-479.87042476380265,1920.2724703078372,0.0,0.0,-12.205009299687992,5444.230838691374,0.514214812853794,-162.77112358694842,-131.68501064844187,-45694.70954594344,89.5640588631551,-2535.4853502873702,0.0,0.0,368.6513580260099,37637.81587997102,-3.281559503928854,-2038.5304440399693,-10.218016295419957,487.29090868944854,0.0,0.0,180.68153493205935,-42355.18664715076,-2695.7027728857456,-25300.619504446815,0.0,0.0,17.742438605876536,21.079031752651034,0.0,0.0,0.0,0.0,62585.80063651182,766593.4275621844,69459.9999999988,907286.6694161764,69369.9999999988,872082.2038566007,-90.0,-35204.46555957546,-95.84851017587062,-19235.620071049525,6778.350853311116,121457.62178294221,6874.199363486987,140693.24185399176
2026-06-23,12072.450172819721,6940.793342102879,177.05587752455062,15199.788832590619,20436.073505360797,111171.46143182657,52.977061780663604,-2314.155634478975,710.0886701671197,-32997.42451065709,-2.645928412293923,3829.446398876614,-58060.03977786363,751885.1535002389,-52.96006665709075,3526.2955546546305,-169.25809847527762,12726.522978741057,-9.909960668378915,454.7265616351642,-567.414792127488,22483.25806108597,-1.7323189898166398,260.24448422942174,0.0,0.0,0.0,0.0,-436.68808541103846,20264.644135712988,-2051.3082700635514,-90980.09084129121,337.24535293542124,-2469.7286428941884,1505.3549520123552,12364.013760835704,1122.08298801624,3042.3554583240775,0.0,0.0,165.4566362851909,5609.687474976565,-229.26660403170763,-392.03772761865605,-3913.416621227399,-49608.12616717084,-207.41918845636755,-2742.9045387437377,0.0,0.0,-474.97033677258923,37162.84554319843,12.623460386494067,-2025.9069836534752,-2.3699874894326314,484.9209212000159,0.0,0.0,438.4256574765723,-41916.760989674185,591.4362355489291,-24709.183268897887,0.0,0.0,-4.891903335896984,16.18712841675405,0.0,0.0,0.0,0.0,-28196.105035116983,738397.3225270674,-37219.99999999875,870066.6694161777,-38189.21131999875,833892.992536602,-969.21132,-36173.67687957546,366.9163345509296,-18868.703736498595,-8656.978630330837,112800.64315261137,-9023.894964881767,131669.34688911
2026-06-24,922.7637002270785,7863.557042329958,115.40052319410597,15315.189355784725,-9617.770444189597,101553.69098763698,-16.346141741072245,-2330.5017762200473,324.69550836135204,-32672.72900229574,51.99803987449005,3881.444438751104,-2501.7232288814566,749383.4302713574,0.03468558131248778,3526.330240235943,4.073164220224129,12730.596142961282,-0.0001974454745492871,454.72636418968966,913.7298776488856,23396.987938734856,4.988799521912519,265.2332837513343,0.0,0.0,0.0,0.0,213.5257300861679,20478.169865799155,-3102.3876626682904,-94082.4785039595,-13.730710093759505,-2483.459352987948,-8.286133898747208,12355.727626936956,-1112.9275490665595,1929.427909257518,0.0,0.0,175.29547368461365,5784.982948661179,-4.605923165311591,-396.64365078396764,20.561535427433455,-49587.56463174341,146.38117642753164,-2596.523362316206,0.0,0.0,48.057002445907756,37210.90254564434,0.12024196657886876,-2025.7867416868964,19.138317126553602,504.0592383265695,0.0,0.0,0.1636034526943004,-41916.59738622149,38.6148453592166,-24670.56842353867,0.0,0.0,-0.04523007827821535,16.141898338475833,0.0,0.0,0.0,0.0,-13340.25687445789,725057.0656526095,-21139.999999999985,848926.6694161777,-24967.081199999986,808925.911336602,-3827.0812,-40000.75807957546,38.02412216459197,-18830.679614334003,-7761.719003377504,105038.92414923388,-7799.743125542096,123869.6037635679
2026-06-25,-1240.4727627935063,6623.0842795364515,20.32725957028623,15335.51661535501,-7894.873674756235,93658.81731288074,-4.758192151321005,-2335.2599683713684,24.962207094886253,-32647.766795200852,31.49547437369094,3912.9399131247947,-17868.93557408508,731514.4946972723,-6.367685974903111,3519.96255426104,-121.07000209018179,12609.5261408711,-19.499899599503483,435.2264645901862,143.2527889576986,23540.240727692555,0.7811968438875978,266.01448059522187,0.0,0.0,0.0,0.0,9.43211371766263,20487.601979516818,-2334.079985161667,-96416.55848912116,-74.01520792203308,-2557.474560909981,652.8627490964782,13008.590376033433,-499.72075520859323,1429.7071540489246,0.0,0.0,189.43376933915724,5974.416718000336,-13.80024213132728,-410.4438929152949,-1494.8707969283084,-51082.43542867171,87.18879770003501,-2509.334564616171,0.0,0.0,431.354006915888,37642.256552560226,37.60759893268826,-1988.1791427542082,8.34672142297552,512.405959749545,0.0,0.0,-160.57183874582728,-42077.169224967314,197.69162449089043,-24472.87679904778,0.0,0.0,10.978618894631367,27.1205172331072,0.0,0.0,0.0,0.0,-29829.02368826956,695228.0419643399,-35699.99999999936,813226.6694161783,-39608.12375999936,769317.7875766025,-3908.12376,-43908.881839575464,58.298001928087615,-18772.381612405916,-5812.678309801713,99226.24583943216,-5870.976311729801,117998.6274518381
2026-06-26,11300.290927045397,17923.375206581848,1622.8330917761286,16958.34970713114,37087.388838077386,130746.20615095813,6.6634669062624425,-2328.596501465106,497.41043061686696,-32150.356364583986,3.849464055828321,3916.789377180623,-27889.746850093994,703624.7478471784,4.626079444690333,3524.5886337057304,-202.66753241193328,12406.858608459166,-3.2386652976677226,431.9877992925185,-134.05862559804268,23406.182102094514,0.6446169187055408,266.6590975139274,0.0,0.0,0.0,0.0,500.38734909370964,20987.98932861053,-2693.866265316966,-99110.42475443812,563.8461811062872,-1993.6283798036939,2905.9871510384774,15914.57752707191,2077.656479180861,3507.3636332297856,0.0,0.0,225.50652976967697,6199.923247770013,-88.44030429682607,-498.88419721212097,-7417.977315212102,-58500.41274388382,-395.4609118001342,-2904.795476416305,0.0,0.0,-171.20794327681662,37471.04860928341,-3.7667483710610483,-1991.9458911252693,-7.2658122347375524,505.14014751480744,0.0,0.0,244.21480622102752,-41832.95441874629,298.07016941377145,-24174.806629634008,0.0,0.0,1.6560558237530003,28.7765730568602,0.0,0.0,0.0,0.0,17139.96108945919,712368.003053799,19139.999999997148,832366.6694161755,18035.790519997146,787353.5780965997,-1104.20948,-45013.09131957546,-1193.373573119421,-19965.755185525337,806.6653374185357,100032.9111768507,2000.0389105379568,119998.66636237605
2026-06-29,823.1211215471849,18746.496328129033,4.7131713623810185,16963.06287849352,1589.2254389538525,132335.43158991198,-0.22523320401071367,-2328.8217346691167,163.84686080441907,-31986.509503779565,2.027763949683266,3918.817141130306,8991.821810655876,712616.5696578342,1.5039732449122205,3526.0926069506427,103.86956916617987,12510.728177625346,0.0055222123498269715,431.99332150486833,439.4340980282059,23845.61620012272,27.731619902931868,294.3907174168593,0.0,0.0,0.0,0.0,3.4412271671636048,20991.430555777693,-73.65405439884617,-99184.07880883697,-14.21916778240443,-2007.8475475860982,-22.943215354441584,15891.634311717467,341.9304884442288,3849.2941216740146,0.0,0.0,5.071992122543387,6204.995239892557,-0.21620569216244512,-499.1004029042834,53.005140175791766,-58447.40760370803,-52.59341384540216,-2957.3888902617073,0.0,0.0,30.305373254220537,37501.35398253763,0.8192837620414037,-1991.126607363228,-17.512577430408435,487.627570084399,0.0,0.0,12.107345760167707,-41820.84707298612,-303.0768475538734,-24477.88347718788,0.0,0.0,-3.8730246106159036,24.903548446244297,0.0,0.0,0.0,0.0,12107.383665653619,724475.3867194527,13140.000000000704,845506.6694161762,10785.000000000704,798138.5780966004,-2355.0,-47368.09131957546,1.715605011653679,-19964.039580513683,1034.331939358739,101067.24311620944,1032.6163343470853,121031.28269672314
2026-06-30,-14164.35197370284,4582.144354426193,540.8157094050821,17503.878587898602,-30080.423571669602,102255.00801824238,-141.40575093544555,-2470.2274856045624,231.29067816941415,-31755.21882561015,14.693489939931755,3933.5106310702377,-22047.059716062155,690569.5099417721,7.633522341413421,3533.726129292056,388.6014867331296,12899.329664358476,0.07426325352102126,432.06758475838933,478.47175701330184,24324.087957136024,3.776905084473216,298.1676225013325,0.0,0.0,0.0,0.0,997.4843768063921,21988.914932584084,-4072.1304353011587,-103256.20924413814,-578.5246077909991,-2586.3721553770974,2325.1563489366586,18216.790660654126,-2233.8588337757415,1615.4352878982731,0.0,0.0,291.6904260147192,6496.685665907276,-114.16976328221529,-613.2701661864987,-5173.628037965901,-63621.03564167393,349.4830238235474,-2607.90586643816,0.0,0.0,223.98176597567198,37725.3357485133,-10.791220049759993,-2001.917827412988,10.8555226769639,498.4830927613629,0.0,0.0,-163.30608124354166,-41984.153154229665,260.51300428388197,-24217.370472903996,0.0,0.0,-5.369721309701738,19.53382713654256,0.0,0.0,0.0,0.0,-69988.95966770232,654486.4270517504,-73760.0000000007,771746.6694161755,-73790.0000000007,724348.5780965997,-30.0,-47398.09131957546,2671.5377649285947,-17292.50181558509,-1099.502567369782,99967.74054883966,-3771.0403322983766,117260.24236442476
2026-07-01,-7.9990562799575855,4574.145298146235,-1.9680881847965814,17501.910499713806,-2437.998076676722,99817.00994156566,-1.4242268775792062,-2471.6517124821416,2473.3535472183084,-29281.865278391844,72.76368539086948,4006.274316461107,46970.263864718014,737539.7738064901,63.772643829667985,3597.4987731217243,514.842050266413,13414.171714624888,14.570604108622511,446.6381888670118,1134.9361990896175,25459.02415622564,6.026616083954133,304.19423858528666,0.0,0.0,0.0,0.0,7.066326796728769,21995.981259380813,-591.9704027010649,-103848.1796468392,86.44468964273145,-2499.927465734366,234.38986678959895,18451.180527443725,-155.91555201913465,1459.5197358791386,0.0,0.0,45.311192858572376,6541.996858765849,38.730331547882784,-574.539834638616,-560.7922561020621,-64181.82789777599,27.52146035211838,-2580.3844060860415,0.0,0.0,-945.8475222874832,36779.48822622582,-66.9798645719375,-2068.8976919849256,13.210734338383432,511.69382709974633,0.0,0.0,491.26258902206246,-41492.89056520761,-545.8808259155842,-24763.25129881958,0.0,0.0,-15.674715188169408,3.859111948373151,0.0,0.0,0.0,0.0,46833.13186358783,701319.5589153382,55520.000000000684,827266.6694161762,53525.000000000684,777873.5780966004,-1995.0,-49393.09131957546,-28.883951661242463,-17321.38576724633,8657.984184751615,108625.72473359128,8686.868136412857,125947.11050083762
2026-07-02,6941.00891946652,11515.154217612755,-1443.8163024230344,16058.094197290771,-42362.36768904583,57454.64225251983,112.36042601953409,-2359.291286462608,-707.308325573169,-29989.173603965013,-88.19933635617457,3918.0749801049324,12954.642868819328,750494.4166753094,-0.977012789612397,3596.521760332112,-107.64371035492877,13306.52800426996,-0.844692509472754,445.7934963575391,-531.4413192154725,24927.58283701017,-4.84981990574753,299.3444186795391,0.0,0.0,0.0,0.0,-1586.6781270463127,20409.3031323345,15223.675880029341,-88624.50376680985,-197.86734694163,-2697.7948126759957,-2607.1929682273085,15843.987559216417,-4494.175422400745,-3034.655686521607,0.0,0.0,-1022.9290598010089,5519.067798964839,-22.56829361923758,-597.1081282578535,7170.3619910212,-57011.46590675479,722.9304140098228,-1857.4539920762186,0.0,0.0,319.95278456670144,37099.44101079252,20.407690536857274,-2048.490001448068,40.713328513755755,552.407155613502,0.0,0.0,-69.27963836119058,-41562.1702035688,-222.35986836593167,-24985.611167185514,0.0,0.0,-0.9997811940647665,2.8593307543083846,0.0,0.0,0.0,0.0,-9807.482279937365,691512.0766354009,3939.9999999987776,831206.669416175,-770.9405200012225,777102.6375765991,-4710.94052,-54104.03183957546,2157.9621312103627,-15163.423636035968,15905.444411146505,124531.1691447378,13747.482279936143,139694.59278077376
2026-07-03,333.5894630062612,11848.743680619016,-0.949233708921895,16057.14496358185,-1132.1598251848159,56322.48242733501,0.15002668771977057,-2359.141259774888,-902.2105412032615,-30891.384145168275,-83.14149066165646,3834.933489443276,17916.089994241764,768410.5066695511,-1.5041899899176467,3595.0175703421946,402.1842546253861,13708.712258895346,-0.7921335102213796,445.0013628473177,-1141.580456950227,23786.002380059945,-5.904759376562845,293.4396593029763,0.0,0.0,0.0,0.0,-2.1168382365539458,20407.186294097944,-542.1266748904156,-89166.63044170027,-7.065159236575994,-2704.859971912572,66.80928191273087,15910.796841129148,-145.86484329072957,-3180.5205298123365,0.0,0.0,26.90768771978735,5545.975486684627,-2.7553164151996974,-599.8634446730532,-203.50763377680119,-57214.973540531595,18.71848621759974,-1838.7355058586188,0.0,0.0,-439.89560297561513,36659.545407816906,17.258701512643796,-2031.2312999354244,-14.195383286755316,538.2117723267468,0.0,0.0,70.38777572582046,-41491.782427842976,-298.39899654715407,-25284.01016373267,0.0,0.0,-2.8333333301149537,0.025997424193430874,0.0,0.0,0.0,0.0,13900.60744783987,705412.6840832408,30279.99999999866,861486.6694161736,26161.02419999866,803263.6617765978,-4118.9758,-58223.00763957546,-24.485811238344468,-15187.909447274313,16354.906740920447,140886.07588565824,16379.392552158792,156073.98533293256
2026-07-06,2929.8558489910793,14778.599529610095,-356.3201207515931,15700.824842830258,-22229.563101291726,34092.91932604328,25.528370995475115,-2333.612888779413,-9.826510872780915,-30901.210656041054,-0.034853470561234126,3834.8986359727146,-10929.503264894149,757481.003404657,-3.128293437604408,3591.88927690459,275.07236635600145,13983.784625251348,-0.716785456392274,444.2845773909254,-643.9956267046928,23142.00675335525,-38.80226396220941,254.6373953407669,0.0,0.0,0.0,0.0,-218.022695824704,20189.16359827324,111.74575865545165,-89054.88468304482,179.4771720157667,-2525.382799896805,-415.42302720303223,15495.373813926115,-4194.686786925205,-7375.207316737541,0.0,0.0,-9.073823032914765,5536.901663651713,1.7962334674863598,-598.0672112055669,1038.367431911038,-56176.60610862056,780.8393341706153,-1057.8961716880035,0.0,0.0,-4.629676491325704,36654.91573132558,0.28941891380387336,-2030.9418810216205,2.3702369192157384,540.5820092459625,0.0,0.0,22.700485480672192,-41469.0819423623,389.10163270011697,-24894.908531032554,0.0,0.0,-14.116843624635152,-14.090846200441721,0.0,0.0,0.0,0.0,-32849.82728456106,672562.8567986798,-22020.0,839466.6694161736,-26984.85732,776278.8044565979,-4964.85732,-63187.86495957546,460.8720988057612,-14727.037348468551,11290.699383366824,152176.77526902506,10829.827284561063,166903.81261749362
2026-07-07,-12109.774069394858,2668.8254602152374,-840.7787197868056,14860.046123043452,-29652.21015748618,4440.7091685570995,39.62592494626995,-2293.986963833143,1131.6250972330172,-29769.585558808038,-100.01794419446085,3734.8806917782535,-20217.527803402994,737263.475601254,-4.025485912892876,3587.8637909916974,-356.8007351512033,13626.983890100146,1.1696168779812943,445.4541942689067,-42.949096555884125,23099.057656799367,-3.046486585442046,251.59090875532485,0.0,0.0,0.0,0.0,-349.0847509993183,19840.078847273922,-9298.190410999832,-98353.07509404465,415.8814674347859,-2109.501332462019,1497.0393414778434,16992.41315540396,-2105.5490068554172,-9480.75632359296,0.0,0.0,816.9480563565647,6353.8497200082775,-3.4771028180243206,-601.5443140235911,-3288.8645536821446,-59465.4706623027,389.36336012655596,-668.5328115614475,0.0,0.0,568.8717447761495,37223.78747610173,13.892800576886245,-2017.0490804447343,-43.22170789740085,497.3603013485616,0.0,0.0,-119.5175558231518,-41588.59949818545,267.46822593631464,-24627.44030509624,0.0,0.0,3.4030958032003014,-10.68775039724142,0.0,0.0,0.0,0.0,-71518.1155499077,601044.7412487721,-72280.00000000041,767186.6694161731,-75175.00000000041,701103.8044565974,-2895.0,-66082.86495957547,1871.6313060927641,-12855.406042375787,1109.7468560000561,153286.5221250251,-761.884450092708,166141.9281674009
2026-07-08,12641.87357977347,15310.699039988707,-927.0108629723413,13933.03526007111,-31640.7218627767,-27200.0126942196,-34.02755294210448,-2328.0145167752476,-2224.1305488684156,-31993.716107676453,-107.92103861877413,3626.9596531594793,-18931.127172663095,718332.3484285909,-3.5225738143374166,3584.3412171773602,1413.0969689084513,15040.080859008598,0.44366154516587386,445.89785581407256,306.89977048684113,23405.95742728621,-2.4492737506010354,249.1416350047238,0.0,0.0,0.0,0.0,82.11157440746524,19922.19042168139,10424.060860443382,-87929.01423360127,377.55315545477896,-1731.94817700724,-3135.805103944691,13856.608051459269,-2166.6406451492194,-11647.396968742178,0.0,0.0,-852.0397555764049,5501.809964431873,-67.35216789524316,-668.8964819188343,7786.554767401288,-51678.915894901416,396.71023226781574,-271.82257929363175,0.0,0.0,-514.7051538520298,36709.0823222497,36.47229325209983,-1980.5767871926344,54.55084635425925,551.9111477028209,0.0,0.0,206.2484255820221,-41382.35107260343,238.198262881181,-24389.242042215057,0.0,0.0,-14.915712140040526,-25.603462537281946,0.0,0.0,0.0,0.0,-25279.509117765236,575765.2321310069,-47799.999999999476,719386.6694161736,-48902.32991999947,652201.474536598,-1102.32992,-67185.19487957547,1378.0859084404728,-11477.320133935315,-21142.404973793764,132144.11715123133,-22520.490882234237,143621.43728516667
2026-07-09,-293.0756016668747,15017.623438321833,272.3843110178169,14205.419571088927,4182.47759039574,-23017.53510382386,-14.512870877894766,-2342.5273876531423,3.4216000732410095,-31990.294507603212,-0.005083372741614359,3626.954569786738,19675.077502564738,738007.4259311557,-18.552956285997606,3565.788260891363,-1007.3410337872817,14032.739825221317,-5.517455919392697,440.38039989467984,197.11021868726095,23603.067645973468,-0.4200571135777106,248.7215778911461,0.0,0.0,0.0,0.0,691.2054221296884,20613.39584381108,62.06368235656292,-87866.9505512447,359.6399951541767,-1372.3081818530634,-651.920604491568,13204.6874469677,496.73175447284547,-11150.665214269333,0.0,0.0,-1.2969049488689461,5500.513059483003,-76.77228776468434,-745.6687696835186,1659.3201412732778,-50019.595753628135,-23.716453197287414,-295.53903249091917,0.0,0.0,-5.672657351163117,36703.409664898536,0.41614353996562803,-1980.1606436526688,-0.14137374120268092,551.7697739616183,0.0,0.0,78.44877066084288,-41303.90230194259,-105.8304912621252,-24495.07253347718,0.0,0.0,7.105424406536541,-18.498038130745407,0.0,0.0,0.0,0.0,24925.41830443105,600690.6504354379,28680.000000000233,748066.6694161738,25581.205680000232,677782.6802165982,-3098.79432,-70283.98919957547,-555.2084205209649,-12032.52855445628,3199.3732750482186,135343.49042627955,3754.5816955691835,147376.01898073585
2026-07-10,-6712.144391329901,8305.479046991932,-317.7421178290879,13887.67745325984,-28020.805061856965,-51038.34016568083,76.59301954946602,-2265.934368103676,54.076935468283295,-31936.21757213493,-0.11876757391225401,3626.8358022128255,-36035.240010256886,701972.1859208988,-5.729998476332135,3560.0582624150306,-437.72995207744407,13595.009873143874,-7.234194550074342,433.1462053446055,-1124.877453164987,22478.19019280848,-7.110741364152221,241.61083652699386,0.0,0.0,0.0,0.0,-1081.8459847615036,19531.549859049574,684.1529474540093,-87182.79760379069,323.79723526381144,-1048.510946589252,-3502.549267316274,9702.138179651427,-4874.2769070542445,-16024.942121323576,0.0,0.0,-29.379402428220008,5471.133657054784,126.14248334994227,-619.5262863335763,10823.351196601661,-39196.244557026475,537.5233400534293,241.98430756251008,0.0,0.0,-38.522278875018756,36664.88738602352,1.528200672951094,-1978.6324429797178,0.2984793101010119,552.0682532717193,0.0,0.0,242.01659018877655,-41061.885711753814,694.6241763878436,-23800.44835708934,0.0,0.0,-1.140550168439944,-19.63858829918535,0.0,0.0,0.0,0.0,-66548.0473705568,534142.6030648812,-117480.00000000087,630586.6694161729,-122196.23020000088,555586.4500165973,-4716.2302,-75000.21939957548,2084.2951042263885,-9948.23345022989,-48847.65752521769,86495.83290106186,-50931.95262944408,96444.06635129178
2026-07-13,27353.67590193241,35659.15494892434,-3180.264770181064,10707.412683078775,-56802.33623209548,-107840.6763977763,173.9889064233912,-2091.945461680285,-99.34872058585461,-32035.566292720785,-984.8334961245591,2642.0023060882663,-170704.24210886314,531267.9438120357,-181.45994905247176,3378.5983133625587,207.71422811979028,13802.724101263664,-19.717018656790316,413.4291866878152,-925.4903813606725,21552.69981144781,-36.378074792871956,205.2327617341219,0.0,0.0,0.0,0.0,-4736.757761174344,14794.79209787523,242324.79163511755,155141.99403132685,5059.195226851614,4010.6842802623623,-16022.652545175402,-6320.514365523975,-50028.16355521165,-66053.10567653523,0.0,0.0,-6728.717965372815,-1257.5843083180316,420.48939158215944,-199.03689475141687,47527.50093887472,8331.256381848245,3423.8208166805416,3665.8051242430515,0.0,0.0,-20377.4064053813,16287.480980642216,253.69372945739224,-1724.9387135223255,302.8972416563902,854.9654949281095,0.0,0.0,1664.3130852069112,-39397.572626546906,10313.026645908521,-13487.421711180818,0.0,0.0,-51.59825395615462,-71.23684225533998,0.0,0.0,0.0,0.0,69591.85077525512,603734.4538401363,67260.0000000007,697846.6694161736,62347.7436800007,617934.1936965979,-4912.25632,-79912.47571957548,61446.1102654282,51497.87681519831,59114.259490173776,145610.09239123564,-2331.8507752544247,94112.21557603736
2026-07-14,10173.02647478503,45832.18142370937,196.44071794811828,10903.853401026894,-213.4453664738752,-108054.12176425017,3.107504938158133,-2088.837956742127,246.4354791623515,-31789.130813558433,-0.10640170906103785,2641.895904379205,38133.58007545954,569401.5238874953,-77.97401397763292,3300.6242993849255,819.6611410242077,14622.385242287872,-1.9262162386393928,411.50297044917585,621.9475171459194,22174.647328593728,0.10552481248124548,205.33828654660314,0.0,0.0,0.0,0.0,723.0504870445734,15517.842584919803,443.1365621821609,155585.130593509,448.8308075654606,4459.515087827823,221.81961878358265,-6098.6947467403925,353.6313291061276,-65699.4743474291,0.0,0.0,1.1599979913820366,-1256.4243103266497,-264.4716163789859,-463.5085111304028,-675.524642271925,7655.73173957632,-0.09590645275550624,3665.709217790296,0.0,0.0,-92.97968954920174,16194.501291093015,-2.9756902679754225,-1727.9144037903009,-1.9818935689750923,852.9836013591344,0.0,0.0,-60.687081383949604,-39458.259707930854,-195.1306217769905,-13682.552332957808,0.0,0.0,-5.615730140367205,-76.85257239570718,0.0,0.0,0.0,0.0,50525.42472314641,654259.8785632827,50359.999999998996,748206.6694161725,45615.500879998996,663549.694576597,-4744.49912,-84656.97483957547,-267.5936446123378,51230.28317058597,-433.01836775975244,145177.07402347587,-165.42472314741462,93946.79085288994
2026-07-15,4224.457394860219,50056.63881856959,-134.6421807988471,10769.211220228048,-11124.183903132183,-119178.30566738236,4.877533247680155,-2083.960423494447,-676.0919055884133,-32465.22271914685,-53.09544649567306,2588.800457883532,22036.40201209909,591437.9258995943,-3.7488444081490933,3296.8754549767764,179.28716816649842,14801.67241045437,0.3373759413354236,411.8403463905113,-64.69452490504409,22109.952803688684,-3.5184409941204873,201.81984555248266,0.0,0.0,0.0,0.0,-69.4734699950587,15448.369114924744,3576.90756984137,159162.03816335037,-182.83678270723306,4276.678305120589,-312.9504385052323,-6411.645185245625,-1129.5350675217646,-66829.00941495087,0.0,0.0,-222.38575057354058,-1478.8100609001904,0.6301441364675497,-462.87836699393523,748.1425130332988,8403.87425260962,155.65846729684245,3821.3676850871384,0.0,0.0,448.825944138595,16643.32723523161,4.707162384389754,-1723.2072414059112,32.31987331075666,885.303474669891,0.0,0.0,-52.87385079776432,-39511.133558728616,-310.39806180108064,-13992.95039475889,0.0,0.0,-2.0103436152410126,-78.8629160109482,0.0,0.0,0.0,0.0,17040.60038013637,671300.4789434191,51439.99999999959,799646.6694161722,48276.560919999596,711826.2554965966,-3163.43908,-87820.41391957547,-29.513766480838967,51200.76940410513,34369.88585338239,179546.95987685825,34399.39961986322,128346.19047275317
2026-07-16,-11277.67973887379,38778.9590796958,-1039.2187889650131,9729.992431263036,-28120.033982396246,-147298.33964977862,62.99824334494997,-2020.9621801494968,-703.5645380325805,-33168.78725717943,-270.6294188484067,2318.1710390351254,-49663.934961747385,541773.990937847,-73.78562149076602,3223.0898334860103,319.8725371924187,15121.54494764679,-0.9644052114332715,410.87594117907804,-307.8266629903378,21802.126140698347,-7.167415627213909,194.65242992526876,0.0,0.0,0.0,0.0,-957.9203200005114,14490.448794924232,16987.088619638893,176149.12678298927,1430.1626659804037,5706.840971100994,-748.8696948649426,-7160.514880110568,-3058.4735933767756,-69887.48300832765,0.0,0.0,-965.3326102090002,-2444.142671109191,44.95446442494813,-417.9239025689871,1797.0744180210127,10200.948670630632,393.48679549751216,4214.85448058465,0.0,0.0,-1799.8160474563792,14843.51118777523,30.888352297324936,-1692.3188891085863,87.47575548683821,972.7792301567292,0.0,0.0,105.34239696496246,-39405.79116176366,709.2015117846549,-13283.748882974234,0.0,0.0,-7.127750936142595,-85.99066694709079,0.0,0.0,0.0,0.0,-74120.4014606537,597180.0774827653,-101139.99999999854,698506.6694161736,-101325.52671999854,610500.728776598,-185.52672,-88005.94063957546,2913.3983297392406,54114.16773384437,-24106.200209605602,155440.75966725266,-27019.598539344843,101326.59193340832
2026-07-17,14603.413917738711,53382.37299743451,5669.201556098773,15399.193987361808,-9153.043593506954,-156451.38324328559,-125.46273424115847,-2146.4249143906554,124.90006792108443,-33043.88718925834,-7.793789974987215,2310.377249060138,-152564.6477899092,389209.34314793773,-2013.599650523362,1209.4901829626483,5802.227514399672,20923.77246204646,-123.25368439748333,287.62225678159473,237.88797268957404,22040.014113387922,-0.8609443414170652,193.7914855838517,0.0,0.0,0.0,0.0,10612.173629549696,25102.622424473928,5417.4967099907635,181566.62349298003,11568.378484802539,17275.219455903534,-6292.8676765284345,-13453.382556639002,-1637.7650520428388,-71525.24806037049,0.0,0.0,-86.21454534562511,-2530.357216454816,-1543.4597553724661,-1961.3836579414533,21126.347278950216,31327.295949580846,58.99388665408366,4273.848367238734,0.0,0.0,-938.7956159340424,13904.715571841187,81.97544830552873,-1610.3434408030575,6.07636933614414,978.8555994928734,0.0,0.0,1556.3378034760406,-37849.45335828762,778.8037663286293,-12504.945116645606,0.0,0.0,-46.328949873077185,-132.31961682016797,0.0,0.0,0.0,0.0,-72529.70519309735,524650.372289668,-88100.0,610406.6694161736,-91338.21888,519162.509896598,-3238.21888,-91244.15951957546,24360.17418265232,78474.34191649669,8789.879375749675,164230.63904300233,-15570.294806902646,85756.29712650567
2026-07-20,4000.9859501966857,57383.3589476312,-779.8036479377081,14619.3903394241,-1578.4735312244302,-158029.85677451,-32.40340791269827,-2178.8283223033536,-30477.21216856336,-63521.0993578217,-3080.5846908604194,-770.2074418002812,82280.2238476639,471489.56699560164,-763.6432372148745,445.8469457477738,-6447.997530514542,14475.77493153192,-18.76480176555541,268.8574550160393,4964.992546875809,27005.00666026373,-8.58245587265096,185.20902971120074,0.0,0.0,0.0,0.0,5476.159242685916,30578.781667159845,25252.311900450342,206818.93539343038,-6533.346711452636,10741.872744450899,1025.2819013599553,-12428.100655279048,-2353.196343667676,-73878.44440403816,0.0,0.0,-1195.5932117593097,-3725.9504282141256,3185.133240121765,1223.7495821803118,-4119.503940606166,27207.79200897468,141.3590057434924,4415.207372982226,0.0,0.0,3671.830529686407,17576.546101527594,-469.02317613471075,-2079.3666169377684,936.9111640008491,1915.7667634937225,0.0,0.0,240.56666863001502,-37608.8866896576,-1156.5597311986978,-13661.504847844304,0.0,0.0,109.88099819365466,-22.438618626513303,0.0,0.0,0.0,0.0,68052.42370286095,592702.7959925289,36660.0000000007,647066.6694161743,35785.2492000007,554947.7590965987,-874.7508,-92118.91031957546,-4218.524706062395,74255.8172104343,-35610.948408922646,128619.69063407968,-31392.42370286025,54363.87342364542
2026-07-21,-6537.96767711034,50845.39127052086,-10192.434002506165,4426.956336917936,21480.147419869347,-136549.70935464065,-518.844356246896,-2697.6726785502497,44441.249804141626,-19079.849553680076,-7063.90648193132,-7834.113923731601,150908.8142863266,622398.3812819283,-2352.76503628609,-1906.9180905383162,-36431.23339938902,-21955.4584678571,-1239.5228526000267,-970.6653975839874,3421.791573362096,30426.79823362583,-16.851385472213174,168.35764423898758,0.0,0.0,0.0,0.0,7360.970164713805,37939.75183187365,87159.58097730052,293978.5163707309,18785.8974402983,29527.7701847492,-17153.710055330863,-29581.810710609912,5493.760720318215,-68384.68368371995,0.0,0.0,-2382.4425535444384,-6108.392981758564,-7185.673524101019,-5961.923941920708,50043.21249448226,77251.00450345693,-333.2693706166351,4081.938002365591,0.0,0.0,-12526.819992748962,5049.726108778632,5803.301109189746,3723.9344922519776,-1308.9180962558514,606.848667237871,0.0,0.0,3833.610296790756,-33775.27639286684,-2057.835820741616,-15719.340668585919,0.0,0.0,683.9513810789606,661.5127624524473,0.0,0.0,0.0,0.0,276814.8829204668,869517.6789129957,255519.9999999985,902586.6694161728,252162.94527999847,807110.7043765972,-3357.05472,-95475.96503957546,-15299.21014252404,58956.607067910256,-36594.0930629924,92025.59757108729,-21294.882920468357,33068.99050317706
2026-07-22,-6457.570809809491,44387.820460711366,-484.0649990729903,3942.8913378449456,-20518.299910261558,-157068.0092649022,-61.62973919419244,-2759.302417744442,12143.117097606468,-6936.732456073609,397.131541688831,-7436.98238204277,136007.88523482997,758406.2665167582,326.06944714374777,-1580.8486433945684,1831.1599661557902,-20124.298501701312,19.388660630889895,-951.2767369530975,899.8002099245541,31326.59844355038,4.435573523249648,172.79321776223722,0.0,0.0,0.0,0.0,203.064901484938,38142.81673335859,-14744.512812918607,279234.00355781225,-309.6423525598623,29218.127832189337,1231.3529384910703,-28350.457772118843,-1004.3458857743267,-69389.02956949428,0.0,0.0,668.6748664324205,-5439.718115326144,774.8471381393056,-5187.076803781402,-6238.173748496346,71012.83075496058,163.3237113547045,4245.261713720295,0.0,0.0,-4516.754234269674,532.9718745089576,-213.89279878317086,3510.041693468807,-15.840534879136385,591.0081323587347,0.0,0.0,466.3962395183605,-33308.88015334848,-1088.344140539716,-16807.684809125636,0.0,0.0,-25.16041932759469,636.3523431248526,0.0,0.0,0.0,0.0,96929.69002787117,966447.3689408669,106387.0798745522,1008973.749290725,102286.15543444801,909396.8598110452,-4100.9244401042,-99576.88947967965,-2528.725113166496,56427.88195474376,6928.664733514544,98954.26230460183,9457.38984668104,42526.380349858104
2026-07-23,2863.4846413587074,47251.30510207007,-7.777635160063369,3935.1137026848824,10515.631255954788,-146552.37800894742,17.1485560172532,-2742.153861727189,-4191.480130844255,-11128.212586917864,-166.12104428951093,-7603.103426332281,-15119.481514172126,743286.7850025861,-4.266506381488764,-1585.1151497760573,-109.40723898809756,-20233.70574068941,-3.2226475081327375,-954.4993844612302,-1197.5281618489685,30129.070281701413,-4.802141440340583,167.99107632189663,0.0,0.0,0.0,0.0,-100.88228931144101,38041.93444404715,3228.0195656888577,282462.0231235011,-74.5964577728044,29143.531374416532,-250.7571686915257,-28601.21494081037,430.62459756723183,-68958.40497192704,0.0,0.0,-209.24365380418845,-5648.961769130332,-35.83743160577379,-5222.914235387176,990.3925994665663,72003.22335442714,-89.75171311103853,4155.510000609256,0.0,0.0,329.4919549390623,862.4638294480199,43.88639420721732,3553.928087676024,-7.6168656802540795,583.3912666784806,0.0,0.0,-31.66507548342472,-33340.54522883191,132.03553047382536,-16675.64927865181,0.0,0.0,5.393164870732932,641.7455079955855,0.0,0.0,0.0,0.0,-2975.3002113404946,963472.0687295264,-4384.803694270202,1004588.9455964548,-5944.803694270202,903452.056116775,-1560.0,-101136.88947967965,73.0292042087076,56500.91115895247,-1336.4742787209998,97617.78802588083,-1409.5034829297074,41116.876866928396
2026-07-24,-10420.968320581014,36830.33678148906,-2785.9938001816117,1149.1199025032706,-59497.053137180206,-206049.43114612764,217.72937288024332,-2524.4244888469457,-1439.022588074491,-12567.235174992355,-431.0485214130349,-8034.151947745316,43189.0260564482,786475.8110590343,-34.998743687450585,-1620.1138934635078,-74.60454070707385,-20308.310281396483,-0.45327564027492384,-954.9526601015051,-559.4658913831481,29569.604390318265,-6.676792310101787,161.31428401179485,0.0,0.0,0.0,0.0,-2804.261367899795,35237.67307614735,34103.88515517124,316565.9082786724,-1244.0292847788064,27899.502089637725,742.2633535787102,-27858.95158723166,-4903.763641537178,-73862.16861346422,0.0,0.0,-2570.3596441911036,-8219.321413321435,-68.50839515723737,-5291.422630544414,-2067.9935419679837,69935.22981245916,899.2570538973465,5054.767054506603,0.0,0.0,1942.5991122804112,2805.062941728431,-25.224699666933716,3528.7033880090903,104.21021810159152,687.6014847800722,0.0,0.0,53.19589683399346,-33287.34933199791,-660.6877182632411,-17336.33699691505,0.0,0.0,3.4429140339469804,645.1884220295325,0.0,0.0,0.0,0.0,-5473.99852634815,957998.0702031782,-6520.000000001746,998068.945596453,-11230.923472458093,892221.1326443169,-4710.923472456347,-105847.812952136,2865.506245046785,59366.41740399925,1819.504771393189,99437.29279727401,-1046.001473653596,40070.8753932748
2026-07-27,-16001.63145750761,20828.70532398145,-6075.808797554908,-4926.688895051637,84986.86474234881,-121062.56640377882,331.23812835563785,-2193.186360491308,485.536172606151,-12081.699002386204,-380.90851790620616,-8415.060465651522,-17876.880190189848,768598.9308688445,-15.517388257710785,-1635.6312817212186,-3985.6929482415426,-24294.003229638027,-76.5533531428898,-1031.5060132443948,-2735.8482690916935,26833.756121226572,-164.01332435047382,-2.6990403386789694,0.0,0.0,0.0,0.0,-6389.970286083402,28847.70279006395,31530.298021197857,348096.2062998702,-1249.7849031669602,26649.717186470763,-6397.569630063139,-34256.521217294794,20672.573506096123,-53189.5951073681,0.0,0.0,-1754.103726762122,-9973.425140083556,5.176188183503768,-5286.24644236091,21125.76606026291,91060.99587272207,-3451.2729167588705,1603.4941377477326,0.0,0.0,430.75082975389506,3235.813771482326,335.9180042316212,3864.6213922407114,-456.9039247427618,230.69756003731038,0.0,0.0,-122.1172014064916,-33409.466533404404,761.8953189632764,-16574.441677951774,0.0,0.0,315.891218967595,961.0796409971275,0.0,0.0,0.0,0.0,77897.79688003077,1035895.867083209,97800.0000000014,1095868.9455964544,95380.05324000139,987601.1858843183,-2419.94676,-108267.759712136,-15949.53447570988,43416.88292828937,3952.6686442607397,103389.96144153476,19902.203119970618,59973.07851324542
2026-07-28,-16801.36926165223,4027.3360623292174,-692.6109274258833,-5619.29982247752,-70027.32811132887,-191089.89451510768,94.26889625067611,-2098.9174642406315,-842.1924229904616,-12923.891425376665,-316.48299975337466,-8731.543465404897,166738.51317272562,935337.4440415702,-32.977731341658455,-1668.609013062877,-15.383267694540962,-24309.38649733257,0.038654238917240985,-1031.4673590054776,-142.144529648981,26691.61159157759,-1.2326539998714598,-3.9316943385504293,0.0,0.0,0.0,0.0,170.3900480069983,29018.09283807095,30891.67789409175,378987.884193962,-3041.705551322264,23608.011635148498,288.0182787859232,-33968.50293850887,-2311.9521212829723,-55501.54722865107,0.0,0.0,-3643.4341521961737,-13616.85929227973,-137.83996438746362,-5424.0864067483735,-937.0227701831495,90123.97310253892,706.1857890740073,2309.67992682174,0.0,0.0,8725.459905731848,11961.273677214174,-1.0097927183176942,3863.6115995223936,39.55149182166008,270.24905185897046,0.0,0.0,88.37304338135824,-33321.09349002304,-1684.123954278164,-18258.56563222994,0.0,0.0,0.01715534284491227,961.0967963399725,0.0,0.0,0.0,0.0,101658.11885723361,1137553.9859404427,77972.87763611367,1173841.823232568,73315.04783209048,1060916.2337164087,-4657.829804023184,-112925.58951615919,-5455.565260013536,37961.317668275835,-29140.806481133484,74249.15496040127,-23685.241221119948,36287.83729212547
2026-07-29,-9805.021501776064,-5777.685439446846,-786.4584277580329,-6405.758250235553,39047.25496928011,-152042.63954582758,189.9001894849349,-1909.0172747556967,1744.1249336100063,-11179.766491766659,-137.09746489259646,-8868.640930297493,-17475.74306145692,917861.7009801132,-11.297721834956127,-1679.906734897833,610.4078940527143,-23698.978603279855,-6.119852711063111,-1037.5872117165407,-2461.474555459674,24230.137036117918,-23.483882149880362,-27.41557648843079,0.0,0.0,0.0,0.0,-1812.5904806623246,27205.502357408623,-7691.355770249836,371296.5284237121,-399.9336543190177,23208.07798082948,827.4724595838543,-33141.030478925015,2967.5562138358227,-52533.99101481525,0.0,0.0,480.594877503969,-13136.264414775762,-96.20584764218455,-5520.292254390558,-2735.2861528202084,87388.68694971871,-569.1813354212261,1740.498591400514,0.0,0.0,-262.14576197925214,11699.127915234922,55.6435484487848,3919.2551479711783,66.43272346046015,336.6817753194306,0.0,0.0,37.611599958717306,-33283.48189006432,269.35784285856386,-17989.207789371376,0.0,0.0,-24.53505143031841,936.5617449096541,0.0,0.0,0.0,0.0,1370.6295798157807,1138924.6155202584,3160.0,1177001.823232568,-4441.844000208814,1056474.3897161998,-7601.844000208814,-120527.43351636801,-627.7971496985333,37333.5205185773,1161.5732704856855,75410.72823088695,1789.3704201842188,38077.20771230969
