date,expiry,FIRST_DELTA_EXPOSURE,SECOND_DELTA_DELTA_EXPOSURE,FIRST_SMILE_ROLL_EXPOSURE,SECOND_SMILE_ROLL_SMILE_ROLL_EXPOSURE,FIRST_ATM_EXPOSURE,SECOND_ATM_ATM_EXPOSURE,FIRST_SKEW_EXPOSURE,SECOND_SKEW_SKEW_EXPOSURE,FIRST_CURV_EXPOSURE,SECOND_CURV_CURV_EXPOSURE,FIRST_TAU_EXPOSURE,SECOND_TAU_TAU_EXPOSURE,FIRST_R_EXPOSURE,SECOND_R_R_EXPOSURE,CROSS_DELTA_SMILE_ROLL_EXPOSURE,CROSS_DELTA_ATM_EXPOSURE,CROSS_DELTA_SKEW_EXPOSURE,CROSS_DELTA_CURV_EXPOSURE,CROSS_DELTA_TAU_EXPOSURE,CROSS_DELTA_R_EXPOSURE,CROSS_SMILE_ROLL_ATM_EXPOSURE,CROSS_SMILE_ROLL_SKEW_EXPOSURE,CROSS_SMILE_ROLL_CURV_EXPOSURE,CROSS_SMILE_ROLL_TAU_EXPOSURE,CROSS_SMILE_ROLL_R_EXPOSURE,CROSS_ATM_SKEW_EXPOSURE,CROSS_ATM_CURV_EXPOSURE,CROSS_ATM_TAU_EXPOSURE,CROSS_ATM_R_EXPOSURE,CROSS_SKEW_CURV_EXPOSURE,CROSS_SKEW_TAU_EXPOSURE,CROSS_SKEW_R_EXPOSURE,CROSS_CURV_TAU_EXPOSURE,CROSS_CURV_R_EXPOSURE,CROSS_TAU_R_EXPOSURE
2026-06-01,2026-07-17,-14.415894318633946,0.04100859047321148,1298544.991057468,-88318.86660749605,23314.609226363245,576147.9776624124,999980.5841444815,12410.938671497468,85.4577362036598,49.23077928380047,-59663.8968290356,536743.5964563529,-118.96921066068171,33.7902545450379,-161.44804747486506,11930.281710409954,74.68800532880908,42.29102241866399,13386.069955813906,-502.2928011105689,3144439.357920845,-15335.789070782717,1014537.4034964201,8698862.097002663,-163655.41398276616,2430123.485925777,5364.5533891926825,550023.6136128753,-2938.255493314704,11294.41839535049,6705342.10807481,-126032.59320995903,5569.017518763503,-11.039483649063186,6576.212682298326
2026-06-02,2026-07-17,-64.04539133620528,0.13467237901976137,1693898.8612164822,-174357.2768227551,135783.67079343973,1011969.4957762007,999498.1328836377,7827.709387319497,-485.74777313921186,20.63914928285729,-51669.0507927062,349635.865070838,-530.5452842681734,93.16004757743349,-480.10023699544894,12522.495865986995,79.55180115970464,44.05345251125361,14151.990420277567,-485.25466963633806,4329737.961785183,22642.471881277626,1019502.4008024754,11818825.438828394,-208837.88730894332,2573994.688611096,3912.7333072462134,1187718.420382347,-16739.96702084114,11872.15112154667,6980745.409566927,-123228.11580048144,164.06563992727024,59.77058792858156,2066.5144657212077
2026-06-03,2026-07-17,55.74406203450144,0.2278722544435241,1862596.987284843,-784729.4818136264,86046.9051353517,2696860.058403983,998459.7366878781,4819.799823422087,-632.9568441466599,-23.483068447030774,-378854.19238229794,2300488.5400106316,12413.087508159984,-1498.4556805251882,-1341.424643845046,13691.82811903523,113.31768342734642,39.96077383618059,15236.36340173966,-513.0211963059403,4260780.738190909,-181277.96670810087,1015097.7272172552,12633979.814500827,-224527.20555102517,2435318.508128374,2427.3560334639187,2191046.4520520084,-10373.340402421221,9018.864032373742,6869815.661009631,-120359.53607228435,-4374.542057419618,76.26797093442019,148642.1208340971
2026-06-04,2026-07-17,17.59560308631808,0.20043883084858416,1981533.5313357199,-1099527.1435811687,-11287.735684674,3217963.5759145236,1006754.1783807597,13284.741233329798,-232.4095921920034,3.8711625302184984,-532951.4879195923,3569646.0159332883,14638.775686629891,-1703.4077851955458,-1448.0246353954938,13985.563157967612,129.3357552665882,40.698618153181755,16011.886836649293,-520.4290470683276,4454356.513880648,-285012.1774112056,1023844.0388522821,13698198.461625671,-233439.58693507581,2463838.9771108464,6659.17881009401,2371609.368485434,1329.1162445524242,9099.735480644791,7111220.66738584,-118603.80975654157,1874.8160293157562,27.343365808922727,187045.76905425108
2026-06-05,2026-08-21,17.88575593252699,0.09451815654104645,4308483.996939434,-4685529.116701154,-630419.3045895163,4132922.7416083934,1001610.557398636,93666.0179721145,709.8051671321773,440.63250812206735,-1084904.3128691525,3335712.0339168957,51513.18620354077,-10820.460576926249,-1492.7598449067987,7322.733698975206,158.49624020102152,28.42436352380068,4759.392159970819,-763.2252157974797,5671639.109143816,-734517.2064672885,1028881.120717399,14084161.261032578,-908913.8913425938,1671649.5861883427,46832.3355019649,433921.3803142365,132992.76315947884,9956.19763452112,3451718.049668681,-211298.76767502344,28773.724867620986,-149.74427344338937,473055.7931330934
2026-06-08,2026-07-17,44.74222343950714,0.6762263841188166,2948541.8089671438,1766585.6599552492,876080.616047652,5625839.183612357,931229.481792534,52643.097712182105,4454.831579304439,125.2639419890512,532891.8316523307,5213975.935674046,-254.82476928574397,138.95057943753,-1292.042089605106,12588.892186148827,236.7172758917075,31.883341956870737,17234.6702247438,-560.3971038368697,4755823.474940766,768542.1610964474,945231.6328685741,20476674.552939765,-315044.73939146026,1711397.067003162,26341.737123457795,10771185.457582518,-93608.15948715521,5524.7893418210915,6700042.471285025,-99500.74271466397,54032.00324942113,-475.967799635251,-59324.12639004248
2026-06-09,2026-08-21,19.21857739977804,0.4010104797230972,3667857.611723972,-2872675.20114821,217124.6150090485,4947655.561302692,1010365.4686301504,9808.347245892219,-4717.322457515102,-79.92228158202707,-733112.7047658011,2007315.2597888093,47953.76406766156,-9597.063884333082,-2137.392683651669,8137.963956891971,150.2889435009824,30.225174010557225,5470.490052658613,-603.8437181479443,4937350.326326536,-334542.17781129666,1039280.7073794815,13090905.997026743,-733576.6460285973,1776383.6821763653,4905.788903193075,2374006.838831858,-43424.369931195804,8250.642030559013,3749084.4045569473,-202072.40824850145,-16057.736528018984,943.4480498331468,386391.22124095605
2026-06-10,2026-08-21,65.07540316219274,0.2885813410600841,3348222.674314739,-2573157.404715308,-12207.058555382537,6206064.1250907425,1019395.2313194661,64919.977075388015,768.4269356344303,203.97218201000257,-762561.8801378626,3173567.3243538234,55069.316984675745,-10817.934202754659,-1726.1249100131677,8182.1737834850555,212.01697242501257,33.797512815789055,5683.626052892944,-604.6176239091739,4541905.246469808,-374648.02161280205,1043770.71594517,12023949.079435391,-660466.1519517691,1944162.4437033264,32458.582105981004,3033895.1399091473,2407.9854905484826,10357.401881099693,3938443.359030258,-201086.2532525271,18106.808796438425,-151.57641456898114,429593.5557902595
2026-06-11,2026-08-21,56.4256678425395,0.16949947867518755,3423973.7785105444,-3655516.0206594337,-391095.45355579513,7515830.056646876,1001385.7518989034,76896.12893431011,3990.2704808077433,206.0199563341782,-1031539.1335843852,4730143.017861071,78360.14537142924,-15189.193113150799,-1559.9891901311346,7874.691382137598,262.3898181695699,34.34288190734124,5649.576358194317,-555.6335213652314,4039785.687964676,-730772.2663151824,1022889.6180913053,12078439.951350963,-666031.7809896102,1926331.406366319,38447.48251825095,3154770.2724191407,76076.21595346683,10108.358800838714,3955876.212848274,-194790.35741158223,31325.50502247508,-776.1551750626197,603493.7107167124
2026-06-12,2026-08-21,-1.7665016215660216,0.08405765778760388,2554746.2779417373,-2380150.7640926456,-332032.6280815569,2938348.977703537,998198.7397994576,12748.735632787459,-2084.978465283526,0.5742140941559626,-692677.4200793761,2022153.0741096956,41531.67554079571,-7920.183027939247,-1144.0113031510282,8322.775759653945,118.1492148887867,34.480922837949265,5946.465177107018,-575.0037034071257,4456313.724697163,-643342.9332458014,1022241.4338176439,10035609.609871268,-489946.8044931338,1984383.465160088,6382.404137675701,340757.7932832632,63678.05847470893,10051.263172306533,4034882.972062744,-191436.04851218616,-5470.60405898968,399.89212435934905,349401.50176307076
2026-06-15,2026-09-18,42.9270521225028,0.04972431163644672,1098959.8144338173,1212.599617788801,152500.61572321202,2048440.9281428764,1024386.0816392284,47003.47135754078,3090.2834584501816,290.23394451257604,28422.623448246974,361651.7130967417,6799.518653129624,-1788.0413199438644,-42.779540728979555,5732.359365957285,121.81385376385151,60.012754349571345,3151.1869034202664,-427.6111485950326,3552298.98877336,101186.30229730357,1074088.783193449,4096005.9041509107,-286029.62750825577,3355078.134746387,23457.51660624346,1236596.5788172125,-39692.059914461104,46795.91278972947,3836880.380068995,-266619.89143627154,16278.674081230653,-804.3221728664998,18727.007500274573
2026-06-16,2026-09-18,-53.330063212075856,0.019982783384898145,1195982.4118433106,-59958.39164273394,38633.22021692933,1392169.5795442662,1015405.5403302545,36009.45122880816,2508.7159049622824,281.262481644933,-15977.98875521007,353048.82922655455,9942.931057101589,-2516.268674905101,1.1877388970015659,5420.098620187723,102.66137119264741,53.47147701700104,3080.5189600377676,-398.32047681813077,3467194.1841145228,14157.423709732248,1058396.8403151385,4313447.704413529,-308006.1244828519,2967706.9851429937,17441.17621412335,753869.7948113866,-9949.468133366638,36802.846991138955,3673692.9413139867,-261502.1570565601,13503.820201149,-646.0690933688247,42722.95488226673
2026-06-17,2026-09-18,-7.8031179043136945,0.03015325982504108,1151438.6386060342,-409241.1112674065,-29575.033633643296,1359518.148978603,984632.2737285935,-4631.249798484321,-1646.1890648198096,-293.63344101978373,-130181.81824850605,315165.37780358497,20343.187048865715,-5179.067051762507,-194.72678186818345,5122.239816071513,85.05824269082382,50.04814260171409,2971.2303364117843,-405.6830470091273,3173047.5915471157,-194718.11695064628,1025325.2024826691,4144385.9070003685,-293379.62137484836,2784216.801303302,-2276.5328559645423,390593.69960004557,7535.6841099090525,34737.09361044861,3568429.747491623,-250878.57596457697,-9075.901783169262,419.50350020503356,113011.38943013205
2026-06-18,2026-09-18,36.323011891795204,0.05210481537826278,1332838.7340958407,-135051.6571258374,152831.28127731662,775951.6509948997,995669.9420208659,-44779.24641863705,-2175.855717324841,-771.4648931567343,13611.826434389572,-83028.01435938678,9639.787528451896,-2455.951491558355,-86.72972359456682,5301.117822754435,69.31917234052486,50.54224402177358,3083.6743844855428,-412.4430599896302,3805758.521934613,-4589.014431740623,1044192.8503989743,4901962.010575203,-335945.27786333807,2851590.699449972,-22553.874880449395,484729.30517240986,-38521.893707228766,35540.733039830804,3659960.6617616676,-250962.66437108326,-21403.6211347466,548.453156416731,34813.751752580574
2026-06-22,2026-09-18,-99.60767469323105,0.024106552397443165,1427061.02259854,516663.8073451393,231459.68699366366,-562255.4086356638,999911.2199411953,-31415.700201675994,644.2594843435363,-287.1604682237679,207106.39912652993,-461576.3948366284,-10626.693803317277,2581.322809823575,251.60183908302764,5516.848899628774,47.921175948840755,47.27675491945091,3379.210318695698,-409.9576121596419,3766101.819989249,275721.0977827031,1040189.6703345445,5286726.986679698,-344059.84881851025,2666326.8023785427,-15662.192694447658,281969.2155617159,-55803.74139592785,28740.309299745997,3717790.4368432336,-241074.88082808678,-6796.449501663534,-155.35162911065117,-94009.59902794764
2026-06-23,2026-08-21,17.41063585334132,0.08216484385482842,1549998.5409320823,-849100.351162246,-47988.28915706999,2271616.113757899,993103.7044768077,10931.749083736198,-1258.4680976947584,-37.69621629895096,-333511.4053418448,1329265.6326136023,16492.43081326781,-2614.797267597172,-649.2788080296218,8651.256354154204,102.84246294930395,48.30436394047496,7664.5010454584135,-423.08828719892256,4175289.281838162,-294665.2429399628,1023817.8922271236,8610631.028023647,-250549.89266213498,2819492.8994042967,5490.670059074175,1032418.0701561552,7756.5336867063015,20065.87470452604,5595031.104532644,-160530.1461896429,-5100.708376711875,203.43510530009257,155939.7917009453
2026-06-24,2026-09-18,-24.13371133839496,0.015388014633292452,1305276.6817045836,-260127.79553277092,-3130.8104515743908,990890.6618778007,997454.0595265776,-39682.5956654842,-513.2032948712913,-700.7581268537813,-52287.267969559645,208149.89905384806,21815.94999181393,-5116.539291015623,-30.33914261469846,5695.428558298834,80.38075177557332,53.840818870685474,3548.6006936018825,-418.42329736371573,3928154.7472898783,-127361.545311403,1047644.5019466038,5261516.633416922,-307546.68902158376,3019964.5768052046,-19994.11960592294,382104.8730728254,737.3173913492938,37994.128381948205,4027869.1523807934,-235014.64250410942,-16986.09153213227,120.89685657618656,104910.66854177718
2026-06-25,2026-09-18,-55.231138450858,0.07753407176371382,1526471.5631535582,22576.424474534346,228648.4469319072,1626810.623801554,994537.9900774376,11765.128972401304,690.4234656332483,-75.1724648891958,48931.39834328415,171758.1779890852,4761.402201343881,-1151.3950287028074,-100.6614431433907,6052.3463109758,98.2724580332252,48.38596690335321,3706.4741686266243,-452.8913834400598,4266531.438244531,129804.42381584994,1040110.1276198288,5940990.916766647,-355479.98481478164,2806429.151025251,5898.632516337806,1219074.9369803416,-53246.89047415258,29667.445925104737,3879611.016414821,-231606.39128741375,2059.203180900644,-160.78921686672902,9051.065570233855
2026-06-26,2026-09-18,-77.65293599501456,0.08389411467391775,1246477.3195367837,-277115.07713168673,149467.80879731977,3374943.2846687725,1004796.4219110933,37560.458223312104,2613.554974257235,6.992455597626872,-53464.48192676494,821010.0136818012,22000.88037322226,-5081.801646156234,-254.62811204592452,6338.702013082887,149.89898820522166,54.461766734131004,3924.673845350293,-442.4031780541433,3629000.1448757937,-18949.440169252688,1046068.6074969184,5018822.588366854,-286860.56276790745,3089296.326715353,18805.600224881426,1943708.8900246536,-34398.54718687697,34042.59376848302,4120545.9255301086,-231240.1884880873,11856.736701872556,-601.4955331301194,107903.34072460543
2026-06-29,2026-09-18,-72.41488739111833,0.028271027503078,1292723.229824546,-522324.35826760693,-71624.84560610354,2818162.905955964,998235.3319854809,31298.209601455965,1821.204740356985,3.262215118984386,-174642.19130985404,1006356.3597578761,27385.950520889935,-6059.508450562134,-219.15877153849124,6447.010824254424,133.9168561227906,55.710572952897245,4168.499357505825,-427.76546812008746,3881944.7472483786,-222154.4234733067,1042008.1635025443,5482019.2315810975,-286880.039476785,3140512.2573770215,15661.394601290638,1227013.0243929448,15894.618083553825,34652.847765265455,4305311.019403837,-221527.41377345973,9185.418009669957,-404.092854665128,162162.09463486425
2026-06-30,2026-09-18,-0.5969444985039445,-0.021921231730860857,1548474.145108374,-1149080.2821968156,-367059.8594978242,3205133.115429002,1009326.3497818555,58895.43586844331,1523.3044073280598,255.11319918200059,-414251.7126677034,1605791.855569527,34444.89427882522,-7551.332398886892,-334.93421870522826,6556.104830109833,138.6251829620929,51.75433365145403,4246.953469177968,-438.22532367434576,4270972.639793749,-528603.9763268435,1053865.761158653,6380209.493386645,-339389.6719834904,3016340.9902024087,29410.854774316154,715600.3062646445,80451.58622004892,31234.531162394233,4281533.197339888,-221221.81743868312,16927.982848038417,-333.82425672631734,247949.6199470079
2026-07-01,2026-08-21,-47.0258056874427,-0.13254679225540245,-2452938.2488251547,753452.9758794373,-80678.73634809279,-2295070.06013928,-1000137.1159928308,-11646.580798479961,267.6639864108456,-10.445547401477313,193976.08151364652,-1292234.5138864138,-9633.837487399429,1323.8200659139306,622.4563004996253,-11764.771289310784,-103.49559672236333,-43.922606185125495,-11113.645184120991,481.6392215674704,-6756195.741001382,100887.93038516492,-1032401.8020380147,-15279028.831080075,342746.0925268322,-2817541.4325175355,-5788.2257376039415,-1695039.3754219953,11273.113889432745,-13299.673962243782,-6265898.743398949,139748.02738781058,-907.4007014135714,-37.37364239565113,-96052.44994443445
2026-07-02,2026-08-21,-72.51944847961659,-0.08971963222322632,-2084823.0425026324,1017469.5805149106,89727.23605441605,-1644676.8843128886,-1009977.3437521613,-9560.255136385997,1107.5891404551676,-12.015328013494894,416676.86678682733,-1573323.135885119,-10047.120254815422,1410.9799748338305,847.4055392113708,-11720.856213896504,-86.58297800221106,-39.997476971402754,-11574.058217632872,503.0848478143315,-4927813.130432695,286023.24829616584,-1032038.2369139435,-12581286.351518212,285595.3457805043,-2466234.735901031,-4726.918731039208,-515295.5367319472,-12291.80424120935,-10927.460939918012,-6139862.129118005,138355.18778415595,2848.0273778656992,-151.77466212502372,-130422.52788864047
2026-07-03,2026-09-18,-27.128294898065178,-0.06109741439499217,-1712269.7971002315,302925.3625633342,-67941.67262183886,-3332343.912162374,-999150.6567651329,-52287.58545606356,-3591.073415220142,-244.3283269466151,78352.80124907102,-1148762.5814145084,-20081.61496907707,4229.781956787016,155.49599899665182,-7153.921793940686,-151.92037242518722,-50.216233021990746,-4725.495917369415,469.8325380697639,-4832462.240654379,12648.371325971326,-1044166.2399072142,-7317699.32981472,361218.3765880156,-2926294.925326772,-26124.087209374098,-1993885.7224619854,14333.241325145122,-27092.121810996967,-4327780.412032343,210778.83136113483,-22422.62914224989,757.5057590537276,-111720.92976571017
2026-07-06,2026-09-18,80.83961328033911,-0.07493558120099614,-1621146.8352701191,236886.31655617943,-135324.45507167128,-2860588.2591040293,-991748.9276938393,-19372.94689265643,-2078.2595594557406,79.36366494264155,15676.420242897584,-811736.3506910395,-19340.907096676572,3897.24795645128,127.40437684867413,-7422.6731700661885,-136.18568038194468,-58.20971145243959,-5130.343040735845,429.63800126643986,-5341133.626398828,-9325.164610869251,-1047334.278236117,-7769860.63182818,328663.4499055068,-3337042.748799518,-9676.929214467862,-1886550.8022191003,27435.773210789368,-34149.11396447364,-4788932.901591022,201069.02674989877,-7235.04249322215,421.3287650443274,-98575.94004333208
2026-07-07,2026-09-18,-89.53168257629932,-0.09299196516426811,-1802623.3441681755,-220890.95340906503,-249219.792104166,-2710070.6961250147,-998100.7190586439,-19583.300545639853,-3326.371524580658,4.916763986308524,-112018.41622769495,-652608.9908476254,-13713.769427188992,2763.221750178165,-33.13052290590588,-8272.266090569008,-140.97474026738917,-52.27730073777925,-5600.735378749671,497.9063298767211,-5439271.299945777,-202305.68286810862,-1044245.8063281769,-8249447.719937542,360522.2690547728,-3040735.6552751977,-9620.200303634316,-2231087.544284437,49844.14467054434,-25596.89735642769,-4583838.94321355,199617.24246596184,-12815.502719516851,665.2776294220589,-46164.553661280224
2026-07-08,2026-12-18,-1.881101422765596,0.022442807178306587,-209871.2828903313,-73083.96755029148,-32634.316119805328,-924852.5335215125,-1007225.0667442388,-97244.10070519657,-12339.485984767318,-1655.8079198255316,-71945.2298208508,-111924.21791278195,-8142.864205259069,3637.978807091722,-222.61738528342653,-3799.4029514911103,-118.17091642304037,-51.256364336773665,-1163.716883071817,536.7304850780102,-620687.2318486475,-197212.27850475162,-1019929.4293284565,-434372.1772441295,93724.28747495612,-2769758.441746887,-48619.33010105566,-492160.6473235104,14573.383175044728,-49194.52367711632,-1977487.5152628417,449802.0661744638,-31768.991739554836,5510.282141281328,13895.064966840757
2026-07-09,2026-08-21,62.264790272076425,-0.054684879548997145,-2119230.959879631,876222.7990132719,125975.75379584427,-1289073.4621088766,-999940.8362401369,-8824.259550535164,543.988319578988,-22.34533139636295,410580.2704052166,-1894657.0364783176,-7820.876069312508,936.6532241175355,759.0045124190028,-14784.591688087696,-83.34916648500246,-40.37837174487561,-16503.813275276218,534.5824969305162,-5176253.446972817,264731.69697463047,-1017285.2368290809,-14838427.26878544,249672.37555322787,-2490197.2555017737,-4424.239105593337,-253794.3737240769,-14840.946526928165,-8345.941449636552,-7035413.779912127,117803.68089982643,-517.357283416175,-64.01334127848259,-114754.51713763963
2026-07-10,2026-08-21,-78.33240521744756,-0.0521608672905296,-1288840.0532617948,179150.16231440706,-2195.4930382485036,-961905.4346130798,-986361.7479429089,-12116.985715245246,-192.20021885062488,-33.7634258589496,112601.32973221363,-1076993.1142845142,-3281.8706188209,338.53413899325597,307.77955421598534,-15335.339628014981,-83.7141961370719,-42.45685413682268,-17430.58390382985,515.3149704074403,-3373921.213060186,55128.95716551063,-997850.4023946214,-9451820.466092825,148303.03738074188,-2602019.82152144,-5187.607988479329,-814398.0289012007,252.97221885397448,-8898.454154976449,-7250194.498450691,113497.08475363141,-5808.904641479836,22.243410068689172,-41476.20349463384
2026-07-13,2026-12-18,98.00603540255406,0.03646420935995209,15445.754877065614,32545.176926726657,-217649.89874567115,-165992.731740891,-1008180.3285356406,-109003.6815196239,-17003.274510861404,-1657.7974819222154,-227010.84375826162,28117.086285628146,39818.16372136863,-17202.081734366315,-504.0732793672997,-3770.4698033416853,-114.3183493486569,-44.33031539493242,-1243.5013017701158,563.6028663131199,74136.97821560776,-505978.56131583836,-1014055.7293230118,-2533.162787620764,-6686.387995087767,-2171070.7064573662,-54518.15889424973,-638893.4404599308,94215.64399080395,-33283.20278824208,-1882993.9833380268,436418.00180251733,-42520.39736596246,7358.715748501056,190252.7149230682
2026-07-14,2026-09-18,-65.19224374784244,-0.06412998247163443,-1331392.2649968234,139735.24902593135,-93105.91069225164,-2013864.771475092,-994139.0383361387,-15259.49968777479,-2063.7991456092695,89.40885772116678,23613.501590341097,-937488.6028833917,-11106.418437378823,2010.0464502724599,128.31630785836833,-7601.586256323223,-127.29021097783007,-55.59282955657336,-6362.3503031703785,445.76078824631725,-3665357.5161685115,-3402.3909193503205,-1030719.338484669,-6799914.997620823,240745.13318275398,-2788405.3714303263,-7461.8912828233515,-1624553.544883225,16835.441616712924,-27457.791536330697,-5111146.235632238,179760.10451095842,-8446.589342951673,373.2258730376384,-65691.91718094866
2026-07-15,2026-09-18,66.10597736737236,-0.07141327202969078,-1258904.325504686,252529.54979031184,-53329.67430904438,-3109818.0536113796,-1004880.209348202,-60415.45748866911,-4125.174647174554,-320.78962501828215,112356.73199147079,-1909757.8938710846,-16696.490406786797,2954.594593676221,251.3779866973473,-7547.531175176992,-169.62098328037428,-56.609929494873136,-6543.627559100284,451.24139813624123,-3275811.1136478647,40721.41673709871,-1037548.319475295,-6429836.238984519,224191.45543170697,-2760363.50067826,-30194.310500513566,-2420168.2343597673,9496.992016793636,-27487.911727846782,-5237640.4714228045,178951.14888233045,-33551.40914752463,734.6217946247739,-113765.71671042679
2026-07-16,2026-12-18,-30.36052789550672,0.04900740882083646,-135179.34367901357,-54731.12171820583,40102.731479047274,-1606945.8913406858,-986619.7425285447,-168420.48142515103,-18563.129432208487,-2523.1483356066246,-86829.1100316933,-229398.61977056973,3432.7285656369477,-1440.033277807157,-325.83975713559124,-3616.303399552874,-155.53327022012147,-41.85621585365997,-1242.7946860615937,607.413367087365,-408824.2274916897,-147413.07432836376,-998218.5954479885,-318012.8556243322,57405.19118400934,-1949297.9380564597,-84207.6444256413,-712112.0056014315,-17030.178168743587,-32200.0240494226,-1838301.740471564,418975.00688854564,-54100.5598536991,7883.107834444155,44956.07984325205
2026-07-17,2026-12-18,-18.57467943452548,-0.033614283630192525,-49521.330355934064,-63786.780474006366,-938758.7392133167,-5845486.44417529,-1014056.9149508129,-231981.97332005895,-51769.43434201409,-2419.196196028497,-604074.0932032255,-254088.37414087434,4671.22957701349,-1983.8353182422134,-797.600410922234,-3611.0558085333278,-373.8151283112899,-38.21608105374489,-1329.1808502610752,851.6726246469057,-1155359.6459929848,-1231542.6883125135,-1037644.2391071989,-539572.8526248442,20891.309765601753,-1393889.1881028127,-115990.2848931065,-3511145.1078688605,396078.35902679805,-23804.05130845413,-1734229.394857128,427848.5950686083,-107335.34659367465,21842.97833331527,265941.6478472535
2026-07-20,2026-09-18,-20.781842584584865,-0.20596359664592306,-478347.9154708562,-514612.52116681694,-828119.1412294338,-4905553.934985338,-954975.1845123054,-188435.84194156458,-31735.022268903846,-1881.1108960728998,-1248953.9242771452,-4490051.659071053,-7500.0343912279295,1201.2909185917454,-521.0542796396396,-5162.53459025105,-377.8772171042227,-47.496792177806874,-6373.8800474129675,463.6901349702123,-988634.1881552767,-1012631.8643557867,-970770.8834004108,-2708911.9803111344,78632.20523386232,-1477150.9410762468,-94199.06599046417,-8902498.222364582,136129.49254776968,-21132.475544817757,-4753145.039568282,156980.68808513874,-217461.82475006417,5216.406550079982,159682.1227344158
2026-07-21,2026-10-16,66.6065598415612,-0.1029981276212053,-1491218.5876166099,-651058.772979212,-442841.5414431412,1056332.6876349766,-1007322.9018400777,35772.50415595368,4113.102281460193,195.64297285276936,-328427.07662246376,1181858.5652698786,30644.426731403946,-7251.957059553304,-152.2238234304197,-5546.211465468824,-23.654447287911495,-28.52814950365221,-3781.150776992561,699.1924379714235,-1772283.1373218605,-417081.17489597853,-1018358.3436850007,-4332534.598923309,355439.82009815774,-1219970.2809091671,17520.9462940592,-210853.530586333,105553.91546652681,-7758.948772262553,-2942142.664919937,240101.75543239884,20627.84995238234,-980.4427379524313,206848.38220297208
2026-07-22,2026-10-16,75.81025497143946,-0.010902943490527395,-1953434.131634722,1183543.9733234625,321605.19411582826,-1955986.8609408722,-1000286.3863122198,-37348.85694890639,-606.8158205255113,-198.2734092034299,437097.7790748703,-1279530.586778733,-39948.09965206515,9393.059169977076,496.14823577962295,-6557.29768650063,-130.6588298641279,-36.82114534964828,-4161.259475418415,688.9871642499367,-2982437.563642188,440441.0203419381,-1020426.3067241494,-6085538.780902473,460259.25934455387,-1672583.9206406865,-18676.538134062408,-213316.67419427726,-75775.37890040322,-11619.269477963397,-3188387.801811761,235682.79059357356,-10918.108305575654,143.01538621119562,-272534.07964497793
2026-07-23,2026-09-18,54.446020483704615,-0.15209897047338583,-2168335.7066868977,578374.515535613,-77598.60308543523,-2506852.2600284694,-995287.0191276105,-37173.40211929864,-1019.8258647069761,-169.40019199662436,204205.05035484303,-1779031.311026529,-11091.251661810027,1709.0921270816266,533.9586438142644,-9608.336755514938,-149.7833707602235,-53.01232444524308,-9351.482388511064,491.2234906664149,-5051394.091052646,57537.341183596756,-1030246.161581907,-11962109.768030697,338616.2180271345,-2414039.697461208,-18594.009887825654,-2051112.4063710663,12118.576863147639,-16757.67740474868,-5557302.374013158,155428.82322828384,-17178.285037398397,159.2788047681397,-102912.81381336506
2026-07-24,2026-09-18,-59.57420497955218,-0.168431019493119,-2219164.232847444,451695.3190673245,-37311.37247775064,-4498730.200924173,-984673.4764772372,-94156.35611000104,-7269.485637062819,-509.32372058418247,332861.53940615314,-4855705.585909182,-24879.87317512836,3888.7214436221684,621.1985974056798,-9020.730359347712,-256.2888876631765,-43.44190460537672,-9363.97285892899,592.1538429463421,-3519755.8667167346,-7444.717171925353,-1006120.3817994313,-10964492.865370937,340473.41451348405,-1823250.187953656,-47081.76768037445,-4271851.355144057,5723.984560267811,-12268.096901587269,-5105842.63260039,151072.5882222121,-70098.54570482258,1115.3353297718395,-213233.45946098785
2026-07-27,2026-10-16,95.07751620271392,-0.044359397269313594,-2768742.8726494946,294732.85883049015,-34747.77388860495,-1077486.1486579739,-993357.3655617514,-2340.938234070658,-429.4695348265559,60.25521644544037,51882.753321877564,-328440.6582657463,-7421.32540475874,1640.8800244486629,-38.12347195572812,-7212.574392525473,-102.5462806310785,-45.50267889778331,-4775.346078911818,467.11979217851444,-5943491.5731417425,32468.31968982448,-1034305.843452347,-10191237.148333687,614433.9902721546,-2144734.6883419184,-1163.1391017911228,-595622.9050507033,7710.7911701797275,-14698.5051036234,-3662153.2090812484,220445.75442618027,-174.81392764250631,95.32903057521071,-44955.93304114218
2026-07-28,2026-09-18,-94.27905290169292,-0.14542500513277218,-2626330.0638273265,1718197.1225400232,209504.03855151194,-3956298.3668733696,-1005173.8148005517,-74753.56424881617,-3413.9697583847146,-382.8688396916636,898438.2127427561,-6257280.398835295,-31301.939021706923,4453.68186774431,1172.2632557446461,-8883.505378719314,-221.18726971637722,-44.49997194876262,-10414.980942788912,554.8014206300336,-3882869.0373316603,372190.927757293,-1028966.1595211365,-13973407.08762222,374163.8338850407,-1811186.469628152,-37382.56992519031,-2912659.5864145327,-29847.236384386808,-12099.484072647736,-5654940.054202995,143202.9905762332,-50086.347855527616,486.42160483182647,-347713.5235012241
