date,code,expiry,asset_type,qty,k,volume,price,option_type,strike,spot,OTM_AMOUNT,MARGIN_PER_SHORT_CONTRACT,SHORT_CONTRACTS,POSITION_MARGIN
2026-06-01,MO2607-P-7400.CFE,2026-07-17,OPTION,-27,-0.10693764970622899,1152.0,62.6,PUT,7400.0,8345.1291,94512.91,56330.774600000004,27,1520930.9142
2026-06-01,MO2607-P-7600.CFE,2026-07-17,OPTION,-25,-0.08026940262406776,694.0,99.6,PUT,7600.0,8345.1291,74512.91,60030.774600000004,25,1500769.3650000002
2026-06-01,MO2607-P-7800.CFE,2026-07-17,OPTION,-21,-0.05429391622080708,974.0,147.2,PUT,7800.0,8345.1291,54512.91000000001,64790.774600000004,21,1360606.2666000002
2026-06-01,MO2607-P-8000.CFE,2026-07-17,OPTION,-13,-0.02897610823651718,1552.0,213.8,PUT,8000.0,8345.1291,34512.91000000001,87008.6392,13,1131112.3096
2026-06-01,MO2607-C-8300.CFE,2026-07-17,OPTION,2,0.007837864886199055,989.0,301.4,CALL,8300.0,8345.1291,0.0,130281.54920000001,0,0.0
2026-06-01,MO2607-C-8500.CFE,2026-07-17,OPTION,12,0.03164851357991761,1548.0,218.0,CALL,8500.0,8345.1291,15487.08999999999,106454.45920000001,0,0.0
2026-06-01,MO2607-C-8700.CFE,2026-07-17,OPTION,19,0.054905375744184894,1162.0,155.0,CALL,8700.0,8345.1291,35487.08999999999,80154.45920000001,0,0.0
2026-06-01,MO2607-C-8900.CFE,2026-07-17,OPTION,23,0.07763362682174103,524.0,107.8,CALL,8900.0,8345.1291,55487.08999999999,60850.774600000004,0,0.0
2026-06-01,MO2607-C-9200.CFE,2026-07-17,OPTION,25,0.11078583413864143,283.0,60.0,CALL,9200.0,8345.1291,85487.09,56070.774600000004,0,0.0
2026-06-02,MO2607-P-7400.CFE,2026-07-17,OPTION,-26,-0.10946020852908281,1388.0,58.0,PUT,7400.0,8384.7812,98478.11999999994,56108.6872,26,1458825.8672
2026-06-02,MO2607-P-7600.CFE,2026-07-17,OPTION,-25,-0.08279196144692155,717.0,91.0,PUT,7600.0,8384.7812,78478.11999999994,59408.6872,25,1485217.18
2026-06-02,MO2607-P-7800.CFE,2026-07-17,OPTION,-22,-0.05681647504366085,887.0,136.0,PUT,7800.0,8384.7812,58478.119999999944,63908.6872,22,1405991.1184
2026-06-02,MO2607-P-8000.CFE,2026-07-17,OPTION,-14,-0.03149866705937105,1605.0,199.8,PUT,8000.0,8384.7812,38478.119999999944,82119.25440000006,14,1149669.5616000008
2026-06-02,MO2607-C-8300.CFE,2026-07-17,OPTION,1,0.005315306063345219,2789.0,300.8,CALL,8300.0,8384.7812,0.0,130697.3744,0,0.0
2026-06-02,MO2607-C-8500.CFE,2026-07-17,OPTION,11,0.029125954757063796,1013.0,216.6,CALL,8500.0,8384.7812,11521.880000000056,110755.49439999994,0,0.0
2026-06-02,MO2607-C-8700.CFE,2026-07-17,OPTION,19,0.0523828169213311,1229.0,150.0,CALL,8700.0,8384.7812,31521.880000000056,84095.49439999994,0,0.0
2026-06-02,MO2607-C-8900.CFE,2026-07-17,OPTION,25,0.07511106799888725,647.0,102.6,CALL,8900.0,8384.7812,51521.880000000056,60568.6872,0,0.0
2026-06-02,MO2607-C-9200.CFE,2026-07-17,OPTION,27,0.1082632753157877,300.0,57.0,CALL,9200.0,8384.7812,81521.88000000006,56008.6872,0,0.0
2026-06-03,MO2607-P-7500.CFE,2026-07-17,OPTION,-29,-0.1008463420905015,789.0,63.6,PUT,7500.0,8432.679,93267.90000000001,56956.074,29,1651726.146
2026-06-03,MO2607-P-7700.CFE,2026-07-17,OPTION,-27,-0.07452903377312808,463.0,97.6,PUT,7700.0,8432.679,73267.90000000001,60356.074,27,1629613.998
2026-06-03,MO2607-P-7900.CFE,2026-07-17,OPTION,-22,-0.04888660315979044,835.0,146.0,PUT,7900.0,8432.679,53267.90000000001,65196.074,22,1434313.628
2026-06-03,MO2607-P-8100.CFE,2026-07-17,OPTION,-13,-0.02388530095437316,653.0,214.4,PUT,8100.0,8432.679,33267.90000000001,89364.24799999999,13,1161735.224
2026-06-03,MO2607-C-8300.CFE,2026-07-17,OPTION,-2,0.0005061521697858968,2925.0,305.0,CALL,8300.0,8432.679,0.0,131692.148,2,263384.296
2026-06-03,MO2607-C-8500.CFE,2026-07-17,OPTION,11,0.024316800863504545,1510.0,215.2,CALL,8500.0,8432.679,6732.099999999991,115980.04800000001,0,0.0
2026-06-03,MO2607-C-8700.CFE,2026-07-17,OPTION,21,0.04757366302777171,3365.0,147.4,CALL,8700.0,8432.679,26732.09999999999,89200.04800000001,0,0.0
2026-06-03,MO2607-C-8900.CFE,2026-07-17,OPTION,28,0.07030191410532795,752.0,97.8,CALL,8900.0,8432.679,46732.09999999999,64240.04800000001,0,0.0
2026-06-03,MO2607-C-9100.CFE,2026-07-17,OPTION,30,0.09252505089003805,528.0,63.2,CALL,9100.0,8432.679,66732.09999999999,56916.074,0,0.0
2026-06-04,MO2607-P-7500.CFE,2026-07-17,OPTION,-30,-0.09942292299107301,300.0,63.8,PUT,7500.0,8420.0946,92009.46000000004,56900.5676,30,1707017.0280000002
2026-06-04,MO2607-P-7700.CFE,2026-07-17,OPTION,-28,-0.07310561467369954,284.0,98.6,PUT,7700.0,8420.0946,72009.46000000004,60380.5676,28,1690655.8928
2026-06-04,MO2607-P-7900.CFE,2026-07-17,OPTION,-23,-0.04746318406036194,363.0,148.0,PUT,7900.0,8420.0946,52009.460000000036,65320.5676,23,1502373.0548
2026-06-04,MO2607-P-8100.CFE,2026-07-17,OPTION,-13,-0.02246188185494461,670.0,215.2,PUT,8100.0,8420.0946,32009.460000000036,90551.67519999997,13,1177171.7775999997
2026-06-04,MO2607-C-8300.CFE,2026-07-17,OPTION,-1,0.0019295712692146056,1838.0,300.6,CALL,8300.0,8420.0946,0.0,131101.13520000002,1,131101.13520000002
2026-06-04,MO2607-C-8500.CFE,2026-07-17,OPTION,12,0.025740219962933086,1586.0,208.6,CALL,8500.0,8420.0946,7990.5399999999645,113910.59520000004,0,0.0
2026-06-04,MO2607-C-8700.CFE,2026-07-17,OPTION,22,0.048997082127200296,953.0,142.4,CALL,8700.0,8420.0946,27990.539999999964,87290.59520000004,0,0.0
2026-06-04,MO2607-C-8900.CFE,2026-07-17,OPTION,28,0.07172533320475637,644.0,92.0,CALL,8900.0,8420.0946,47990.539999999964,62250.59520000004,0,0.0
2026-06-04,MO2607-C-9100.CFE,2026-07-17,OPTION,30,0.09394846998946674,242.0,58.4,CALL,9100.0,8420.0946,67990.53999999996,56360.5676,0,0.0
2026-06-05,MO2608-P-7500.CFE,2026-08-21,OPTION,-22,-0.08895447699192861,635.0,170.2,PUT,7500.0,8340.9631,84096.31000000008,67065.7786,22,1475447.1292
2026-06-05,MO2608-P-7600.CFE,2026-08-21,OPTION,-20,-0.07570925024190799,261.0,197.0,PUT,7600.0,8340.9631,74096.31000000008,69745.7786,20,1394915.5720000002
2026-06-05,MO2608-P-7800.CFE,2026-08-21,OPTION,-14,-0.04973376383864736,146.0,256.4,PUT,7800.0,8340.9631,54096.310000000085,75685.7786,14,1059600.9004000002
2026-06-05,MO2608-P-8000.CFE,2026-08-21,OPTION,-7,-0.02441595585435751,189.0,327.6,PUT,8000.0,8340.9631,34096.310000000085,98755.24719999993,7,691286.7303999995
2026-06-05,MO2608-C-8300.CFE,2026-08-21,OPTION,4,0.012398017268358763,109.0,337.6,CALL,8300.0,8340.9631,0.0,133851.5572,0,0.0
2026-06-05,MO2608-C-8400.CFE,2026-08-21,OPTION,7,0.02437420831507455,236.0,297.6,CALL,8400.0,8340.9631,5903.689999999915,123947.8672000001,0,0.0
2026-06-05,MO2608-C-8500.CFE,2026-08-21,OPTION,11,0.03620866596207749,399.0,255.8,CALL,8500.0,8340.9631,15903.689999999915,109767.8672000001,0,0.0
2026-06-05,MO2608-C-8700.CFE,2026-08-21,OPTION,16,0.05946552812634472,140.0,192.8,CALL,8700.0,8340.9631,35903.689999999915,83467.8672000001,0,0.0
2026-06-05,MO2608-C-9300.CFE,2026-08-21,OPTION,21,0.12615690262501686,111.0,81.2,CALL,9300.0,8340.9631,95903.68999999992,58165.778600000005,0,0.0
2026-06-08,MO2607-P-7400.CFE,2026-07-17,OPTION,-30,-0.07803653865735247,3045.0,98.4,PUT,7400.0,8081.2614,68126.14000000003,58327.568400000004,30,1749827.0520000001
2026-06-08,MO2607-P-7500.CFE,2026-07-17,OPTION,-30,-0.06461351832521181,1459.0,121.4,PUT,7500.0,8081.2614,58126.14000000003,60627.568400000004,30,1818827.0520000001
2026-06-08,MO2607-P-7700.CFE,2026-07-17,OPTION,-23,-0.03829621000783847,1224.0,178.4,PUT,7700.0,8081.2614,38126.14000000003,76688.99679999998,23,1763846.9263999995
2026-06-08,MO2607-P-7900.CFE,2026-07-17,OPTION,-8,-0.012653779394500771,1371.0,254.0,PUT,7900.0,8081.2614,18126.140000000032,104248.99679999998,8,833991.9743999998
2026-06-08,MO2607-C-8100.CFE,2026-07-17,OPTION,7,0.01234752281091644,1602.0,257.8,CALL,8100.0,8081.2614,1873.8599999999678,120881.27680000004,0,0.0
2026-06-08,MO2607-C-8200.CFE,2026-07-17,OPTION,13,0.024617615402730757,1793.0,215.0,CALL,8200.0,8081.2614,11873.859999999968,106601.27680000004,0,0.0
2026-06-08,MO2607-C-8400.CFE,2026-07-17,OPTION,24,0.048715166981791416,1615.0,144.2,CALL,8400.0,8081.2614,31873.859999999968,79521.27680000004,0,0.0
2026-06-08,MO2607-C-8600.CFE,2026-07-17,OPTION,29,0.07224566439198547,1715.0,96.0,CALL,8600.0,8081.2614,51873.85999999997,58087.568400000004,0,0.0
2026-06-08,MO2607-C-8800.CFE,2026-07-17,OPTION,30,0.09523518261668415,1844.0,63.2,CALL,8800.0,8081.2614,71873.85999999997,54807.568400000004,0,0.0
2026-06-09,MO2608-P-7200.CFE,2026-08-21,OPTION,-15,-0.12800331252353464,216.0,111.6,PUT,7200.0,8318.6978,111869.78,61072.186799999996,15,916082.8019999999
2026-06-09,MO2608-P-7500.CFE,2026-08-21,OPTION,-16,-0.08718131800327954,273.0,169.0,PUT,7500.0,8318.6978,81869.78,66812.1868,16,1068994.9888
2026-06-09,MO2608-P-7600.CFE,2026-08-21,OPTION,-16,-0.07393609125325887,240.0,197.6,PUT,7600.0,8318.6978,71869.78,69672.1868,16,1114754.9888
2026-06-09,MO2608-P-8000.CFE,2026-08-21,OPTION,-10,-0.022642796865708338,266.0,340.0,PUT,8000.0,8318.6978,31869.77999999999,101954.5936,10,1019545.936
2026-06-09,MO2608-C-8500.CFE,2026-08-21,OPTION,4,0.037981824950726426,117.0,227.0,CALL,8500.0,8318.6978,18130.22000000001,104394.15359999999,0,0.0
2026-06-09,MO2608-C-8600.CFE,2026-08-21,OPTION,8,0.049677864713917726,218.0,190.8,CALL,8600.0,8318.6978,28130.22000000001,90774.15359999999,0,0.0
2026-06-09,MO2608-C-8700.CFE,2026-08-21,OPTION,11,0.061238687114993744,232.0,163.0,CALL,8700.0,8318.6978,38130.22000000001,77994.15359999999,0,0.0
2026-06-09,MO2608-C-8900.CFE,2026-08-21,OPTION,16,0.08396693819254991,127.0,117.6,CALL,8900.0,8318.6978,58130.22000000001,61672.186799999996,0,0.0
2026-06-09,MO2608-C-9000.CFE,2026-08-21,OPTION,18,0.09514023879067517,160.0,101.0,CALL,9000.0,8318.6978,68130.22,60012.186799999996,0,0.0
2026-06-10,MO2608-P-7200.CFE,2026-08-21,OPTION,-21,-0.11370096973531515,322.0,123.0,PUT,7200.0,8198.7232,99872.32000000004,61492.3392,21,1291339.1232
2026-06-10,MO2608-P-7500.CFE,2026-08-21,OPTION,-17,-0.07287897521506008,170.0,192.2,PUT,7500.0,8198.7232,69872.32000000004,68412.3392,17,1163009.7664
2026-06-10,MO2608-P-7600.CFE,2026-08-21,OPTION,-15,-0.05963374846503941,119.0,220.6,PUT,7600.0,8198.7232,59872.320000000036,71252.3392,15,1068785.088
2026-06-10,MO2608-P-8000.CFE,2026-08-21,OPTION,-5,-0.008340454077488896,331.0,381.2,PUT,8000.0,8198.7232,19872.320000000036,116632.35839999997,5,583161.7919999999
2026-06-10,MO2608-C-8400.CFE,2026-08-21,OPTION,7,0.04044971009194309,100.0,231.4,CALL,8400.0,8198.7232,20127.679999999964,101396.99840000004,0,0.0
2026-06-10,MO2608-C-8500.CFE,2026-08-21,OPTION,9,0.05228416773894595,217.0,199.8,CALL,8500.0,8198.7232,30127.679999999964,88236.99840000004,0,0.0
2026-06-10,MO2608-C-8700.CFE,2026-08-21,OPTION,13,0.07554102990321326,177.0,145.6,CALL,8700.0,8198.7232,50127.679999999964,63752.3392,0,0.0
2026-06-10,MO2608-C-8800.CFE,2026-08-21,OPTION,14,0.08696972572683603,191.0,124.2,CALL,8800.0,8198.7232,60127.679999999964,61612.3392,0,0.0
2026-06-10,MO2608-C-9100.CFE,2026-08-21,OPTION,16,0.12049241776547967,123.0,75.4,CALL,9100.0,8198.7232,90127.67999999996,56732.3392,0,0.0
2026-06-11,MO2608-P-7200.CFE,2026-08-21,OPTION,-27,-0.1091248384668819,386.0,129.0,PUT,7200.0,8159.4548,95945.48000000004,61856.728800000004,27,1670131.6776
2026-06-11,MO2608-P-7600.CFE,2026-08-21,OPTION,-16,-0.05505761719660606,127.0,240.8,PUT,7600.0,8159.4548,55945.48000000004,73036.72880000001,16,1168587.6608000002
2026-06-11,MO2608-P-7700.CFE,2026-08-21,OPTION,-12,-0.0419855356292533,115.0,275.2,PUT,7700.0,8159.4548,45945.48000000004,79487.97759999997,12,953855.7311999996
2026-06-11,MO2608-P-8000.CFE,2026-08-21,OPTION,-1,-0.0037643228090555774,227.0,393.2,PUT,8000.0,8159.4548,15945.480000000043,121287.97759999997,1,121287.97759999997
2026-06-11,MO2608-C-8500.CFE,2026-08-21,OPTION,12,0.05686029900737931,166.0,192.4,CALL,8500.0,8159.4548,34054.51999999996,83098.93760000005,0,0.0
2026-06-11,MO2608-C-8700.CFE,2026-08-21,OPTION,14,0.08011716117164655,118.0,139.6,CALL,8700.0,8159.4548,54054.51999999996,62916.728800000004,0,0.0
2026-06-11,MO2608-C-8900.CFE,2026-08-21,OPTION,15,0.10284541224920264,145.0,101.8,CALL,8900.0,8159.4548,74054.51999999996,59136.728800000004,0,0.0
2026-06-11,MO2608-C-9000.CFE,2026-08-21,OPTION,15,0.11401871284732787,272.0,86.0,CALL,9000.0,8159.4548,84054.51999999996,57556.728800000004,0,0.0
2026-06-12,MO2608-P-7200.CFE,2026-08-21,OPTION,-18,-0.11464788567200068,479.0,105.6,PUT,7200.0,8202.7991,100279.91000000002,59776.7946,18,1075982.3028
2026-06-12,MO2608-P-7300.CFE,2026-08-21,OPTION,-17,-0.10085456353966486,137.0,123.4,PUT,7300.0,8202.7991,90279.91000000002,61556.7946,17,1046465.5082
2026-06-12,MO2608-P-7600.CFE,2026-08-21,OPTION,-14,-0.060580664401724896,134.0,197.4,PUT,7600.0,8202.7991,60279.91000000002,68956.7946,14,965395.1243999999
2026-06-12,MO2608-P-7800.CFE,2026-08-21,OPTION,-9,-0.03460517799846423,199.0,264.4,PUT,7800.0,8202.7991,40279.91000000002,84593.67919999998,9,761343.1127999999
2026-06-12,MO2608-P-8000.CFE,2026-08-21,OPTION,-3,-0.009287370014174345,196.0,348.2,PUT,8000.0,8202.7991,20279.910000000018,112973.67919999998,3,338921.0375999999
2026-06-12,MO2608-C-8200.CFE,2026-08-21,OPTION,3,0.015405242576197055,186.0,309.6,CALL,8200.0,8202.7991,0.0,129393.5892,0,0.0
2026-06-12,MO2608-C-8600.CFE,2026-08-21,OPTION,15,0.06303329156545169,119.0,174.2,CALL,8600.0,8202.7991,39720.08999999998,76133.49920000002,0,0.0
2026-06-12,MO2608-C-8700.CFE,2026-08-21,OPTION,17,0.07459411396652779,190.0,150.2,CALL,8700.0,8202.7991,49720.08999999998,64236.7946,0,0.0
2026-06-12,MO2608-C-9000.CFE,2026-08-21,OPTION,21,0.10849566564220904,185.0,94.0,CALL,9000.0,8202.7991,79720.08999999998,58616.7946,0,0.0
2026-06-15,MO2609-P-6800.CFE,2026-09-18,OPTION,-13,-0.19263582840158572,229.0,58.8,PUT,6800.0,8521.233,172123.30000000002,57007.398,13,741096.174
2026-06-15,MO2609-P-7200.CFE,2026-09-18,OPTION,-13,-0.13547741456163703,474.0,110.2,PUT,7200.0,8521.233,132123.30000000002,62147.398,13,807916.174
2026-06-15,MO2609-P-7600.CFE,2026-09-18,OPTION,-10,-0.08141019329136123,661.0,203.4,PUT,7600.0,8521.233,92123.30000000002,71467.398,10,714673.98
2026-06-15,MO2609-P-8000.CFE,2026-09-18,OPTION,-5,-0.030116898903810765,889.0,344.0,PUT,8000.0,8521.233,52123.30000000002,85527.398,5,427636.99
2026-06-15,MO2609-C-8400.CFE,2026-09-18,OPTION,2,0.018673265265621172,949.0,403.2,CALL,8400.0,8521.233,0.0,142574.796,0,0.0
2026-06-15,MO2609-C-8800.CFE,2026-09-18,OPTION,7,0.06519328090051418,885.0,254.0,CALL,8800.0,8521.233,27876.699999999983,99778.09600000002,0,0.0
2026-06-15,MO2609-C-9200.CFE,2026-09-18,OPTION,10,0.10964504347134796,960.0,158.2,CALL,9200.0,8521.233,67876.69999999998,66947.398,0,0.0
2026-06-15,MO2609-C-9600.CFE,2026-09-18,OPTION,10,0.1522046578901438,963.0,96.8,CALL,9600.0,8521.233,107876.69999999998,60807.398,0,0.0
2026-06-15,MO2609-C-10000.CFE,2026-09-18,OPTION,10,0.1930266524103991,1353.0,62.4,CALL,10000.0,8521.233,147876.69999999998,57367.398,0,0.0
2026-06-16,MO2609-P-7000.CFE,2026-09-18,OPTION,-11,-0.17623162215655017,485.0,76.6,PUT,7000.0,8646.4034,164640.3399999999,59538.420399999995,11,654922.6244
2026-06-16,MO2609-P-7200.CFE,2026-09-18,OPTION,-12,-0.14806074518985385,713.0,104.0,PUT,7200.0,8646.4034,144640.3399999999,62278.420399999995,12,747341.0447999999
2026-06-16,MO2609-P-7600.CFE,2026-09-18,OPTION,-10,-0.09399352391957799,657.0,184.6,PUT,7600.0,8646.4034,104640.33999999992,70338.4204,10,703384.204
2026-06-16,MO2609-P-8000.CFE,2026-09-18,OPTION,-6,-0.04270022953202749,1025.0,307.2,PUT,8000.0,8646.4034,64640.339999999924,82598.4204,6,495590.5224
2026-06-16,MO2609-C-8800.CFE,2026-09-18,OPTION,5,0.05260995027229742,1107.0,308.8,CALL,8800.0,8646.4034,15359.660000000076,119277.18079999991,0,0.0
2026-06-16,MO2609-C-9200.CFE,2026-09-18,OPTION,9,0.09706171284313124,830.0,192.8,CALL,9200.0,8646.4034,55359.660000000076,71158.4204,0,0.0
2026-06-16,MO2609-C-9600.CFE,2026-09-18,OPTION,11,0.13962132726192714,1358.0,120.2,CALL,9600.0,8646.4034,95359.66000000008,63898.420399999995,0,0.0
2026-06-16,MO2609-C-10000.CFE,2026-09-18,OPTION,11,0.18044332178218225,2183.0,77.8,CALL,10000.0,8646.4034,135359.6600000001,59658.420399999995,0,0.0
2026-06-17,MO2609-P-7000.CFE,2026-09-18,OPTION,-10,-0.18766440120445008,430.0,75.4,PUT,7000.0,8704.4677,170446.76999999993,59766.80619999999,10,597668.0619999999
2026-06-17,MO2609-P-7200.CFE,2026-09-18,OPTION,-10,-0.15949352423775384,686.0,101.2,PUT,7200.0,8704.4677,150446.76999999993,62346.80619999999,10,623468.0619999999
2026-06-17,MO2609-P-7600.CFE,2026-09-18,OPTION,-10,-0.10542630296747796,594.0,174.4,PUT,7600.0,8704.4677,110446.76999999993,69666.80619999999,10,696668.0619999999
2026-06-17,MO2609-P-8000.CFE,2026-09-18,OPTION,-7,-0.05413300857992745,1691.0,292.2,PUT,8000.0,8704.4677,70446.76999999993,81446.80619999999,7,570127.6434
2026-06-17,MO2609-P-8400.CFE,2026-09-18,OPTION,-2,-0.0053428444104954695,697.0,453.0,PUT,8400.0,8704.4677,30446.769999999924,119306.84240000005,2,238613.6848000001
2026-06-17,MO2609-C-8800.CFE,2026-09-18,OPTION,4,0.04117717122439737,892.0,343.4,CALL,8800.0,8704.4677,9553.230000000076,129240.38239999991,0,0.0
2026-06-17,MO2609-C-9200.CFE,2026-09-18,OPTION,8,0.08562893379523129,545.0,215.2,CALL,9200.0,8704.4677,49553.230000000076,76420.38239999991,0,0.0
2026-06-17,MO2609-C-9600.CFE,2026-09-18,OPTION,11,0.1281885482140271,1436.0,136.0,CALL,9600.0,8704.4677,89553.23000000007,65826.80619999999,0,0.0
2026-06-17,MO2609-C-10000.CFE,2026-09-18,OPTION,12,0.16901054273428232,1552.0,89.0,CALL,10000.0,8704.4677,129553.23000000007,61126.80619999999,0,0.0
2026-06-18,MO2609-P-7000.CFE,2026-09-18,OPTION,-9,-0.19533179352996943,448.0,65.0,PUT,7000.0,8771.0244,177102.44000000003,59126.1464,9,532135.3176
2026-06-18,MO2609-P-7200.CFE,2026-09-18,OPTION,-10,-0.16716091656327314,791.0,88.2,PUT,7200.0,8771.0244,157102.44000000003,61446.1464,10,614461.4639999999
2026-06-18,MO2609-P-7600.CFE,2026-09-18,OPTION,-10,-0.11309369529299743,419.0,153.2,PUT,7600.0,8771.0244,117102.44000000003,67946.1464,10,679461.4639999999
2026-06-18,MO2609-P-8000.CFE,2026-09-18,OPTION,-8,-0.061800400905446834,1102.0,261.0,PUT,8000.0,8771.0244,77102.44000000003,78726.1464,8,629809.1712
2026-06-18,MO2609-P-8400.CFE,2026-09-18,OPTION,-3,-0.013010236736014888,712.0,414.8,PUT,8400.0,8771.0244,37102.440000000024,109629.85279999996,3,328889.55839999986
2026-06-18,MO2609-C-8800.CFE,2026-09-18,OPTION,3,0.03350977889887792,936.0,359.8,CALL,8800.0,8771.0244,2897.559999999976,138334.73280000003,0,0.0
2026-06-18,MO2609-C-9200.CFE,2026-09-18,OPTION,8,0.07796154146971192,759.0,232.8,CALL,9200.0,8771.0244,42897.559999999976,85634.73280000003,0,0.0
2026-06-18,MO2609-C-9600.CFE,2026-09-18,OPTION,12,0.12052115588850779,1032.0,148.0,CALL,9600.0,8771.0244,82897.55999999997,67426.1464,0,0.0
2026-06-18,MO2609-C-10000.CFE,2026-09-18,OPTION,13,0.16134315040876288,2217.0,97.2,CALL,10000.0,8771.0244,122897.55999999997,62346.1464,0,0.0
2026-06-22,MO2609-P-7200.CFE,2026-09-18,OPTION,-12,-0.1688281511019398,537.0,72.8,PUT,7200.0,8865.676,166567.59999999995,60474.056,12,725688.672
2026-06-22,MO2609-P-7400.CFE,2026-09-18,OPTION,-12,-0.1414291769138253,631.0,99.8,PUT,7400.0,8865.676,146567.59999999995,63174.056,12,758088.672
2026-06-22,MO2609-P-7800.CFE,2026-09-18,OPTION,-11,-0.08878544342840339,469.0,180.0,PUT,7800.0,8865.676,106567.59999999995,71194.056,11,783134.6159999999
2026-06-22,MO2609-P-8200.CFE,2026-09-18,OPTION,-6,-0.038775022853742055,439.0,310.0,PUT,8200.0,8865.676,66567.59999999995,84194.056,6,505164.336
2026-06-22,MO2609-C-8800.CFE,2026-09-18,OPTION,3,0.0318425443602113,872.0,372.0,CALL,8800.0,8865.676,0.0,143588.112,0,0.0
2026-06-22,MO2609-C-9200.CFE,2026-09-18,OPTION,9,0.0762943069310452,514.0,241.0,CALL,9200.0,8865.676,33432.40000000005,97055.71199999994,0,0.0
2026-06-22,MO2609-C-9600.CFE,2026-09-18,OPTION,12,0.1188539213498412,1608.0,154.6,CALL,9600.0,8865.676,73432.40000000005,68654.056,0,0.0
2026-06-22,MO2609-C-10000.CFE,2026-09-18,OPTION,13,0.1596759158700962,2301.0,100.4,CALL,10000.0,8865.676,113432.40000000005,63234.056,0,0.0
2026-06-23,MO2608-P-7400.CFE,2026-08-21,OPTION,-17,-0.1403493139045275,440.0,62.8,PUT,7400.0,8680.0387,128003.86999999991,58360.2322,17,992123.9474
2026-06-23,MO2608-P-7600.CFE,2026-08-21,OPTION,-17,-0.11368106682236621,460.0,91.0,PUT,7600.0,8680.0387,108003.86999999991,61180.2322,17,1040063.9474
2026-06-23,MO2608-P-7900.CFE,2026-08-21,OPTION,-16,-0.07496655464167584,232.0,149.8,PUT,7900.0,8680.0387,78003.86999999991,67060.2322,16,1072963.7152
2026-06-23,MO2608-P-8200.CFE,2026-08-21,OPTION,-10,-0.037695159844444145,248.0,245.2,PUT,8200.0,8680.0387,48003.869999999915,80676.59440000009,10,806765.9440000008
2026-06-23,MO2608-P-8500.CFE,2026-08-21,OPTION,-2,-0.001763150618380852,681.0,370.2,PUT,8500.0,8680.0387,18003.869999999915,123176.59440000009,2,246353.18880000018
2026-06-23,MO2608-C-8800.CFE,2026-08-21,OPTION,7,0.03292240736950923,537.0,260.2,CALL,8800.0,8680.0387,11996.130000000085,118184.3343999999,0,0.0
2026-06-23,MO2608-C-9100.CFE,2026-08-21,OPTION,14,0.06644509940815276,433.0,167.6,CALL,9100.0,8680.0387,41996.130000000085,78924.3343999999,0,0.0
2026-06-23,MO2608-C-9400.CFE,2026-08-21,OPTION,18,0.09888037516130657,233.0,104.8,CALL,9400.0,8680.0387,71996.13000000009,62560.2322,0,0.0
2026-06-23,MO2608-C-9700.CFE,2026-08-21,OPTION,19,0.13029657139468545,390.0,65.0,CALL,9700.0,8680.0387,101996.13000000009,58580.2322,0,0.0
2026-06-24,MO2609-P-7000.CFE,2026-09-18,OPTION,-14,-0.19090367248239282,563.0,59.6,PUT,7000.0,8793.4866,179348.66000000003,58720.9196,14,822092.8744
2026-06-24,MO2609-P-7400.CFE,2026-09-18,OPTION,-15,-0.13533382132758215,387.0,109.8,PUT,7400.0,8793.4866,139348.66000000003,63740.9196,15,956113.794
2026-06-24,MO2609-P-8000.CFE,2026-09-18,OPTION,-10,-0.05737227985787018,846.0,256.0,PUT,8000.0,8793.4866,79348.66000000002,78360.9196,10,783609.196
2026-06-24,MO2609-P-8300.CFE,2026-09-18,OPTION,-5,-0.020558306735153884,111.0,366.0,PUT,8300.0,8793.4866,49348.66000000002,92773.17919999998,5,463865.89599999995
2026-06-24,MO2609-C-8900.CFE,2026-09-18,OPTION,5,0.04923745520038801,110.0,295.4,CALL,8900.0,8793.4866,10651.339999999982,124410.49920000002,0,0.0
2026-06-24,MO2609-C-9200.CFE,2026-09-18,OPTION,9,0.08238966251728848,441.0,208.4,CALL,9200.0,8793.4866,40651.33999999998,85710.49920000002,0,0.0
2026-06-24,MO2609-C-9600.CFE,2026-09-18,OPTION,12,0.12494927693608432,913.0,130.6,CALL,9600.0,8793.4866,80651.33999999998,65820.9196,0,0.0
2026-06-24,MO2609-C-10000.CFE,2026-09-18,OPTION,13,0.16577127145633958,1256.0,85.2,CALL,10000.0,8793.4866,120651.33999999998,61280.9196,0,0.0
2026-06-25,MO2609-P-7200.CFE,2026-09-18,OPTION,-15,-0.1687812247762623,409.0,75.0,PUT,7200.0,8825.9201,162592.00999999995,60455.520599999996,15,906832.8089999999
2026-06-25,MO2609-P-7600.CFE,2026-09-18,OPTION,-14,-0.1147140035059866,406.0,134.0,PUT,7600.0,8825.9201,122592.00999999994,66355.52059999999,14,928977.2883999998
2026-06-25,MO2609-P-8000.CFE,2026-09-18,OPTION,-11,-0.06342070911843599,620.0,231.0,PUT,8000.0,8825.9201,82592.00999999994,76055.52059999999,11,836610.7265999999
2026-06-25,MO2609-P-8400.CFE,2026-09-18,OPTION,-4,-0.014630544949004036,644.0,380.6,PUT,8400.0,8825.9201,42592.00999999994,101379.03120000006,4,405516.1248000002
2026-06-25,MO2609-C-8700.CFE,2026-09-18,OPTION,2,0.02046077486226603,135.0,373.4,CALL,8700.0,8825.9201,0.0,143251.04119999998,0,0.0
2026-06-25,MO2609-C-8900.CFE,2026-09-18,OPTION,5,0.04318902593982213,159.0,297.2,CALL,8900.0,8825.9201,7407.990000000063,128223.05119999993,0,0.0
2026-06-25,MO2609-C-9200.CFE,2026-09-18,OPTION,9,0.07634123325672268,248.0,210.2,CALL,9200.0,8825.9201,37407.99000000006,89523.05119999993,0,0.0
2026-06-25,MO2609-C-9600.CFE,2026-09-18,OPTION,13,0.11890084767551856,752.0,128.4,CALL,9600.0,8825.9201,77407.99000000006,65795.52059999999,0,0.0
2026-06-25,MO2609-C-10000.CFE,2026-09-18,OPTION,13,0.15972284219577365,1104.0,83.6,CALL,10000.0,8825.9201,117407.99000000006,61315.520599999996,0,0.0
2026-06-26,MO2609-P-7000.CFE,2026-09-18,OPTION,-16,-0.17265594730857278,578.0,69.8,PUT,7000.0,8601.4075,160140.74999999994,58588.44499999999,16,937415.1199999999
2026-06-26,MO2609-P-7400.CFE,2026-09-18,OPTION,-15,-0.11708609615376195,695.0,129.6,PUT,7400.0,8601.4075,120140.74999999994,64568.44499999999,15,968526.6749999999
2026-06-26,MO2609-P-7900.CFE,2026-09-18,OPTION,-10,-0.05170333689091022,214.0,256.2,PUT,7900.0,8601.4075,70140.74999999994,77228.44499999999,10,772284.45
2026-06-26,MO2609-P-8200.CFE,2026-09-18,OPTION,-4,-0.014431942093678589,589.0,370.4,PUT,8200.0,8601.4075,40140.749999999935,100116.14000000004,4,400464.5600000002
2026-06-26,MO2609-C-8500.CFE,2026-09-18,OPTION,2,0.021500067132384768,214.0,366.6,CALL,8500.0,8601.4075,0.0,139876.88999999998,0,0.0
2026-06-26,MO2609-C-8800.CFE,2026-09-18,OPTION,7,0.056185625120274696,842.0,252.0,CALL,8800.0,8601.4075,19859.250000000065,108557.63999999993,0,0.0
2026-06-26,MO2609-C-9200.CFE,2026-09-18,OPTION,11,0.10063738769110848,353.0,148.8,CALL,9200.0,8601.4075,59859.250000000065,66488.44499999999,0,0.0
2026-06-26,MO2609-C-9500.CFE,2026-09-18,OPTION,12,0.13272570224260913,177.0,99.6,CALL,9500.0,8601.4075,89859.25000000006,61568.44499999999,0,0.0
2026-06-26,MO2609-C-9800.CFE,2026-09-18,OPTION,12,0.16381628931264014,882.0,68.0,CALL,9800.0,8601.4075,119859.25000000006,58408.44499999999,0,0.0
2026-06-29,MO2609-P-7000.CFE,2026-09-18,OPTION,-17,-0.1713809738982708,506.0,65.8,PUT,7000.0,8597.8932,159789.32000000004,58167.359200000006,17,988845.1064000002
2026-06-29,MO2609-P-7400.CFE,2026-09-18,OPTION,-16,-0.11581112274346006,453.0,124.8,PUT,7400.0,8597.8932,119789.32000000004,64067.359200000006,16,1025077.7472000001
2026-06-29,MO2609-P-7900.CFE,2026-09-18,OPTION,-10,-0.05042836348060826,165.0,255.0,PUT,7900.0,8597.8932,69789.32000000004,77087.3592,10,770873.5920000001
2026-06-29,MO2609-P-8200.CFE,2026-09-18,OPTION,-4,-0.013156968683376695,530.0,373.0,PUT,8200.0,8597.8932,39789.32000000004,100685.39839999998,4,402741.5935999999
2026-06-29,MO2609-C-8500.CFE,2026-09-18,OPTION,2,0.022775040542686593,296.0,352.6,CALL,8500.0,8597.8932,0.0,138434.7184,0,0.0
2026-06-29,MO2609-C-8800.CFE,2026-09-18,OPTION,7,0.05746059853057666,1147.0,243.4,CALL,8800.0,8597.8932,20210.679999999957,107304.03840000005,0,0.0
2026-06-29,MO2609-C-9200.CFE,2026-09-18,OPTION,11,0.1019123611014105,449.0,144.4,CALL,9200.0,8597.8932,60210.67999999996,66027.3592,0,0.0
2026-06-29,MO2609-C-9500.CFE,2026-09-18,OPTION,12,0.13400067565291107,244.0,96.2,CALL,9500.0,8597.8932,90210.67999999996,61207.359200000006,0,0.0
2026-06-29,MO2609-C-9800.CFE,2026-09-18,OPTION,12,0.1650912627229422,876.0,64.6,CALL,9800.0,8597.8932,120210.67999999996,58047.359200000006,0,0.0
2026-06-30,MO2609-P-7200.CFE,2026-09-18,OPTION,-15,-0.16647913308539397,679.0,74.6,PUT,7200.0,8809.7859,160978.59000000008,60318.7154,15,904780.731
2026-06-30,MO2609-P-7600.CFE,2026-09-18,OPTION,-14,-0.11241191181511812,217.0,131.4,PUT,7600.0,8809.7859,120978.59000000008,65998.7154,14,923982.0156
2026-06-30,MO2609-P-7900.CFE,2026-09-18,OPTION,-11,-0.07369739963442774,135.0,200.6,PUT,7900.0,8809.7859,90978.59000000008,72918.7154,11,802105.8694
2026-06-30,MO2609-P-8200.CFE,2026-09-18,OPTION,-6,-0.03642600483719616,498.0,292.8,PUT,8200.0,8809.7859,60978.59000000008,82138.7154,6,492832.29240000003
2026-06-30,MO2609-P-8400.CFE,2026-09-18,OPTION,-2,-0.012328453258135561,461.0,375.0,PUT,8400.0,8809.7859,40978.59000000008,102238.84079999992,2,204477.68159999984
2026-06-30,MO2609-C-8700.CFE,2026-09-18,OPTION,4,0.022762866553134507,196.0,350.4,CALL,8700.0,8809.7859,0.0,140757.4308,0,0.0
2026-06-30,MO2609-C-9200.CFE,2026-09-18,OPTION,12,0.07864332494759115,462.0,185.8,CALL,9200.0,8809.7859,39021.40999999992,85276.02080000009,0,0.0
2026-06-30,MO2609-C-9600.CFE,2026-09-18,OPTION,14,0.12120293936638703,654.0,110.2,CALL,9600.0,8809.7859,79021.40999999992,63878.7154,0,0.0
2026-06-30,MO2609-C-10000.CFE,2026-09-18,OPTION,14,0.16202493388664213,1158.0,69.4,CALL,10000.0,8809.7859,119021.40999999992,59798.7154,0,0.0
2026-07-01,MO2608-P-7700.CFE,2026-08-21,OPTION,22,-0.11293435896205391,550.0,61.2,PUT,7700.0,8876.6303,117663.03000000007,59379.781800000004,0,0.0
2026-07-01,MO2608-P-7900.CFE,2026-08-21,OPTION,22,-0.0872919283487163,344.0,92.0,PUT,7900.0,8876.6303,97663.03000000007,62459.781800000004,0,0.0
2026-07-01,MO2608-P-8100.CFE,2026-08-21,OPTION,20,-0.06229062614329894,544.0,130.0,PUT,8100.0,8876.6303,77663.03000000007,66259.7818,0,0.0
2026-07-01,MO2608-P-8400.CFE,2026-08-21,OPTION,11,-0.025922981972424087,680.0,225.0,PUT,8400.0,8876.6303,47663.03000000007,81356.53359999994,0,0.0
2026-07-01,MO2608-P-8600.CFE,2026-08-21,OPTION,2,-0.0023924845622300024,762.0,308.4,PUT,8600.0,8876.6303,27663.03000000007,109696.53359999994,0,0.0
2026-07-01,MO2608-C-8800.CFE,2026-08-21,OPTION,-7,0.020597033662468813,1133.0,257.0,CALL,8800.0,8876.6303,0.0,132219.5636,7,925536.9452
2026-07-01,MO2608-C-9100.CFE,2026-08-21,OPTION,-18,0.054119725701112384,508.0,155.2,CALL,9100.0,8876.6303,22336.96999999993,99702.59360000008,18,1794646.6848000013
2026-07-01,MO2608-C-9300.CFE,2026-08-21,OPTION,-23,0.07585971233751815,473.0,107.2,CALL,9300.0,8876.6303,42336.96999999993,74902.59360000008,23,1722759.652800002
2026-07-01,MO2608-C-9600.CFE,2026-08-21,OPTION,-26,0.10760841065209845,998.0,59.4,CALL,9600.0,8876.6303,72336.96999999993,59199.781800000004,26,1539194.3268000002
2026-07-02,MO2608-P-7600.CFE,2026-08-21,OPTION,23,-0.10873638992404167,331.0,67.4,PUT,7600.0,8625.3336,102533.35999999999,58492.0016,0,0.0
2026-07-02,MO2608-P-7800.CFE,2026-08-21,OPTION,23,-0.08276090352078094,621.0,100.6,PUT,7800.0,8625.3336,82533.35999999999,61812.0016,0,0.0
2026-07-02,MO2608-P-8000.CFE,2026-08-21,OPTION,20,-0.05744309553649112,1444.0,148.6,PUT,8000.0,8625.3336,62533.35999999999,66612.0016,0,0.0
2026-07-02,MO2608-P-8200.CFE,2026-08-21,OPTION,14,-0.03275048294611956,580.0,210.8,PUT,8200.0,8625.3336,42533.35999999999,82050.64320000002,0,0.0
2026-07-02,MO2608-C-8500.CFE,2026-08-21,OPTION,1,0.0031815262799436985,1524.0,319.8,CALL,8500.0,8625.3336,0.0,135484.0032,0,0.0
2026-07-02,MO2608-C-8700.CFE,2026-08-21,OPTION,-9,0.02643838844421091,1340.0,234.2,CALL,8700.0,8625.3336,7466.640000000007,119457.36319999999,9,1075116.2688
2026-07-02,MO2608-C-8900.CFE,2026-08-21,OPTION,-17,0.0491666395217672,485.0,171.2,CALL,8900.0,8625.3336,27466.640000000007,93157.36319999999,17,1583675.1744
2026-07-02,MO2608-C-9100.CFE,2026-08-21,OPTION,-23,0.07138977630647735,524.0,116.8,CALL,9100.0,8625.3336,47466.64000000001,67717.36319999999,23,1557499.3535999998
2026-07-02,MO2608-C-9400.CFE,2026-08-21,OPTION,-27,0.10382505205963113,735.0,66.4,CALL,9400.0,8625.3336,77466.64000000001,58392.0016,27,1576584.0432000002
2026-07-03,MO2609-P-7200.CFE,2026-09-18,OPTION,19,-0.15093121720028524,531.0,74.8,PUT,7200.0,8620.7886,142078.86,59204.7316,0,0.0
2026-07-03,MO2609-P-7600.CFE,2026-09-18,OPTION,16,-0.09686399593000941,493.0,137.8,PUT,7600.0,8620.7886,102078.85999999999,65504.7316,0,0.0
2026-07-03,MO2609-P-8000.CFE,2026-09-18,OPTION,10,-0.04557070154245884,1459.0,247.8,PUT,8000.0,8620.7886,62078.859999999986,76504.7316,0,0.0
2026-07-03,MO2609-P-8200.CFE,2026-09-18,OPTION,5,-0.02087808895208743,507.0,319.8,PUT,8200.0,8620.7886,42078.859999999986,93350.60320000001,0,0.0
2026-07-03,MO2609-C-8600.CFE,2026-09-18,OPTION,-4,0.02674996003716723,1044.0,317.6,CALL,8600.0,8620.7886,0.0,135209.4632,4,540837.8528
2026-07-03,MO2609-C-8900.CFE,2026-09-18,OPTION,-9,0.06103903351579937,410.0,215.4,CALL,8900.0,8620.7886,27921.140000000014,97068.32319999998,9,873614.9087999999
2026-07-03,MO2609-C-9200.CFE,2026-09-18,OPTION,-12,0.09419124083269986,436.0,141.2,CALL,9200.0,8620.7886,57921.140000000014,65844.7316,12,790136.7792
2026-07-03,MO2609-C-9500.CFE,2026-09-18,OPTION,-12,0.1262795553842004,198.0,92.6,CALL,9500.0,8620.7886,87921.14000000001,60984.7316,12,731816.7792
2026-07-03,MO2609-C-9800.CFE,2026-09-18,OPTION,-12,0.15737014245423134,577.0,62.8,CALL,9800.0,8620.7886,117921.14000000001,58004.7316,12,696056.7792
2026-07-06,MO2609-P-7000.CFE,2026-09-18,OPTION,19,-0.16611958221767414,368.0,57.0,PUT,7000.0,8472.6028,147260.28000000006,56535.6168,0,0.0
2026-07-06,MO2609-P-7400.CFE,2026-09-18,OPTION,18,-0.11054973106286338,754.0,111.6,PUT,7400.0,8472.6028,107260.28000000006,61995.6168,0,0.0
2026-07-06,MO2609-P-7900.CFE,2026-09-18,OPTION,11,-0.04516697180001174,225.0,237.6,PUT,7900.0,8472.6028,57260.28000000006,74595.6168,0,0.0
2026-07-06,MO2609-P-8200.CFE,2026-09-18,OPTION,4,-0.00789557700278004,570.0,359.8,PUT,8200.0,8472.6028,27260.280000000057,110390.95359999995,0,0.0
2026-07-06,MO2609-C-8500.CFE,2026-09-18,OPTION,-3,0.028036432223283163,548.0,299.6,CALL,8500.0,8472.6028,2739.719999999943,128891.51360000006,3,386674.5408000002
2026-07-06,MO2609-C-8800.CFE,2026-09-18,OPTION,-9,0.06272199021117336,947.0,197.0,CALL,8800.0,8472.6028,32739.719999999943,88631.51360000006,9,797683.6224000006
2026-07-06,MO2609-C-9100.CFE,2026-09-18,OPTION,-12,0.0962446822498169,244.0,132.0,CALL,9100.0,8472.6028,62739.71999999994,64035.6168,12,768427.4016
2026-07-06,MO2609-C-9400.CFE,2026-09-18,OPTION,-13,0.12867995800297072,470.0,85.2,CALL,9400.0,8472.6028,92739.71999999994,59355.6168,13,771623.0184000001
2026-07-06,MO2609-C-9700.CFE,2026-09-18,OPTION,-13,0.16009615423634962,149.0,57.6,CALL,9700.0,8472.6028,122739.71999999994,56595.6168,13,735743.0184000001
2026-07-07,MO2609-P-7000.CFE,2026-09-18,OPTION,21,-0.14782869732534704,622.0,59.4,PUT,7000.0,8301.8035,130180.35,55750.820999999996,0,0.0
2026-07-07,MO2609-P-7400.CFE,2026-09-18,OPTION,19,-0.09225884617053623,597.0,123.2,PUT,7400.0,8301.8035,90180.35,62130.820999999996,0,0.0
2026-07-07,MO2609-P-7800.CFE,2026-09-18,OPTION,11,-0.03961511268511422,1345.0,236.0,PUT,7800.0,8301.8035,50180.35,73410.821,0,0.0
2026-07-07,MO2609-P-8000.CFE,2026-09-18,OPTION,5,-0.014297304700824449,1212.0,321.2,PUT,8000.0,8301.8035,30180.35,101561.29199999999,0,0.0
2026-07-07,MO2609-C-8300.CFE,2026-09-18,OPTION,-3,0.022516668421891883,306.0,298.8,CALL,8300.0,8301.8035,0.0,129501.64199999999,3,388504.926
2026-07-07,MO2609-C-8600.CFE,2026-09-18,OPTION,-10,0.058023356878801814,1523.0,198.4,CALL,8600.0,8301.8035,29819.65,89641.992,10,896419.9199999999
2026-07-07,MO2609-C-8800.CFE,2026-09-18,OPTION,-13,0.08101287510350036,1134.0,145.6,CALL,8800.0,8301.8035,49819.65,64370.820999999996,13,836820.673
2026-07-07,MO2609-C-9100.CFE,2026-09-18,OPTION,-15,0.11453556714214405,244.0,93.0,CALL,9100.0,8301.8035,79819.65,59110.820999999996,15,886662.315
2026-07-07,MO2609-C-9400.CFE,2026-09-18,OPTION,-14,0.14697084289529783,811.0,62.2,CALL,9400.0,8301.8035,109819.65,56030.820999999996,14,784431.494
2026-07-08,MO2612-P-6400.CFE,2026-12-18,OPTION,10,-0.19012953669544952,523.0,98.4,PUT,6400.0,8117.8607,171786.07,58547.1642,0,0.0
2026-07-08,MO2612-P-6800.CFE,2026-12-18,OPTION,9,-0.1295049148790146,133.0,175.4,PUT,6800.0,8117.8607,131786.07,66247.1642,0,0.0
2026-07-08,MO2612-P-7200.CFE,2026-12-18,OPTION,6,-0.07234650103906604,196.0,296.4,PUT,7200.0,8117.8607,91786.07000000002,78347.1642,0,0.0
2026-07-08,MO2612-P-7600.CFE,2026-12-18,OPTION,2,-0.0182792797687903,370.0,466.8,PUT,7600.0,8117.8607,51786.07000000002,95387.1642,0,0.0
2026-07-08,MO2612-C-8200.CFE,2026-12-18,OPTION,-4,0.057706627209131736,301.0,392.6,CALL,8200.0,8117.8607,8213.929999999982,128460.39840000002,4,513841.5936000001
2026-07-08,MO2612-C-8600.CFE,2026-12-18,OPTION,-5,0.10533467619838642,262.0,275.4,CALL,8600.0,8117.8607,48213.92999999998,76740.39840000002,5,383701.9920000001
2026-07-08,MO2612-C-9000.CFE,2026-12-18,OPTION,-6,0.15079705027514362,261.0,188.6,CALL,9000.0,8117.8607,88213.92999999998,67567.1642,6,405402.9852
2026-07-08,MO2612-C-9400.CFE,2026-12-18,OPTION,-5,0.1942821622148825,231.0,134.2,CALL,9400.0,8117.8607,128213.92999999998,62127.1642,5,310635.821
2026-07-08,MO2612-C-9800.CFE,2026-12-18,OPTION,-5,0.2359548586154506,286.0,90.0,CALL,9800.0,8117.8607,168213.93,57707.1642,5,288535.821
2026-07-09,MO2608-P-7500.CFE,2026-08-21,OPTION,30,-0.09008442810530981,2702.0,65.2,PUT,7500.0,8300.077,80007.69999999992,56320.462,0,0.0
2026-07-09,MO2608-P-7600.CFE,2026-08-21,OPTION,29,-0.07683920135528925,1640.0,84.2,PUT,7600.0,8300.077,70007.69999999992,58220.462,0,0.0
2026-07-09,MO2608-P-7800.CFE,2026-08-21,OPTION,24,-0.05086371495202853,2501.0,134.0,PUT,7800.0,8300.077,50007.69999999993,63200.462,0,0.0
2026-07-09,MO2608-P-8000.CFE,2026-08-21,OPTION,14,-0.0255459069677387,4136.0,199.2,PUT,8000.0,8300.077,30007.69999999993,89513.22400000007,0,0.0
2026-07-09,MO2608-P-8200.CFE,2026-08-21,OPTION,1,-0.0008532943773671306,1833.0,285.8,PUT,8200.0,8300.077,10007.699999999932,118173.22400000007,0,0.0
2026-07-09,MO2608-C-8400.CFE,2026-08-21,OPTION,-11,0.023244257201693434,2778.0,205.0,CALL,8400.0,8300.077,9992.300000000068,110108.62399999992,11,1211194.8639999991
2026-07-09,MO2608-C-8600.CFE,2026-08-21,OPTION,-22,0.046774754611887404,2604.0,138.6,CALL,8600.0,8300.077,29992.30000000007,83468.62399999992,22,1836309.7279999983
2026-07-09,MO2608-C-8800.CFE,2026-08-21,OPTION,-29,0.0697642728365862,2413.0,92.6,CALL,8800.0,8300.077,49992.30000000007,59060.462,29,1712753.398
2026-07-09,MO2608-C-9000.CFE,2026-08-21,OPTION,-30,0.09223712868864485,4000.0,61.0,CALL,9000.0,8300.077,69992.30000000008,55900.462,30,1677013.8599999999
2026-07-10,MO2608-P-7400.CFE,2026-08-21,OPTION,30,-0.09028529115854372,1108.0,58.2,PUT,7400.0,8198.3078,79830.78000000006,55009.8468,0,0.0
2026-07-10,MO2608-P-7500.CFE,2026-08-21,OPTION,30,-0.07686227082640315,1729.0,75.8,PUT,7500.0,8198.3078,69830.78000000006,56769.8468,0,0.0
2026-07-10,MO2608-P-7700.CFE,2026-08-21,OPTION,25,-0.05054496250902972,1416.0,121.4,PUT,7700.0,8198.3078,49830.78000000005,61329.8468,0,0.0
2026-07-10,MO2608-P-7900.CFE,2026-08-21,OPTION,14,-0.024902531895692054,1428.0,188.4,PUT,7900.0,8198.3078,29830.78000000005,87388.91359999994,0,0.0
2026-07-10,MO2608-C-8100.CFE,2026-08-21,OPTION,1,9.877030972523354e-05,1208.0,294.6,CALL,8100.0,8198.3078,0.0,127839.6936,0,0.0
2026-07-10,MO2608-C-8300.CFE,2026-08-21,OPTION,-13,0.024490223433884406,3417.0,203.2,CALL,8300.0,8198.3078,10169.21999999995,108530.47360000006,13,1410896.1568000007
2026-07-10,MO2608-C-8500.CFE,2026-08-21,OPTION,-23,0.04830087212760296,5468.0,137.8,CALL,8500.0,8198.3078,30169.21999999995,81990.47360000006,23,1885780.8928000012
2026-07-10,MO2608-C-8700.CFE,2026-08-21,OPTION,-29,0.07155773429187023,2418.0,88.4,CALL,8700.0,8198.3078,50169.21999999995,58029.8468,29,1682865.5572
2026-07-10,MO2608-C-8900.CFE,2026-08-21,OPTION,-30,0.09428598536942637,1700.0,54.8,CALL,8900.0,8198.3078,70169.21999999994,54669.8468,30,1640095.404
2026-07-13,MO2612-P-6400.CFE,2026-12-18,OPTION,11,-0.15320380310952814,1032.0,132.8,PUT,6400.0,7787.8529,138785.28999999998,60007.1174,0,0.0
2026-07-13,MO2612-P-6600.CFE,2026-12-18,OPTION,10,-0.12243214444277441,472.0,182.2,PUT,6600.0,7787.8529,118785.28999999998,64947.1174,0,0.0
2026-07-13,MO2612-P-7000.CFE,2026-12-18,OPTION,6,-0.06359164441984098,600.0,315.8,PUT,7000.0,7787.8529,78785.28999999998,78307.1174,0,0.0
2026-07-13,MO2612-C-7800.CFE,2026-12-18,OPTION,-3,0.04462194022039172,519.0,442.4,CALL,7800.0,7787.8529,1214.7100000000137,136479.52479999998,3,409438.5743999999
2026-07-13,MO2612-C-8200.CFE,2026-12-18,OPTION,-6,0.09463236079505317,615.0,313.0,CALL,8200.0,7787.8529,41214.710000000014,83539.52479999998,6,501237.1487999999
2026-07-13,MO2612-C-8600.CFE,2026-12-18,OPTION,-6,0.14226040978430787,357.0,226.8,CALL,8600.0,7787.8529,81214.71000000002,69407.1174,6,416442.70440000005
2026-07-13,MO2612-C-9000.CFE,2026-12-18,OPTION,-6,0.18772278386106508,261.0,162.8,CALL,9000.0,7787.8529,121214.71000000002,63007.1174,6,378042.70440000005
2026-07-13,MO2612-C-9400.CFE,2026-12-18,OPTION,-5,0.231207895800804,340.0,115.0,CALL,9400.0,7787.8529,161214.71000000002,58227.1174,5,291135.587
2026-07-14,MO2609-P-6600.CFE,2026-09-18,OPTION,19,-0.16551443847757344,887.0,53.4,PUT,6600.0,7925.1232,132512.32,52890.739199999996,0,0.0
2026-07-14,MO2609-P-7000.CFE,2026-09-18,OPTION,18,-0.10667393845463992,1004.0,110.6,PUT,7000.0,7925.1232,92512.32,58610.739199999996,0,0.0
2026-07-14,MO2609-P-7300.CFE,2026-09-18,OPTION,14,-0.06470973935560777,370.0,180.2,PUT,7300.0,7925.1232,62512.32,65570.7392,0,0.0
2026-07-14,MO2609-P-7600.CFE,2026-09-18,OPTION,7,-0.02443584021766791,1417.0,286.2,PUT,7600.0,7925.1232,32512.32,91209.15839999999,0,0.0
2026-07-14,MO2609-C-7900.CFE,2026-09-18,OPTION,-2,0.014278671963022526,447.0,350.6,CALL,7900.0,7925.1232,0.0,130161.47839999999,2,260322.95679999999
2026-07-14,MO2609-C-8200.CFE,2026-09-18,OPTION,-9,0.051550066760254164,755.0,232.0,CALL,8200.0,7925.1232,27487.68,90813.7984,9,817324.1856
2026-07-14,MO2609-C-8500.CFE,2026-09-18,OPTION,-14,0.08748207598631752,649.0,150.4,CALL,8500.0,7925.1232,57487.68,62590.739199999996,14,876270.3487999999
2026-07-14,MO2609-C-8800.CFE,2026-09-18,OPTION,-15,0.12216763397420756,967.0,95.6,CALL,8800.0,7925.1232,87487.68,57110.739199999996,15,856661.088
2026-07-14,MO2609-C-9100.CFE,2026-09-18,OPTION,-15,0.15569032601285113,204.0,59.4,CALL,9100.0,7925.1232,117487.68,53490.739199999996,15,802361.088
2026-07-15,MO2609-P-6600.CFE,2026-09-18,OPTION,21,-0.15715913689171152,367.0,63.2,PUT,6600.0,7817.8313,121783.12999999998,53226.9878,0,0.0
2026-07-15,MO2609-P-7000.CFE,2026-09-18,OPTION,19,-0.09831863686877802,668.0,130.8,PUT,7000.0,7817.8313,81783.12999999998,59986.9878,0,0.0
2026-07-15,MO2609-P-7300.CFE,2026-09-18,OPTION,13,-0.056354437769745885,212.0,216.2,PUT,7300.0,7817.8313,51783.12999999998,68526.9878,0,0.0
2026-07-15,MO2609-P-7600.CFE,2026-09-18,OPTION,5,-0.01608053863180594,631.0,332.2,PUT,7600.0,7817.8313,21783.129999999983,105250.84560000003,0,0.0
2026-07-15,MO2609-C-7900.CFE,2026-09-18,OPTION,-4,0.022633973548884367,375.0,314.0,CALL,7900.0,7817.8313,8216.870000000017,116997.10559999998,4,467988.4223999999
2026-07-15,MO2609-C-8200.CFE,2026-09-18,OPTION,-10,0.05990536834611599,608.0,210.8,CALL,8200.0,7817.8313,38216.87000000002,76677.10559999998,10,766771.0559999999
2026-07-15,MO2609-C-8500.CFE,2026-09-18,OPTION,-14,0.09583737757217933,332.0,136.2,CALL,8500.0,7817.8313,68216.87000000002,60526.9878,14,847377.8292
2026-07-15,MO2609-C-8800.CFE,2026-09-18,OPTION,-15,0.13052293556006936,625.0,85.4,CALL,8800.0,7817.8313,98216.87000000002,55446.9878,15,831704.817
2026-07-15,MO2609-C-9100.CFE,2026-09-18,OPTION,-14,0.1640456275987129,117.0,54.2,CALL,9100.0,7817.8313,128216.87000000002,52326.9878,14,732577.8292
2026-07-16,MO2612-P-6400.CFE,2026-12-18,OPTION,13,-0.1379940762725142,571.0,168.0,PUT,6400.0,7631.7622,123176.22000000002,62590.5732,0,0.0
2026-07-16,MO2612-P-6600.CFE,2026-12-18,OPTION,10,-0.10722241760576053,372.0,223.8,PUT,6600.0,7631.7622,103176.22000000002,68170.5732,0,0.0
2026-07-16,MO2612-P-7000.CFE,2026-12-18,OPTION,5,-0.048381917582827096,297.0,369.4,PUT,7000.0,7631.7622,63176.220000000016,82730.5732,0,0.0
2026-07-16,MO2612-C-7400.CFE,2026-12-18,OPTION,-1,0.0071879335719837595,140.0,539.0,CALL,7400.0,7631.7622,0.0,145481.1464,1,145481.1464
2026-07-16,MO2612-C-7800.CFE,2026-12-18,OPTION,-5,0.05983166705740572,282.0,384.0,CALL,7800.0,7631.7622,16823.779999999988,113157.36640000001,5,565786.832
2026-07-16,MO2612-C-8200.CFE,2026-12-18,OPTION,-6,0.10984208763206707,126.0,273.2,CALL,8200.0,7631.7622,56823.779999999984,73110.5732,6,438663.4392
2026-07-16,MO2612-C-8600.CFE,2026-12-18,OPTION,-6,0.15747013662132167,318.0,198.2,CALL,8600.0,7631.7622,96823.77999999998,65610.5732,6,393663.4392
2026-07-16,MO2612-C-9000.CFE,2026-12-18,OPTION,-5,0.202932510698079,221.0,136.8,CALL,9000.0,7631.7622,136823.78,59470.5732,5,297352.866
2026-07-16,MO2612-C-9400.CFE,2026-12-18,OPTION,-4,0.2464176226378178,140.0,95.4,CALL,9400.0,7631.7622,176823.78,55330.5732,4,221322.2928
2026-07-17,MO2612-P-6400.CFE,2026-12-18,OPTION,17,-0.07028370466987409,1416.0,279.6,PUT,6400.0,7167.9959,76799.59,70967.9754,0,0.0
2026-07-17,MO2612-P-6600.CFE,2026-12-18,OPTION,11,-0.03951204600312041,946.0,361.2,PUT,6600.0,7167.9959,56799.58999999999,79127.9754,0,0.0
2026-07-17,MO2612-C-7200.CFE,2026-12-18,OPTION,-4,0.04749933098650924,264.0,415.6,CALL,7200.0,7167.9959,3200.4100000000108,124375.54079999999,4,497502.16319999995
2026-07-17,MO2612-C-7600.CFE,2026-12-18,OPTION,-8,0.10156655225678501,981.0,300.0,CALL,7600.0,7167.9959,43200.41000000001,73007.9754,8,584063.8032
2026-07-17,MO2612-C-7800.CFE,2026-12-18,OPTION,-9,0.12754203866004565,817.0,252.2,CALL,7800.0,7167.9959,63200.41000000001,68227.9754,9,614051.7786
2026-07-17,MO2612-C-8200.CFE,2026-12-18,OPTION,-7,0.17755245923470706,558.0,183.6,CALL,8200.0,7167.9959,103200.41,61367.975399999996,7,429575.82779999997
2026-07-17,MO2612-C-8400.CFE,2026-12-18,OPTION,-6,0.20165001081376754,378.0,157.6,CALL,8400.0,7167.9959,123200.41,58767.975399999996,6,352607.8524
2026-07-17,MO2612-C-8800.CFE,2026-12-18,OPTION,-3,0.2481700264486604,305.0,120.4,CALL,8800.0,7167.9959,163200.41,55047.975399999996,3,165143.9262
2026-07-20,MO2609-P-6200.CFE,2026-09-18,OPTION,30,-0.09967016271655312,7484.0,172.0,PUT,6200.0,6965.3757,76537.56999999996,58992.254199999996,0,0.0
2026-07-20,MO2609-P-6600.CFE,2026-09-18,OPTION,16,-0.03714980573521909,3473.0,312.0,PUT,6600.0,6965.3757,36537.56999999996,78246.93840000003,0,0.0
2026-07-20,MO2609-C-6900.CFE,2026-09-18,OPTION,1,0.007301956835614766,556.0,428.0,CALL,6900.0,6965.3757,0.0,126384.50839999999,0,0.0
2026-07-20,MO2609-C-7200.CFE,2026-09-18,OPTION,-9,0.049861571254410715,1684.0,310.0,CALL,7200.0,6965.3757,23462.43000000004,91122.07839999995,9,820098.7055999996
2026-07-20,MO2609-C-7500.CFE,2026-09-18,OPTION,-14,0.09068356577466585,1184.0,218.0,CALL,7500.0,6965.3757,53462.43000000004,63592.254199999996,14,890291.5588
2026-07-20,MO2609-C-7800.CFE,2026-09-18,OPTION,-15,0.12990427892794718,2093.0,149.6,CALL,7800.0,6965.3757,83462.43000000004,56752.254199999996,15,851283.813
2026-07-20,MO2609-C-8100.CFE,2026-09-18,OPTION,-12,0.16764460691079422,904.0,106.0,CALL,8100.0,6965.3757,113462.43000000004,52392.254199999996,12,628707.0504
2026-07-20,MO2609-C-8400.CFE,2026-09-18,OPTION,-8,0.20401225108166907,1467.0,72.8,CALL,8400.0,6965.3757,143462.43000000005,49072.254199999996,8,392578.03359999997
2026-07-20,MO2609-C-8700.CFE,2026-09-18,OPTION,-4,0.23910357089293902,634.0,50.2,CALL,8700.0,6965.3757,173462.43000000005,46812.254199999996,4,187249.01679999998
2026-07-21,MO2610-P-6200.CFE,2026-10-16,OPTION,13,-0.1348044134322568,536.0,119.4,PUT,6200.0,7259.863,105986.30000000003,55499.178,0,0.0
2026-07-21,MO2610-P-6300.CFE,2026-10-16,OPTION,13,-0.11880407208581566,113.0,149.8,PUT,6300.0,7259.863,95986.30000000003,58539.178,0,0.0
2026-07-21,MO2610-P-6500.CFE,2026-10-16,OPTION,12,-0.08755152858171124,142.0,194.0,PUT,6500.0,7259.863,75986.30000000003,62959.178,0,0.0
2026-07-21,MO2610-P-6700.CFE,2026-10-16,OPTION,10,-0.057246179086382284,167.0,260.4,PUT,6700.0,7259.863,55986.30000000003,69599.178,0,0.0
2026-07-21,MO2610-P-7000.CFE,2026-10-16,OPTION,4,-0.013443556427989356,184.0,383.2,PUT,7000.0,7259.863,25986.30000000003,99452.05599999997,0,0.0
2026-07-21,MO2610-C-7200.CFE,2026-10-16,OPTION,-2,0.014727320538706965,162.0,400.4,CALL,7200.0,7259.863,0.0,127158.356,2,254316.712
2026-07-21,MO2610-C-7400.CFE,2026-10-16,OPTION,-8,0.04212629472682141,174.0,327.2,CALL,7400.0,7259.863,14013.699999999972,105824.65600000003,8,846597.2480000003
2026-07-21,MO2610-C-7700.CFE,2026-10-16,OPTION,-17,0.0818666233763354,134.0,229.6,CALL,7700.0,7259.863,44013.69999999997,66519.178,17,1130826.026
2026-07-21,MO2610-C-7900.CFE,2026-10-16,OPTION,-22,0.10750905398967305,456.0,180.4,CALL,7900.0,7259.863,64013.69999999997,61599.178,22,1355181.916
2026-07-22,MO2610-P-6200.CFE,2026-10-16,OPTION,19,-0.12104499540954047,487.0,126.0,PUT,6200.0,7158.7622,95876.22000000002,55552.5732,0,0.0
2026-07-22,MO2610-P-6300.CFE,2026-10-16,OPTION,17,-0.10504465406309937,108.0,147.2,PUT,6300.0,7158.7622,85876.22000000002,57672.5732,0,0.0
2026-07-22,MO2610-P-6600.CFE,2026-10-16,OPTION,11,-0.0585246384282065,155.0,230.8,PUT,6600.0,7158.7622,55876.220000000016,66032.5732,0,0.0
2026-07-22,MO2610-P-6800.CFE,2026-10-16,OPTION,6,-0.02867167527852541,137.0,305.8,PUT,6800.0,7158.7622,35876.220000000016,80608.92639999998,0,0.0
2026-07-22,MO2610-P-6900.CFE,2026-10-16,OPTION,3,-0.014072875857372647,143.0,353.8,PUT,6900.0,7158.7622,25876.220000000012,95408.92639999998,0,0.0
2026-07-22,MO2610-C-7200.CFE,2026-10-16,OPTION,-6,0.028486738561423187,241.0,305.8,CALL,7200.0,7158.7622,4123.779999999988,112361.36640000001,6,674168.1984000001
2026-07-22,MO2610-C-7400.CFE,2026-10-16,OPTION,-11,0.05588571274953778,217.0,231.6,CALL,7400.0,7158.7622,24123.779999999988,84941.36640000001,11,934355.0304000002
2026-07-22,MO2610-C-7700.CFE,2026-10-16,OPTION,-16,0.09562604139905179,154.0,154.4,CALL,7700.0,7158.7622,54123.779999999984,58392.5732,16,934281.1712
2026-07-22,MO2610-C-8000.CFE,2026-10-16,OPTION,-18,0.13384725421924948,297.0,101.6,CALL,8000.0,7158.7622,84123.77999999998,53112.5732,18,956026.3176
2026-07-23,MO2609-P-6200.CFE,2026-09-18,OPTION,23,-0.13153747059868512,2524.0,66.0,PUT,6200.0,7195.4997,99549.97000000003,49772.9982,0,0.0
2026-07-23,MO2609-P-6400.CFE,2026-09-18,OPTION,22,-0.09978877228410474,953.0,99.0,PUT,6400.0,7195.4997,79549.97000000003,53072.9982,0,0.0
2026-07-23,MO2609-P-6600.CFE,2026-09-18,OPTION,18,-0.06901711361735109,1671.0,145.8,PUT,6600.0,7195.4997,59549.97000000003,57752.9982,0,0.0
2026-07-23,MO2609-P-6900.CFE,2026-09-18,OPTION,8,-0.024565351046517248,1664.0,246.4,PUT,6900.0,7195.4997,29549.97000000003,81436.02639999997,0,0.0
2026-07-23,MO2609-C-7300.CFE,2026-09-18,OPTION,-8,0.031787585504614434,1225.0,233.2,CALL,7300.0,7195.4997,10450.02999999997,99215.96640000003,8,793727.7312000003
2026-07-23,MO2609-C-7600.CFE,2026-09-18,OPTION,-18,0.07206148464255449,2098.0,140.4,CALL,7600.0,7195.4997,40450.02999999997,59935.966400000034,18,1078847.3952000006
2026-07-23,MO2609-C-7800.CFE,2026-09-18,OPTION,-21,0.09803697104581502,1698.0,98.2,CALL,7800.0,7195.4997,60450.02999999997,52992.9982,21,1112852.9622
2026-07-23,MO2609-C-8100.CFE,2026-09-18,OPTION,-22,0.13577729902866215,363.0,56.0,CALL,8100.0,7195.4997,90450.02999999997,48772.9982,22,1073005.9604
2026-07-24,MO2609-P-6200.CFE,2026-09-18,OPTION,30,-0.1040984292391308,2499.0,106.8,PUT,6200.0,6995.6931,79569.31000000004,52654.1586,0,0.0
2026-07-24,MO2609-P-6400.CFE,2026-09-18,OPTION,25,-0.07234973092455048,1116.0,151.0,PUT,6400.0,6995.6931,59569.31000000004,57074.1586,0,0.0
2026-07-24,MO2609-P-6600.CFE,2026-09-18,OPTION,14,-0.04157807225779675,1532.0,211.2,PUT,6600.0,6995.6931,39569.31000000004,65499.00719999996,0,0.0
2026-07-24,MO2609-P-6800.CFE,2026-09-18,OPTION,4,-0.011725109108115568,1690.0,291.0,PUT,6800.0,6995.6931,19569.31000000004,93479.00719999996,0,0.0
2026-07-24,MO2609-C-7100.CFE,2026-09-18,OPTION,-10,0.03144706275709303,770.0,245.4,CALL,7100.0,6995.6931,10430.689999999959,98057.62720000005,10,980576.2720000005
2026-07-24,MO2609-C-7300.CFE,2026-09-18,OPTION,-16,0.05922662686416888,947.0,175.0,CALL,7300.0,6995.6931,30430.68999999996,71017.62720000005,16,1136282.0352000007
2026-07-24,MO2609-C-7500.CFE,2026-09-18,OPTION,-18,0.08625529925208811,1269.0,123.2,CALL,7500.0,6995.6931,50430.68999999996,54294.1586,18,977294.8548000001
2026-07-24,MO2609-C-7700.CFE,2026-09-18,OPTION,-18,0.11257260756946146,1137.0,86.0,CALL,7700.0,6995.6931,70430.68999999996,50574.1586,18,910334.8548000001
2026-07-24,MO2609-C-8000.CFE,2026-09-18,OPTION,-14,0.15079382038965922,3475.0,51.4,CALL,8000.0,6995.6931,100430.68999999996,47114.1586,14,659598.2204
2026-07-27,MO2610-P-6200.CFE,2026-10-16,OPTION,18,-0.13210106546473668,584.0,97.6,PUT,6200.0,7228.7845,102878.44999999998,53132.706999999995,0,0.0
2026-07-27,MO2610-P-6300.CFE,2026-10-16,OPTION,18,-0.11610072411829561,115.0,110.8,PUT,6300.0,7228.7845,92878.44999999998,54452.706999999995,0,0.0
2026-07-27,MO2610-P-6600.CFE,2026-10-16,OPTION,14,-0.06958070848340278,114.0,176.0,PUT,6600.0,7228.7845,62878.449999999975,60972.706999999995,0,0.0
2026-07-27,MO2610-C-7200.CFE,2026-10-16,OPTION,-1,0.01743066850622695,135.0,327.0,CALL,7200.0,7228.7845,0.0,119445.41399999999,1,119445.41399999999
2026-07-27,MO2610-C-7800.CFE,2026-10-16,OPTION,-14,0.09747337617976354,100.0,136.8,CALL,7800.0,7228.7845,57121.550000000025,57052.706999999995,14,798737.8979999999
2026-07-27,MO2610-C-7900.CFE,2026-10-16,OPTION,-15,0.11021240195719326,142.0,118.8,CALL,7900.0,7228.7845,67121.55000000002,55252.706999999995,15,828790.605
2026-07-27,MO2610-C-8000.CFE,2026-10-16,OPTION,-16,0.12279118416405334,371.0,106.4,CALL,8000.0,7228.7845,77121.55000000002,54012.706999999995,16,864203.3119999999
2026-07-28,MO2609-P-6200.CFE,2026-09-18,OPTION,30,-0.11321347129685212,2118.0,102.6,PUT,6200.0,7026.2761,82627.61,52417.6566,0,0.0
2026-07-28,MO2609-P-6400.CFE,2026-09-18,OPTION,24,-0.0814647729822718,868.0,145.4,PUT,6400.0,7026.2761,62627.61,56697.6566,0,0.0
2026-07-28,MO2609-P-6600.CFE,2026-09-18,OPTION,16,-0.050693114315518095,2084.0,201.2,PUT,6600.0,7026.2761,42627.61,62277.6566,0,0.0
2026-07-28,MO2609-P-6800.CFE,2026-09-18,OPTION,7,-0.020840151165836925,1367.0,277.6,PUT,6800.0,7026.2761,22627.610000000004,89447.7032,0,0.0
2026-07-28,MO2609-C-7100.CFE,2026-09-18,OPTION,-6,0.022332020699371822,927.0,271.6,CALL,7100.0,7026.2761,7372.389999999996,104102.9232,6,624617.5392
2026-07-28,MO2609-C-7300.CFE,2026-09-18,OPTION,-13,0.05011158480644755,803.0,194.6,CALL,7300.0,7026.2761,27372.389999999996,76402.9232,13,993238.0016000001
2026-07-28,MO2609-C-7500.CFE,2026-09-18,OPTION,-18,0.07714025719436687,740.0,140.2,CALL,7500.0,7026.2761,47372.39,56177.6566,18,1011197.8188
2026-07-28,MO2609-C-7700.CFE,2026-09-18,OPTION,-20,0.10345756551174029,619.0,96.2,CALL,7700.0,7026.2761,67372.39,51777.6566,20,1035553.132
2026-07-28,MO2609-C-8000.CFE,2026-09-18,OPTION,-19,0.14167877833193798,2351.0,57.6,CALL,8000.0,7026.2761,97372.39,47917.6566,19,910435.4754
