date,code,expiry,asset_type,qty,k,volume,price,option_type,strike,spot
2026-06-01,MO2607-P-7400.CFE,2026-07-17,OPTION,-27,-0.10693764970622899,1152.0,62.6,PUT,7400.0,8345.1291
2026-06-01,MO2607-P-7600.CFE,2026-07-17,OPTION,-25,-0.08026940262406776,694.0,99.6,PUT,7600.0,8345.1291
2026-06-01,MO2607-P-7800.CFE,2026-07-17,OPTION,-21,-0.05429391622080708,974.0,147.2,PUT,7800.0,8345.1291
2026-06-01,MO2607-P-8000.CFE,2026-07-17,OPTION,-13,-0.02897610823651718,1552.0,213.8,PUT,8000.0,8345.1291
2026-06-01,MO2607-C-8300.CFE,2026-07-17,OPTION,2,0.007837864886199055,989.0,301.4,CALL,8300.0,8345.1291
2026-06-01,MO2607-C-8500.CFE,2026-07-17,OPTION,12,0.03164851357991761,1548.0,218.0,CALL,8500.0,8345.1291
2026-06-01,MO2607-C-8700.CFE,2026-07-17,OPTION,19,0.054905375744184894,1162.0,155.0,CALL,8700.0,8345.1291
2026-06-01,MO2607-C-8900.CFE,2026-07-17,OPTION,23,0.07763362682174103,524.0,107.8,CALL,8900.0,8345.1291
2026-06-01,MO2607-C-9200.CFE,2026-07-17,OPTION,25,0.11078583413864143,283.0,60.0,CALL,9200.0,8345.1291
2026-06-01,IM_20260717,2026-07-17,FUTURE,-20,0.0,,8235.2,,,8345.1291
2026-06-02,MO2607-P-7400.CFE,2026-07-17,OPTION,-26,-0.10946020852908281,1388.0,58.0,PUT,7400.0,8384.7812
2026-06-02,MO2607-P-7600.CFE,2026-07-17,OPTION,-25,-0.08279196144692155,717.0,91.0,PUT,7600.0,8384.7812
2026-06-02,MO2607-P-7800.CFE,2026-07-17,OPTION,-22,-0.05681647504366085,887.0,136.0,PUT,7800.0,8384.7812
2026-06-02,MO2607-P-8000.CFE,2026-07-17,OPTION,-14,-0.03149866705937105,1605.0,199.8,PUT,8000.0,8384.7812
2026-06-02,MO2607-C-8300.CFE,2026-07-17,OPTION,1,0.005315306063345219,2789.0,300.8,CALL,8300.0,8384.7812
2026-06-02,MO2607-C-8500.CFE,2026-07-17,OPTION,11,0.029125954757063796,1013.0,216.6,CALL,8500.0,8384.7812
2026-06-02,MO2607-C-8700.CFE,2026-07-17,OPTION,19,0.0523828169213311,1229.0,150.0,CALL,8700.0,8384.7812
2026-06-02,MO2607-C-8900.CFE,2026-07-17,OPTION,25,0.07511106799888725,647.0,102.6,CALL,8900.0,8384.7812
2026-06-02,MO2607-C-9200.CFE,2026-07-17,OPTION,27,0.1082632753157877,300.0,57.0,CALL,9200.0,8384.7812
2026-06-02,IM_20260717,2026-07-17,FUTURE,-20,0.0,,8256.0,,,8384.7812
2026-06-03,MO2607-P-7500.CFE,2026-07-17,OPTION,-29,-0.1008463420905015,789.0,63.6,PUT,7500.0,8432.679
2026-06-03,MO2607-P-7700.CFE,2026-07-17,OPTION,-27,-0.07452903377312808,463.0,97.6,PUT,7700.0,8432.679
2026-06-03,MO2607-P-7900.CFE,2026-07-17,OPTION,-22,-0.04888660315979044,835.0,146.0,PUT,7900.0,8432.679
2026-06-03,MO2607-P-8100.CFE,2026-07-17,OPTION,-13,-0.02388530095437316,653.0,214.4,PUT,8100.0,8432.679
2026-06-03,MO2607-C-8300.CFE,2026-07-17,OPTION,-2,0.0005061521697858968,2925.0,305.0,CALL,8300.0,8432.679
2026-06-03,MO2607-C-8500.CFE,2026-07-17,OPTION,11,0.024316800863504545,1510.0,215.2,CALL,8500.0,8432.679
2026-06-03,MO2607-C-8700.CFE,2026-07-17,OPTION,21,0.04757366302777171,3365.0,147.4,CALL,8700.0,8432.679
2026-06-03,MO2607-C-8900.CFE,2026-07-17,OPTION,28,0.07030191410532795,752.0,97.8,CALL,8900.0,8432.679
2026-06-03,MO2607-C-9100.CFE,2026-07-17,OPTION,30,0.09252505089003805,528.0,63.2,CALL,9100.0,8432.679
2026-06-03,IM_20260717,2026-07-17,FUTURE,-21,0.0,,8295.8,,,8432.679
2026-06-04,MO2607-P-7500.CFE,2026-07-17,OPTION,-30,-0.09942292299107301,300.0,63.8,PUT,7500.0,8420.0946
2026-06-04,MO2607-P-7700.CFE,2026-07-17,OPTION,-28,-0.07310561467369954,284.0,98.6,PUT,7700.0,8420.0946
2026-06-04,MO2607-P-7900.CFE,2026-07-17,OPTION,-23,-0.04746318406036194,363.0,148.0,PUT,7900.0,8420.0946
2026-06-04,MO2607-P-8100.CFE,2026-07-17,OPTION,-13,-0.02246188185494461,670.0,215.2,PUT,8100.0,8420.0946
2026-06-04,MO2607-C-8300.CFE,2026-07-17,OPTION,-1,0.0019295712692146056,1838.0,300.6,CALL,8300.0,8420.0946
2026-06-04,MO2607-C-8500.CFE,2026-07-17,OPTION,12,0.025740219962933086,1586.0,208.6,CALL,8500.0,8420.0946
2026-06-04,MO2607-C-8700.CFE,2026-07-17,OPTION,22,0.048997082127200296,953.0,142.4,CALL,8700.0,8420.0946
2026-06-04,MO2607-C-8900.CFE,2026-07-17,OPTION,28,0.07172533320475637,644.0,92.0,CALL,8900.0,8420.0946
2026-06-04,MO2607-C-9100.CFE,2026-07-17,OPTION,30,0.09394846998946674,242.0,58.4,CALL,9100.0,8420.0946
2026-06-04,IM_20260717,2026-07-17,FUTURE,-22,0.0,,8284.0,,,8420.0946
2026-06-05,MO2608-P-7500.CFE,2026-08-21,OPTION,-22,-0.08895447699192861,635.0,170.2,PUT,7500.0,8340.9631
2026-06-05,MO2608-P-7600.CFE,2026-08-21,OPTION,-20,-0.07570925024190799,261.0,197.0,PUT,7600.0,8340.9631
2026-06-05,MO2608-P-7800.CFE,2026-08-21,OPTION,-14,-0.04973376383864736,146.0,256.4,PUT,7800.0,8340.9631
2026-06-05,MO2608-P-8000.CFE,2026-08-21,OPTION,-7,-0.02441595585435751,189.0,327.6,PUT,8000.0,8340.9631
2026-06-05,MO2608-C-8300.CFE,2026-08-21,OPTION,4,0.012398017268358763,109.0,337.6,CALL,8300.0,8340.9631
2026-06-05,MO2608-C-8400.CFE,2026-08-21,OPTION,7,0.02437420831507455,236.0,297.6,CALL,8400.0,8340.9631
2026-06-05,MO2608-C-8500.CFE,2026-08-21,OPTION,11,0.03620866596207749,399.0,255.8,CALL,8500.0,8340.9631
2026-06-05,MO2608-C-8700.CFE,2026-08-21,OPTION,16,0.05946552812634472,140.0,192.8,CALL,8700.0,8340.9631
2026-06-05,MO2608-C-9300.CFE,2026-08-21,OPTION,21,0.12615690262501686,111.0,81.2,CALL,9300.0,8340.9631
2026-06-05,IM_20260821,2026-08-21,FUTURE,-18,0.0,,8197.731728545441,,,8340.9631
2026-06-08,MO2607-P-7400.CFE,2026-07-17,OPTION,-30,-0.07803653865735247,3045.0,98.4,PUT,7400.0,8081.2614
2026-06-08,MO2607-P-7500.CFE,2026-07-17,OPTION,-30,-0.06461351832521181,1459.0,121.4,PUT,7500.0,8081.2614
2026-06-08,MO2607-P-7700.CFE,2026-07-17,OPTION,-23,-0.03829621000783847,1224.0,178.4,PUT,7700.0,8081.2614
2026-06-08,MO2607-P-7900.CFE,2026-07-17,OPTION,-8,-0.012653779394500771,1371.0,254.0,PUT,7900.0,8081.2614
2026-06-08,MO2607-C-8100.CFE,2026-07-17,OPTION,7,0.01234752281091644,1602.0,257.8,CALL,8100.0,8081.2614
2026-06-08,MO2607-C-8200.CFE,2026-07-17,OPTION,13,0.024617615402730757,1793.0,215.0,CALL,8200.0,8081.2614
2026-06-08,MO2607-C-8400.CFE,2026-07-17,OPTION,24,0.048715166981791416,1615.0,144.2,CALL,8400.0,8081.2614
2026-06-08,MO2607-C-8600.CFE,2026-07-17,OPTION,29,0.07224566439198547,1715.0,96.0,CALL,8600.0,8081.2614
2026-06-08,MO2607-C-8800.CFE,2026-07-17,OPTION,30,0.09523518261668415,1844.0,63.2,CALL,8800.0,8081.2614
2026-06-08,IM_20260717,2026-07-17,FUTURE,-26,0.0,,8000.6,,,8081.2614
2026-06-09,MO2608-P-7200.CFE,2026-08-21,OPTION,-15,-0.12800331252353464,216.0,111.6,PUT,7200.0,8318.6978
2026-06-09,MO2608-P-7500.CFE,2026-08-21,OPTION,-16,-0.08718131800327954,273.0,169.0,PUT,7500.0,8318.6978
2026-06-09,MO2608-P-7600.CFE,2026-08-21,OPTION,-16,-0.07393609125325887,240.0,197.6,PUT,7600.0,8318.6978
2026-06-09,MO2608-P-8000.CFE,2026-08-21,OPTION,-10,-0.022642796865708338,266.0,340.0,PUT,8000.0,8318.6978
2026-06-09,MO2608-C-8500.CFE,2026-08-21,OPTION,4,0.037981824950726426,117.0,227.0,CALL,8500.0,8318.6978
2026-06-09,MO2608-C-8600.CFE,2026-08-21,OPTION,8,0.049677864713917726,218.0,190.8,CALL,8600.0,8318.6978
2026-06-09,MO2608-C-8700.CFE,2026-08-21,OPTION,11,0.061238687114993744,232.0,163.0,CALL,8700.0,8318.6978
2026-06-09,MO2608-C-8900.CFE,2026-08-21,OPTION,16,0.08396693819254991,127.0,117.6,CALL,8900.0,8318.6978
2026-06-09,MO2608-C-9000.CFE,2026-08-21,OPTION,18,0.09514023879067517,160.0,101.0,CALL,9000.0,8318.6978
2026-06-09,IM_20260821,2026-08-21,FUTURE,-15,0.0,,8183.208726445433,,,8318.6978
2026-06-10,MO2608-P-7200.CFE,2026-08-21,OPTION,-21,-0.11370096973531515,322.0,123.0,PUT,7200.0,8198.7232
2026-06-10,MO2608-P-7500.CFE,2026-08-21,OPTION,-17,-0.07287897521506008,170.0,192.2,PUT,7500.0,8198.7232
2026-06-10,MO2608-P-7600.CFE,2026-08-21,OPTION,-15,-0.05963374846503941,119.0,220.6,PUT,7600.0,8198.7232
2026-06-10,MO2608-P-8000.CFE,2026-08-21,OPTION,-5,-0.008340454077488896,331.0,381.2,PUT,8000.0,8198.7232
2026-06-10,MO2608-C-8400.CFE,2026-08-21,OPTION,7,0.04044971009194309,100.0,231.4,CALL,8400.0,8198.7232
2026-06-10,MO2608-C-8500.CFE,2026-08-21,OPTION,9,0.05228416773894595,217.0,199.8,CALL,8500.0,8198.7232
2026-06-10,MO2608-C-8700.CFE,2026-08-21,OPTION,13,0.07554102990321326,177.0,145.6,CALL,8700.0,8198.7232
2026-06-10,MO2608-C-8800.CFE,2026-08-21,OPTION,14,0.08696972572683603,191.0,124.2,CALL,8800.0,8198.7232
2026-06-10,MO2608-C-9100.CFE,2026-08-21,OPTION,16,0.12049241776547967,123.0,75.4,CALL,9100.0,8198.7232
2026-06-10,IM_20260821,2026-08-21,FUTURE,-15,0.0,,8067.002660517105,,,8198.7232
2026-06-11,MO2608-P-7200.CFE,2026-08-21,OPTION,-27,-0.1091248384668819,386.0,129.0,PUT,7200.0,8159.4548
2026-06-11,MO2608-P-7600.CFE,2026-08-21,OPTION,-16,-0.05505761719660606,127.0,240.8,PUT,7600.0,8159.4548
2026-06-11,MO2608-P-7700.CFE,2026-08-21,OPTION,-12,-0.0419855356292533,115.0,275.2,PUT,7700.0,8159.4548
2026-06-11,MO2608-P-8000.CFE,2026-08-21,OPTION,-1,-0.0037643228090555774,227.0,393.2,PUT,8000.0,8159.4548
2026-06-11,MO2608-C-8500.CFE,2026-08-21,OPTION,12,0.05686029900737931,166.0,192.4,CALL,8500.0,8159.4548
2026-06-11,MO2608-C-8700.CFE,2026-08-21,OPTION,14,0.08011716117164655,118.0,139.6,CALL,8700.0,8159.4548
2026-06-11,MO2608-C-8900.CFE,2026-08-21,OPTION,15,0.10284541224920264,145.0,101.8,CALL,8900.0,8159.4548
2026-06-11,MO2608-C-9000.CFE,2026-08-21,OPTION,15,0.11401871284732787,272.0,86.0,CALL,9000.0,8159.4548
2026-06-11,IM_20260821,2026-08-21,FUTURE,-14,0.0,,8030.171334165508,,,8159.4548
2026-06-12,MO2608-P-7200.CFE,2026-08-21,OPTION,-18,-0.11464788567200068,479.0,105.6,PUT,7200.0,8202.7991
2026-06-12,MO2608-P-7300.CFE,2026-08-21,OPTION,-17,-0.10085456353966486,137.0,123.4,PUT,7300.0,8202.7991
2026-06-12,MO2608-P-7600.CFE,2026-08-21,OPTION,-14,-0.060580664401724896,134.0,197.4,PUT,7600.0,8202.7991
2026-06-12,MO2608-P-7800.CFE,2026-08-21,OPTION,-9,-0.03460517799846423,199.0,264.4,PUT,7800.0,8202.7991
2026-06-12,MO2608-P-8000.CFE,2026-08-21,OPTION,-3,-0.009287370014174345,196.0,348.2,PUT,8000.0,8202.7991
2026-06-12,MO2608-C-8200.CFE,2026-08-21,OPTION,3,0.015405242576197055,186.0,309.6,CALL,8200.0,8202.7991
2026-06-12,MO2608-C-8600.CFE,2026-08-21,OPTION,15,0.06303329156545169,119.0,174.2,CALL,8600.0,8202.7991
2026-06-12,MO2608-C-8700.CFE,2026-08-21,OPTION,17,0.07459411396652779,190.0,150.2,CALL,8700.0,8202.7991
2026-06-12,MO2608-C-9000.CFE,2026-08-21,OPTION,21,0.10849566564220904,185.0,94.0,CALL,9000.0,8202.7991
2026-06-12,IM_20260821,2026-08-21,FUTURE,-15,0.0,,8074.645051677579,,,8202.7991
2026-06-15,MO2609-P-6800.CFE,2026-09-18,OPTION,-13,-0.19263582840158572,229.0,58.8,PUT,6800.0,8521.233
2026-06-15,MO2609-P-7200.CFE,2026-09-18,OPTION,-13,-0.13547741456163703,474.0,110.2,PUT,7200.0,8521.233
2026-06-15,MO2609-P-7600.CFE,2026-09-18,OPTION,-10,-0.08141019329136123,661.0,203.4,PUT,7600.0,8521.233
2026-06-15,MO2609-P-8000.CFE,2026-09-18,OPTION,-5,-0.030116898903810765,889.0,344.0,PUT,8000.0,8521.233
2026-06-15,MO2609-C-8400.CFE,2026-09-18,OPTION,2,0.018673265265621172,949.0,403.2,CALL,8400.0,8521.233
2026-06-15,MO2609-C-8800.CFE,2026-09-18,OPTION,7,0.06519328090051418,885.0,254.0,CALL,8800.0,8521.233
2026-06-15,MO2609-C-9200.CFE,2026-09-18,OPTION,10,0.10964504347134796,960.0,158.2,CALL,9200.0,8521.233
2026-06-15,MO2609-C-9600.CFE,2026-09-18,OPTION,10,0.1522046578901438,963.0,96.8,CALL,9600.0,8521.233
2026-06-15,MO2609-C-10000.CFE,2026-09-18,OPTION,10,0.1930266524103991,1353.0,62.4,CALL,10000.0,8521.233
2026-06-15,IM_20260918,2026-09-18,FUTURE,-8,0.0,,8244.6,,,8521.233
2026-06-16,MO2609-P-7000.CFE,2026-09-18,OPTION,-11,-0.17623162215655017,485.0,76.6,PUT,7000.0,8646.4034
2026-06-16,MO2609-P-7200.CFE,2026-09-18,OPTION,-12,-0.14806074518985385,713.0,104.0,PUT,7200.0,8646.4034
2026-06-16,MO2609-P-7600.CFE,2026-09-18,OPTION,-10,-0.09399352391957799,657.0,184.6,PUT,7600.0,8646.4034
2026-06-16,MO2609-P-8000.CFE,2026-09-18,OPTION,-6,-0.04270022953202749,1025.0,307.2,PUT,8000.0,8646.4034
2026-06-16,MO2609-C-8800.CFE,2026-09-18,OPTION,5,0.05260995027229742,1107.0,308.8,CALL,8800.0,8646.4034
2026-06-16,MO2609-C-9200.CFE,2026-09-18,OPTION,9,0.09706171284313124,830.0,192.8,CALL,9200.0,8646.4034
2026-06-16,MO2609-C-9600.CFE,2026-09-18,OPTION,11,0.13962132726192714,1358.0,120.2,CALL,9600.0,8646.4034
2026-06-16,MO2609-C-10000.CFE,2026-09-18,OPTION,11,0.18044332178218225,2183.0,77.8,CALL,10000.0,8646.4034
2026-06-16,IM_20260918,2026-09-18,FUTURE,-8,0.0,,8349.0,,,8646.4034
2026-06-17,MO2609-P-7000.CFE,2026-09-18,OPTION,-10,-0.18766440120445008,430.0,75.4,PUT,7000.0,8704.4677
2026-06-17,MO2609-P-7200.CFE,2026-09-18,OPTION,-10,-0.15949352423775384,686.0,101.2,PUT,7200.0,8704.4677
2026-06-17,MO2609-P-7600.CFE,2026-09-18,OPTION,-10,-0.10542630296747796,594.0,174.4,PUT,7600.0,8704.4677
2026-06-17,MO2609-P-8000.CFE,2026-09-18,OPTION,-7,-0.05413300857992745,1691.0,292.2,PUT,8000.0,8704.4677
2026-06-17,MO2609-P-8400.CFE,2026-09-18,OPTION,-2,-0.0053428444104954695,697.0,453.0,PUT,8400.0,8704.4677
2026-06-17,MO2609-C-8800.CFE,2026-09-18,OPTION,4,0.04117717122439737,892.0,343.4,CALL,8800.0,8704.4677
2026-06-17,MO2609-C-9200.CFE,2026-09-18,OPTION,8,0.08562893379523129,545.0,215.2,CALL,9200.0,8704.4677
2026-06-17,MO2609-C-9600.CFE,2026-09-18,OPTION,11,0.1281885482140271,1436.0,136.0,CALL,9600.0,8704.4677
2026-06-17,MO2609-C-10000.CFE,2026-09-18,OPTION,12,0.16901054273428232,1552.0,89.0,CALL,10000.0,8704.4677
2026-06-17,IM_20260918,2026-09-18,FUTURE,-8,0.0,,8445.0,,,8704.4677
2026-06-18,MO2609-P-7000.CFE,2026-09-18,OPTION,-9,-0.19533179352996943,448.0,65.0,PUT,7000.0,8771.0244
2026-06-18,MO2609-P-7200.CFE,2026-09-18,OPTION,-10,-0.16716091656327314,791.0,88.2,PUT,7200.0,8771.0244
2026-06-18,MO2609-P-7600.CFE,2026-09-18,OPTION,-10,-0.11309369529299743,419.0,153.2,PUT,7600.0,8771.0244
2026-06-18,MO2609-P-8000.CFE,2026-09-18,OPTION,-8,-0.061800400905446834,1102.0,261.0,PUT,8000.0,8771.0244
2026-06-18,MO2609-P-8400.CFE,2026-09-18,OPTION,-3,-0.013010236736014888,712.0,414.8,PUT,8400.0,8771.0244
2026-06-18,MO2609-C-8800.CFE,2026-09-18,OPTION,3,0.03350977889887792,936.0,359.8,CALL,8800.0,8771.0244
2026-06-18,MO2609-C-9200.CFE,2026-09-18,OPTION,8,0.07796154146971192,759.0,232.8,CALL,9200.0,8771.0244
2026-06-18,MO2609-C-9600.CFE,2026-09-18,OPTION,12,0.12052115588850779,1032.0,148.0,CALL,9600.0,8771.0244
2026-06-18,MO2609-C-10000.CFE,2026-09-18,OPTION,13,0.16134315040876288,2217.0,97.2,CALL,10000.0,8771.0244
2026-06-18,IM_20260918,2026-09-18,FUTURE,-8,0.0,,8510.0,,,8771.0244
2026-06-22,MO2609-P-7200.CFE,2026-09-18,OPTION,-12,-0.1688281511019398,537.0,72.8,PUT,7200.0,8865.676
2026-06-22,MO2609-P-7400.CFE,2026-09-18,OPTION,-12,-0.1414291769138253,631.0,99.8,PUT,7400.0,8865.676
2026-06-22,MO2609-P-7800.CFE,2026-09-18,OPTION,-11,-0.08878544342840339,469.0,180.0,PUT,7800.0,8865.676
2026-06-22,MO2609-P-8200.CFE,2026-09-18,OPTION,-6,-0.038775022853742055,439.0,310.0,PUT,8200.0,8865.676
2026-06-22,MO2609-C-8800.CFE,2026-09-18,OPTION,3,0.0318425443602113,872.0,372.0,CALL,8800.0,8865.676
2026-06-22,MO2609-C-9200.CFE,2026-09-18,OPTION,9,0.0762943069310452,514.0,241.0,CALL,9200.0,8865.676
2026-06-22,MO2609-C-9600.CFE,2026-09-18,OPTION,12,0.1188539213498412,1608.0,154.6,CALL,9600.0,8865.676
2026-06-22,MO2609-C-10000.CFE,2026-09-18,OPTION,13,0.1596759158700962,2301.0,100.4,CALL,10000.0,8865.676
2026-06-22,IM_20260918,2026-09-18,FUTURE,-9,0.0,,8524.2,,,8865.676
2026-06-23,MO2608-P-7400.CFE,2026-08-21,OPTION,-17,-0.1403493139045275,440.0,62.8,PUT,7400.0,8680.0387
2026-06-23,MO2608-P-7600.CFE,2026-08-21,OPTION,-17,-0.11368106682236621,460.0,91.0,PUT,7600.0,8680.0387
2026-06-23,MO2608-P-7900.CFE,2026-08-21,OPTION,-16,-0.07496655464167584,232.0,149.8,PUT,7900.0,8680.0387
2026-06-23,MO2608-P-8200.CFE,2026-08-21,OPTION,-10,-0.037695159844444145,248.0,245.2,PUT,8200.0,8680.0387
2026-06-23,MO2608-P-8500.CFE,2026-08-21,OPTION,-2,-0.001763150618380852,681.0,370.2,PUT,8500.0,8680.0387
2026-06-23,MO2608-C-8800.CFE,2026-08-21,OPTION,7,0.03292240736950923,537.0,260.2,CALL,8800.0,8680.0387
2026-06-23,MO2608-C-9100.CFE,2026-08-21,OPTION,14,0.06644509940815276,433.0,167.6,CALL,9100.0,8680.0387
2026-06-23,MO2608-C-9400.CFE,2026-08-21,OPTION,18,0.09888037516130657,233.0,104.8,CALL,9400.0,8680.0387
2026-06-23,MO2608-C-9700.CFE,2026-08-21,OPTION,19,0.13029657139468545,390.0,65.0,CALL,9700.0,8680.0387
2026-06-23,IM_20260821,2026-08-21,FUTURE,-13,0.0,,8515.0,,,8680.0387
2026-06-24,MO2609-P-7000.CFE,2026-09-18,OPTION,-14,-0.19090367248239282,563.0,59.6,PUT,7000.0,8793.4866
2026-06-24,MO2609-P-7400.CFE,2026-09-18,OPTION,-15,-0.13533382132758215,387.0,109.8,PUT,7400.0,8793.4866
2026-06-24,MO2609-P-8000.CFE,2026-09-18,OPTION,-10,-0.05737227985787018,846.0,256.0,PUT,8000.0,8793.4866
2026-06-24,MO2609-P-8300.CFE,2026-09-18,OPTION,-5,-0.020558306735153884,111.0,366.0,PUT,8300.0,8793.4866
2026-06-24,MO2609-C-8900.CFE,2026-09-18,OPTION,5,0.04923745520038801,110.0,295.4,CALL,8900.0,8793.4866
2026-06-24,MO2609-C-9200.CFE,2026-09-18,OPTION,9,0.08238966251728848,441.0,208.4,CALL,9200.0,8793.4866
2026-06-24,MO2609-C-9600.CFE,2026-09-18,OPTION,12,0.12494927693608432,913.0,130.6,CALL,9600.0,8793.4866
2026-06-24,MO2609-C-10000.CFE,2026-09-18,OPTION,13,0.16577127145633958,1256.0,85.2,CALL,10000.0,8793.4866
2026-06-24,IM_20260918,2026-09-18,FUTURE,-9,0.0,,8472.4,,,8793.4866
2026-06-25,MO2609-P-7200.CFE,2026-09-18,OPTION,-15,-0.1687812247762623,409.0,75.0,PUT,7200.0,8825.9201
2026-06-25,MO2609-P-7600.CFE,2026-09-18,OPTION,-14,-0.1147140035059866,406.0,134.0,PUT,7600.0,8825.9201
2026-06-25,MO2609-P-8000.CFE,2026-09-18,OPTION,-11,-0.06342070911843599,620.0,231.0,PUT,8000.0,8825.9201
2026-06-25,MO2609-P-8400.CFE,2026-09-18,OPTION,-4,-0.014630544949004036,644.0,380.6,PUT,8400.0,8825.9201
2026-06-25,MO2609-C-8700.CFE,2026-09-18,OPTION,2,0.02046077486226603,135.0,373.4,CALL,8700.0,8825.9201
2026-06-25,MO2609-C-8900.CFE,2026-09-18,OPTION,5,0.04318902593982213,159.0,297.2,CALL,8900.0,8825.9201
2026-06-25,MO2609-C-9200.CFE,2026-09-18,OPTION,9,0.07634123325672268,248.0,210.2,CALL,9200.0,8825.9201
2026-06-25,MO2609-C-9600.CFE,2026-09-18,OPTION,13,0.11890084767551856,752.0,128.4,CALL,9600.0,8825.9201
2026-06-25,MO2609-C-10000.CFE,2026-09-18,OPTION,13,0.15972284219577365,1104.0,83.6,CALL,10000.0,8825.9201
2026-06-25,IM_20260918,2026-09-18,FUTURE,-10,0.0,,8523.8,,,8825.9201
2026-06-26,MO2609-P-7000.CFE,2026-09-18,OPTION,-16,-0.17265594730857278,578.0,69.8,PUT,7000.0,8601.4075
2026-06-26,MO2609-P-7400.CFE,2026-09-18,OPTION,-15,-0.11708609615376195,695.0,129.6,PUT,7400.0,8601.4075
2026-06-26,MO2609-P-7900.CFE,2026-09-18,OPTION,-10,-0.05170333689091022,214.0,256.2,PUT,7900.0,8601.4075
2026-06-26,MO2609-P-8200.CFE,2026-09-18,OPTION,-4,-0.014431942093678589,589.0,370.4,PUT,8200.0,8601.4075
2026-06-26,MO2609-C-8500.CFE,2026-09-18,OPTION,2,0.021500067132384768,214.0,366.6,CALL,8500.0,8601.4075
2026-06-26,MO2609-C-8800.CFE,2026-09-18,OPTION,7,0.056185625120274696,842.0,252.0,CALL,8800.0,8601.4075
2026-06-26,MO2609-C-9200.CFE,2026-09-18,OPTION,11,0.10063738769110848,353.0,148.8,CALL,9200.0,8601.4075
2026-06-26,MO2609-C-9500.CFE,2026-09-18,OPTION,12,0.13272570224260913,177.0,99.6,CALL,9500.0,8601.4075
2026-06-26,MO2609-C-9800.CFE,2026-09-18,OPTION,12,0.16381628931264014,882.0,68.0,CALL,9800.0,8601.4075
2026-06-26,IM_20260918,2026-09-18,FUTURE,-10,0.0,,8319.2,,,8601.4075
2026-06-29,MO2609-P-7000.CFE,2026-09-18,OPTION,-17,-0.1713809738982708,506.0,65.8,PUT,7000.0,8597.8932
2026-06-29,MO2609-P-7400.CFE,2026-09-18,OPTION,-16,-0.11581112274346006,453.0,124.8,PUT,7400.0,8597.8932
2026-06-29,MO2609-P-7900.CFE,2026-09-18,OPTION,-10,-0.05042836348060826,165.0,255.0,PUT,7900.0,8597.8932
2026-06-29,MO2609-P-8200.CFE,2026-09-18,OPTION,-4,-0.013156968683376695,530.0,373.0,PUT,8200.0,8597.8932
2026-06-29,MO2609-C-8500.CFE,2026-09-18,OPTION,2,0.022775040542686593,296.0,352.6,CALL,8500.0,8597.8932
2026-06-29,MO2609-C-8800.CFE,2026-09-18,OPTION,7,0.05746059853057666,1147.0,243.4,CALL,8800.0,8597.8932
2026-06-29,MO2609-C-9200.CFE,2026-09-18,OPTION,11,0.1019123611014105,449.0,144.4,CALL,9200.0,8597.8932
2026-06-29,MO2609-C-9500.CFE,2026-09-18,OPTION,12,0.13400067565291107,244.0,96.2,CALL,9500.0,8597.8932
2026-06-29,MO2609-C-9800.CFE,2026-09-18,OPTION,12,0.1650912627229422,876.0,64.6,CALL,9800.0,8597.8932
2026-06-29,IM_20260918,2026-09-18,FUTURE,-10,0.0,,8308.6,,,8597.8932
2026-06-30,MO2609-P-7200.CFE,2026-09-18,OPTION,-15,-0.16647913308539397,679.0,74.6,PUT,7200.0,8809.7859
2026-06-30,MO2609-P-7600.CFE,2026-09-18,OPTION,-14,-0.11241191181511812,217.0,131.4,PUT,7600.0,8809.7859
2026-06-30,MO2609-P-7900.CFE,2026-09-18,OPTION,-11,-0.07369739963442774,135.0,200.6,PUT,7900.0,8809.7859
2026-06-30,MO2609-P-8200.CFE,2026-09-18,OPTION,-6,-0.03642600483719616,498.0,292.8,PUT,8200.0,8809.7859
2026-06-30,MO2609-P-8400.CFE,2026-09-18,OPTION,-2,-0.012328453258135561,461.0,375.0,PUT,8400.0,8809.7859
2026-06-30,MO2609-C-8700.CFE,2026-09-18,OPTION,4,0.022762866553134507,196.0,350.4,CALL,8700.0,8809.7859
2026-06-30,MO2609-C-9200.CFE,2026-09-18,OPTION,12,0.07864332494759115,462.0,185.8,CALL,9200.0,8809.7859
2026-06-30,MO2609-C-9600.CFE,2026-09-18,OPTION,14,0.12120293936638703,654.0,110.2,CALL,9600.0,8809.7859
2026-06-30,MO2609-C-10000.CFE,2026-09-18,OPTION,14,0.16202493388664213,1158.0,69.4,CALL,10000.0,8809.7859
2026-06-30,IM_20260918,2026-09-18,FUTURE,-10,0.0,,8504.2,,,8809.7859
2026-07-01,MO2608-P-7700.CFE,2026-08-21,OPTION,22,-0.11293435896205391,550.0,61.2,PUT,7700.0,8876.6303
2026-07-01,MO2608-P-7900.CFE,2026-08-21,OPTION,22,-0.0872919283487163,344.0,92.0,PUT,7900.0,8876.6303
2026-07-01,MO2608-P-8100.CFE,2026-08-21,OPTION,20,-0.06229062614329894,544.0,130.0,PUT,8100.0,8876.6303
2026-07-01,MO2608-P-8400.CFE,2026-08-21,OPTION,11,-0.025922981972424087,680.0,225.0,PUT,8400.0,8876.6303
2026-07-01,MO2608-P-8600.CFE,2026-08-21,OPTION,2,-0.0023924845622300024,762.0,308.4,PUT,8600.0,8876.6303
2026-07-01,MO2608-C-8800.CFE,2026-08-21,OPTION,-7,0.020597033662468813,1133.0,257.0,CALL,8800.0,8876.6303
2026-07-01,MO2608-C-9100.CFE,2026-08-21,OPTION,-18,0.054119725701112384,508.0,155.2,CALL,9100.0,8876.6303
2026-07-01,MO2608-C-9300.CFE,2026-08-21,OPTION,-23,0.07585971233751815,473.0,107.2,CALL,9300.0,8876.6303
2026-07-01,MO2608-C-9600.CFE,2026-08-21,OPTION,-26,0.10760841065209845,998.0,59.4,CALL,9600.0,8876.6303
2026-07-01,IM_20260821,2026-08-21,FUTURE,17,0.0,,8620.6,,,8876.6303
2026-07-02,MO2608-P-7600.CFE,2026-08-21,OPTION,23,-0.10873638992404167,331.0,67.4,PUT,7600.0,8625.3336
2026-07-02,MO2608-P-7800.CFE,2026-08-21,OPTION,23,-0.08276090352078094,621.0,100.6,PUT,7800.0,8625.3336
2026-07-02,MO2608-P-8000.CFE,2026-08-21,OPTION,20,-0.05744309553649112,1444.0,148.6,PUT,8000.0,8625.3336
2026-07-02,MO2608-P-8200.CFE,2026-08-21,OPTION,14,-0.03275048294611956,580.0,210.8,PUT,8200.0,8625.3336
2026-07-02,MO2608-C-8500.CFE,2026-08-21,OPTION,1,0.0031815262799436985,1524.0,319.8,CALL,8500.0,8625.3336
2026-07-02,MO2608-C-8700.CFE,2026-08-21,OPTION,-9,0.02643838844421091,1340.0,234.2,CALL,8700.0,8625.3336
2026-07-02,MO2608-C-8900.CFE,2026-08-21,OPTION,-17,0.0491666395217672,485.0,171.2,CALL,8900.0,8625.3336
2026-07-02,MO2608-C-9100.CFE,2026-08-21,OPTION,-23,0.07138977630647735,524.0,116.8,CALL,9100.0,8625.3336
2026-07-02,MO2608-C-9400.CFE,2026-08-21,OPTION,-27,0.10382505205963113,735.0,66.4,CALL,9400.0,8625.3336
2026-07-02,IM_20260821,2026-08-21,FUTURE,18,0.0,,8473.0,,,8625.3336
2026-07-03,MO2609-P-7200.CFE,2026-09-18,OPTION,19,-0.15093121720028524,531.0,74.8,PUT,7200.0,8620.7886
2026-07-03,MO2609-P-7600.CFE,2026-09-18,OPTION,16,-0.09686399593000941,493.0,137.8,PUT,7600.0,8620.7886
2026-07-03,MO2609-P-8000.CFE,2026-09-18,OPTION,10,-0.04557070154245884,1459.0,247.8,PUT,8000.0,8620.7886
2026-07-03,MO2609-P-8200.CFE,2026-09-18,OPTION,5,-0.02087808895208743,507.0,319.8,PUT,8200.0,8620.7886
2026-07-03,MO2609-C-8600.CFE,2026-09-18,OPTION,-4,0.02674996003716723,1044.0,317.6,CALL,8600.0,8620.7886
2026-07-03,MO2609-C-8900.CFE,2026-09-18,OPTION,-9,0.06103903351579937,410.0,215.4,CALL,8900.0,8620.7886
2026-07-03,MO2609-C-9200.CFE,2026-09-18,OPTION,-12,0.09419124083269986,436.0,141.2,CALL,9200.0,8620.7886
2026-07-03,MO2609-C-9500.CFE,2026-09-18,OPTION,-12,0.1262795553842004,198.0,92.6,CALL,9500.0,8620.7886
2026-07-03,MO2609-C-9800.CFE,2026-09-18,OPTION,-12,0.15737014245423134,577.0,62.8,CALL,9800.0,8620.7886
2026-07-03,IM_20260918,2026-09-18,FUTURE,11,0.0,,8373.0,,,8620.7886
2026-07-06,MO2609-P-7000.CFE,2026-09-18,OPTION,19,-0.16611958221767414,368.0,57.0,PUT,7000.0,8472.6028
2026-07-06,MO2609-P-7400.CFE,2026-09-18,OPTION,18,-0.11054973106286338,754.0,111.6,PUT,7400.0,8472.6028
2026-07-06,MO2609-P-7900.CFE,2026-09-18,OPTION,11,-0.04516697180001174,225.0,237.6,PUT,7900.0,8472.6028
2026-07-06,MO2609-P-8200.CFE,2026-09-18,OPTION,4,-0.00789557700278004,570.0,359.8,PUT,8200.0,8472.6028
2026-07-06,MO2609-C-8500.CFE,2026-09-18,OPTION,-3,0.028036432223283163,548.0,299.6,CALL,8500.0,8472.6028
2026-07-06,MO2609-C-8800.CFE,2026-09-18,OPTION,-9,0.06272199021117336,947.0,197.0,CALL,8800.0,8472.6028
2026-07-06,MO2609-C-9100.CFE,2026-09-18,OPTION,-12,0.0962446822498169,244.0,132.0,CALL,9100.0,8472.6028
2026-07-06,MO2609-C-9400.CFE,2026-09-18,OPTION,-13,0.12867995800297072,470.0,85.2,CALL,9400.0,8472.6028
2026-07-06,MO2609-C-9700.CFE,2026-09-18,OPTION,-13,0.16009615423634962,149.0,57.6,CALL,9700.0,8472.6028
2026-07-06,IM_20260918,2026-09-18,FUTURE,11,0.0,,8265.0,,,8472.6028
2026-07-07,MO2609-P-7000.CFE,2026-09-18,OPTION,21,-0.14782869732534704,622.0,59.4,PUT,7000.0,8301.8035
2026-07-07,MO2609-P-7400.CFE,2026-09-18,OPTION,19,-0.09225884617053623,597.0,123.2,PUT,7400.0,8301.8035
2026-07-07,MO2609-P-7800.CFE,2026-09-18,OPTION,11,-0.03961511268511422,1345.0,236.0,PUT,7800.0,8301.8035
2026-07-07,MO2609-P-8000.CFE,2026-09-18,OPTION,5,-0.014297304700824449,1212.0,321.2,PUT,8000.0,8301.8035
2026-07-07,MO2609-C-8300.CFE,2026-09-18,OPTION,-3,0.022516668421891883,306.0,298.8,CALL,8300.0,8301.8035
2026-07-07,MO2609-C-8600.CFE,2026-09-18,OPTION,-10,0.058023356878801814,1523.0,198.4,CALL,8600.0,8301.8035
2026-07-07,MO2609-C-8800.CFE,2026-09-18,OPTION,-13,0.08101287510350036,1134.0,145.6,CALL,8800.0,8301.8035
2026-07-07,MO2609-C-9100.CFE,2026-09-18,OPTION,-15,0.11453556714214405,244.0,93.0,CALL,9100.0,8301.8035
2026-07-07,MO2609-C-9400.CFE,2026-09-18,OPTION,-14,0.14697084289529783,811.0,62.2,CALL,9400.0,8301.8035
2026-07-07,IM_20260918,2026-09-18,FUTURE,12,0.0,,8115.2,,,8301.8035
2026-07-08,MO2612-P-6400.CFE,2026-12-18,OPTION,10,-0.19012953669544952,523.0,98.4,PUT,6400.0,8117.8607
2026-07-08,MO2612-P-6800.CFE,2026-12-18,OPTION,9,-0.1295049148790146,133.0,175.4,PUT,6800.0,8117.8607
2026-07-08,MO2612-P-7200.CFE,2026-12-18,OPTION,6,-0.07234650103906604,196.0,296.4,PUT,7200.0,8117.8607
2026-07-08,MO2612-P-7600.CFE,2026-12-18,OPTION,2,-0.0182792797687903,370.0,466.8,PUT,7600.0,8117.8607
2026-07-08,MO2612-C-8200.CFE,2026-12-18,OPTION,-4,0.057706627209131736,301.0,392.6,CALL,8200.0,8117.8607
2026-07-08,MO2612-C-8600.CFE,2026-12-18,OPTION,-5,0.10533467619838642,262.0,275.4,CALL,8600.0,8117.8607
2026-07-08,MO2612-C-9000.CFE,2026-12-18,OPTION,-6,0.15079705027514362,261.0,188.6,CALL,9000.0,8117.8607
2026-07-08,MO2612-C-9400.CFE,2026-12-18,OPTION,-5,0.1942821622148825,231.0,134.2,CALL,9400.0,8117.8607
2026-07-08,MO2612-C-9800.CFE,2026-12-18,OPTION,-5,0.2359548586154506,286.0,90.0,CALL,9800.0,8117.8607
2026-07-08,IM_20261218,2026-12-18,FUTURE,6,0.0,,7740.2,,,8117.8607
2026-07-09,MO2608-P-7500.CFE,2026-08-21,OPTION,30,-0.09008442810530981,2702.0,65.2,PUT,7500.0,8300.077
2026-07-09,MO2608-P-7600.CFE,2026-08-21,OPTION,29,-0.07683920135528925,1640.0,84.2,PUT,7600.0,8300.077
2026-07-09,MO2608-P-7800.CFE,2026-08-21,OPTION,24,-0.05086371495202853,2501.0,134.0,PUT,7800.0,8300.077
2026-07-09,MO2608-P-8000.CFE,2026-08-21,OPTION,14,-0.0255459069677387,4136.0,199.2,PUT,8000.0,8300.077
2026-07-09,MO2608-P-8200.CFE,2026-08-21,OPTION,1,-0.0008532943773671306,1833.0,285.8,PUT,8200.0,8300.077
2026-07-09,MO2608-C-8400.CFE,2026-08-21,OPTION,-11,0.023244257201693434,2778.0,205.0,CALL,8400.0,8300.077
2026-07-09,MO2608-C-8600.CFE,2026-08-21,OPTION,-22,0.046774754611887404,2604.0,138.6,CALL,8600.0,8300.077
2026-07-09,MO2608-C-8800.CFE,2026-08-21,OPTION,-29,0.0697642728365862,2413.0,92.6,CALL,8800.0,8300.077
2026-07-09,MO2608-C-9000.CFE,2026-08-21,OPTION,-30,0.09223712868864485,4000.0,61.0,CALL,9000.0,8300.077
2026-07-09,IM_20260821,2026-08-21,FUTURE,23,0.0,,8207.0,,,8300.077
2026-07-10,MO2608-P-7400.CFE,2026-08-21,OPTION,30,-0.09028529115854372,1108.0,58.2,PUT,7400.0,8198.3078
2026-07-10,MO2608-P-7500.CFE,2026-08-21,OPTION,30,-0.07686227082640315,1729.0,75.8,PUT,7500.0,8198.3078
2026-07-10,MO2608-P-7700.CFE,2026-08-21,OPTION,25,-0.05054496250902972,1416.0,121.4,PUT,7700.0,8198.3078
2026-07-10,MO2608-P-7900.CFE,2026-08-21,OPTION,14,-0.024902531895692054,1428.0,188.4,PUT,7900.0,8198.3078
2026-07-10,MO2608-C-8100.CFE,2026-08-21,OPTION,1,9.877030972523354e-05,1208.0,294.6,CALL,8100.0,8198.3078
2026-07-10,MO2608-C-8300.CFE,2026-08-21,OPTION,-13,0.024490223433884406,3417.0,203.2,CALL,8300.0,8198.3078
2026-07-10,MO2608-C-8500.CFE,2026-08-21,OPTION,-23,0.04830087212760296,5468.0,137.8,CALL,8500.0,8198.3078
2026-07-10,MO2608-C-8700.CFE,2026-08-21,OPTION,-29,0.07155773429187023,2418.0,88.4,CALL,8700.0,8198.3078
2026-07-10,MO2608-C-8900.CFE,2026-08-21,OPTION,-30,0.09428598536942637,1700.0,54.8,CALL,8900.0,8198.3078
2026-07-10,IM_20260821,2026-08-21,FUTURE,22,0.0,,8099.2,,,8198.3078
2026-07-13,MO2612-P-6400.CFE,2026-12-18,OPTION,11,-0.15320380310952814,1032.0,132.8,PUT,6400.0,7787.8529
2026-07-13,MO2612-P-6600.CFE,2026-12-18,OPTION,10,-0.12243214444277441,472.0,182.2,PUT,6600.0,7787.8529
2026-07-13,MO2612-P-7000.CFE,2026-12-18,OPTION,6,-0.06359164441984098,600.0,315.8,PUT,7000.0,7787.8529
2026-07-13,MO2612-C-7800.CFE,2026-12-18,OPTION,-3,0.04462194022039172,519.0,442.4,CALL,7800.0,7787.8529
2026-07-13,MO2612-C-8200.CFE,2026-12-18,OPTION,-6,0.09463236079505317,615.0,313.0,CALL,8200.0,7787.8529
2026-07-13,MO2612-C-8600.CFE,2026-12-18,OPTION,-6,0.14226040978430787,357.0,226.8,CALL,8600.0,7787.8529
2026-07-13,MO2612-C-9000.CFE,2026-12-18,OPTION,-6,0.18772278386106508,261.0,162.8,CALL,9000.0,7787.8529
2026-07-13,MO2612-C-9400.CFE,2026-12-18,OPTION,-5,0.231207895800804,340.0,115.0,CALL,9400.0,7787.8529
2026-07-13,IM_20261218,2026-12-18,FUTURE,7,0.0,,7459.6,,,7787.8529
2026-07-14,MO2609-P-6600.CFE,2026-09-18,OPTION,19,-0.16551443847757344,887.0,53.4,PUT,6600.0,7925.1232
2026-07-14,MO2609-P-7000.CFE,2026-09-18,OPTION,18,-0.10667393845463992,1004.0,110.6,PUT,7000.0,7925.1232
2026-07-14,MO2609-P-7300.CFE,2026-09-18,OPTION,14,-0.06470973935560777,370.0,180.2,PUT,7300.0,7925.1232
2026-07-14,MO2609-P-7600.CFE,2026-09-18,OPTION,7,-0.02443584021766791,1417.0,286.2,PUT,7600.0,7925.1232
2026-07-14,MO2609-C-7900.CFE,2026-09-18,OPTION,-2,0.014278671963022526,447.0,350.6,CALL,7900.0,7925.1232
2026-07-14,MO2609-C-8200.CFE,2026-09-18,OPTION,-9,0.051550066760254164,755.0,232.0,CALL,8200.0,7925.1232
2026-07-14,MO2609-C-8500.CFE,2026-09-18,OPTION,-14,0.08748207598631752,649.0,150.4,CALL,8500.0,7925.1232
2026-07-14,MO2609-C-8800.CFE,2026-09-18,OPTION,-15,0.12216763397420756,967.0,95.6,CALL,8800.0,7925.1232
2026-07-14,MO2609-C-9100.CFE,2026-09-18,OPTION,-15,0.15569032601285113,204.0,59.4,CALL,9100.0,7925.1232
2026-07-14,IM_20260918,2026-09-18,FUTURE,12,0.0,,7788.0,,,7925.1232
2026-07-15,MO2609-P-6600.CFE,2026-09-18,OPTION,21,-0.15715913689171152,367.0,63.2,PUT,6600.0,7817.8313
2026-07-15,MO2609-P-7000.CFE,2026-09-18,OPTION,19,-0.09831863686877802,668.0,130.8,PUT,7000.0,7817.8313
2026-07-15,MO2609-P-7300.CFE,2026-09-18,OPTION,13,-0.056354437769745885,212.0,216.2,PUT,7300.0,7817.8313
2026-07-15,MO2609-P-7600.CFE,2026-09-18,OPTION,5,-0.01608053863180594,631.0,332.2,PUT,7600.0,7817.8313
2026-07-15,MO2609-C-7900.CFE,2026-09-18,OPTION,-4,0.022633973548884367,375.0,314.0,CALL,7900.0,7817.8313
2026-07-15,MO2609-C-8200.CFE,2026-09-18,OPTION,-10,0.05990536834611599,608.0,210.8,CALL,8200.0,7817.8313
2026-07-15,MO2609-C-8500.CFE,2026-09-18,OPTION,-14,0.09583737757217933,332.0,136.2,CALL,8500.0,7817.8313
2026-07-15,MO2609-C-8800.CFE,2026-09-18,OPTION,-15,0.13052293556006936,625.0,85.4,CALL,8800.0,7817.8313
2026-07-15,MO2609-C-9100.CFE,2026-09-18,OPTION,-14,0.1640456275987129,117.0,54.2,CALL,9100.0,7817.8313
2026-07-15,IM_20260918,2026-09-18,FUTURE,13,0.0,,7723.2,,,7817.8313
2026-07-16,MO2612-P-6400.CFE,2026-12-18,OPTION,13,-0.1379940762725142,571.0,168.0,PUT,6400.0,7631.7622
2026-07-16,MO2612-P-6600.CFE,2026-12-18,OPTION,10,-0.10722241760576053,372.0,223.8,PUT,6600.0,7631.7622
2026-07-16,MO2612-P-7000.CFE,2026-12-18,OPTION,5,-0.048381917582827096,297.0,369.4,PUT,7000.0,7631.7622
2026-07-16,MO2612-C-7400.CFE,2026-12-18,OPTION,-1,0.0071879335719837595,140.0,539.0,CALL,7400.0,7631.7622
2026-07-16,MO2612-C-7800.CFE,2026-12-18,OPTION,-5,0.05983166705740572,282.0,384.0,CALL,7800.0,7631.7622
2026-07-16,MO2612-C-8200.CFE,2026-12-18,OPTION,-6,0.10984208763206707,126.0,273.2,CALL,8200.0,7631.7622
2026-07-16,MO2612-C-8600.CFE,2026-12-18,OPTION,-6,0.15747013662132167,318.0,198.2,CALL,8600.0,7631.7622
2026-07-16,MO2612-C-9000.CFE,2026-12-18,OPTION,-5,0.202932510698079,221.0,136.8,CALL,9000.0,7631.7622
2026-07-16,MO2612-C-9400.CFE,2026-12-18,OPTION,-4,0.2464176226378178,140.0,95.4,CALL,9400.0,7631.7622
2026-07-16,IM_20261218,2026-12-18,FUTURE,7,0.0,,7347.0,,,7631.7622
2026-07-17,MO2612-P-6400.CFE,2026-12-18,OPTION,17,-0.07028370466987409,1416.0,279.6,PUT,6400.0,7167.9959
2026-07-17,MO2612-P-6600.CFE,2026-12-18,OPTION,11,-0.03951204600312041,946.0,361.2,PUT,6600.0,7167.9959
2026-07-17,MO2612-C-7200.CFE,2026-12-18,OPTION,-4,0.04749933098650924,264.0,415.6,CALL,7200.0,7167.9959
2026-07-17,MO2612-C-7600.CFE,2026-12-18,OPTION,-8,0.10156655225678501,981.0,300.0,CALL,7600.0,7167.9959
2026-07-17,MO2612-C-7800.CFE,2026-12-18,OPTION,-9,0.12754203866004565,817.0,252.2,CALL,7800.0,7167.9959
2026-07-17,MO2612-C-8200.CFE,2026-12-18,OPTION,-7,0.17755245923470706,558.0,183.6,CALL,8200.0,7167.9959
2026-07-17,MO2612-C-8400.CFE,2026-12-18,OPTION,-6,0.20165001081376754,378.0,157.6,CALL,8400.0,7167.9959
2026-07-17,MO2612-C-8800.CFE,2026-12-18,OPTION,-3,0.2481700264486604,305.0,120.4,CALL,8800.0,7167.9959
2026-07-17,IM_20261218,2026-12-18,FUTURE,10,0.0,,6866.0,,,7167.9959
2026-07-20,MO2609-P-6200.CFE,2026-09-18,OPTION,30,-0.09967016271655312,7484.0,172.0,PUT,6200.0,6965.3757
2026-07-20,MO2609-P-6600.CFE,2026-09-18,OPTION,16,-0.03714980573521909,3473.0,312.0,PUT,6600.0,6965.3757
2026-07-20,MO2609-C-6900.CFE,2026-09-18,OPTION,1,0.007301956835614766,556.0,428.0,CALL,6900.0,6965.3757
2026-07-20,MO2609-C-7200.CFE,2026-09-18,OPTION,-9,0.049861571254410715,1684.0,310.0,CALL,7200.0,6965.3757
2026-07-20,MO2609-C-7500.CFE,2026-09-18,OPTION,-14,0.09068356577466585,1184.0,218.0,CALL,7500.0,6965.3757
2026-07-20,MO2609-C-7800.CFE,2026-09-18,OPTION,-15,0.12990427892794718,2093.0,149.6,CALL,7800.0,6965.3757
2026-07-20,MO2609-C-8100.CFE,2026-09-18,OPTION,-12,0.16764460691079422,904.0,106.0,CALL,8100.0,6965.3757
2026-07-20,MO2609-C-8400.CFE,2026-09-18,OPTION,-8,0.20401225108166907,1467.0,72.8,CALL,8400.0,6965.3757
2026-07-20,MO2609-C-8700.CFE,2026-09-18,OPTION,-4,0.23910357089293902,634.0,50.2,CALL,8700.0,6965.3757
2026-07-20,IM_20260918,2026-09-18,FUTURE,14,0.0,,6849.8,,,6965.3757
2026-07-21,MO2610-P-6200.CFE,2026-10-16,OPTION,13,-0.1348044134322568,536.0,119.4,PUT,6200.0,7259.863
2026-07-21,MO2610-P-6300.CFE,2026-10-16,OPTION,13,-0.11880407208581566,113.0,149.8,PUT,6300.0,7259.863
2026-07-21,MO2610-P-6500.CFE,2026-10-16,OPTION,12,-0.08755152858171124,142.0,194.0,PUT,6500.0,7259.863
2026-07-21,MO2610-P-6700.CFE,2026-10-16,OPTION,10,-0.057246179086382284,167.0,260.4,PUT,6700.0,7259.863
2026-07-21,MO2610-P-7000.CFE,2026-10-16,OPTION,4,-0.013443556427989356,184.0,383.2,PUT,7000.0,7259.863
2026-07-21,MO2610-C-7200.CFE,2026-10-16,OPTION,-2,0.014727320538706965,162.0,400.4,CALL,7200.0,7259.863
2026-07-21,MO2610-C-7400.CFE,2026-10-16,OPTION,-8,0.04212629472682141,174.0,327.2,CALL,7400.0,7259.863
2026-07-21,MO2610-C-7700.CFE,2026-10-16,OPTION,-17,0.0818666233763354,134.0,229.6,CALL,7700.0,7259.863
2026-07-21,MO2610-C-7900.CFE,2026-10-16,OPTION,-22,0.10750905398967305,456.0,180.4,CALL,7900.0,7259.863
2026-07-21,IM_20261016,2026-10-16,FUTURE,15,0.0,,7094.740291365213,,,7259.863
2026-07-22,MO2610-P-6200.CFE,2026-10-16,OPTION,19,-0.12104499540954047,487.0,126.0,PUT,6200.0,7158.7622
2026-07-22,MO2610-P-6300.CFE,2026-10-16,OPTION,17,-0.10504465406309937,108.0,147.2,PUT,6300.0,7158.7622
2026-07-22,MO2610-P-6600.CFE,2026-10-16,OPTION,11,-0.0585246384282065,155.0,230.8,PUT,6600.0,7158.7622
2026-07-22,MO2610-P-6800.CFE,2026-10-16,OPTION,6,-0.02867167527852541,137.0,305.8,PUT,6800.0,7158.7622
2026-07-22,MO2610-P-6900.CFE,2026-10-16,OPTION,3,-0.014072875857372647,143.0,353.8,PUT,6900.0,7158.7622
2026-07-22,MO2610-C-7200.CFE,2026-10-16,OPTION,-6,0.028486738561423187,241.0,305.8,CALL,7200.0,7158.7622
2026-07-22,MO2610-C-7400.CFE,2026-10-16,OPTION,-11,0.05588571274953778,217.0,231.6,CALL,7400.0,7158.7622
2026-07-22,MO2610-C-7700.CFE,2026-10-16,OPTION,-16,0.09562604139905179,154.0,154.4,CALL,7700.0,7158.7622
2026-07-22,MO2610-C-8000.CFE,2026-10-16,OPTION,-18,0.13384725421924948,297.0,101.6,CALL,8000.0,7158.7622
2026-07-22,IM_20261016,2026-10-16,FUTURE,15,0.0,,6997.789317990064,,,7158.7622
2026-07-23,MO2609-P-6200.CFE,2026-09-18,OPTION,23,-0.13153747059868512,2524.0,66.0,PUT,6200.0,7195.4997
2026-07-23,MO2609-P-6400.CFE,2026-09-18,OPTION,22,-0.09978877228410474,953.0,99.0,PUT,6400.0,7195.4997
2026-07-23,MO2609-P-6600.CFE,2026-09-18,OPTION,18,-0.06901711361735109,1671.0,145.8,PUT,6600.0,7195.4997
2026-07-23,MO2609-P-6900.CFE,2026-09-18,OPTION,8,-0.024565351046517248,1664.0,246.4,PUT,6900.0,7195.4997
2026-07-23,MO2609-C-7300.CFE,2026-09-18,OPTION,-8,0.031787585504614434,1225.0,233.2,CALL,7300.0,7195.4997
2026-07-23,MO2609-C-7600.CFE,2026-09-18,OPTION,-18,0.07206148464255449,2098.0,140.4,CALL,7600.0,7195.4997
2026-07-23,MO2609-C-7800.CFE,2026-09-18,OPTION,-21,0.09803697104581502,1698.0,98.2,CALL,7800.0,7195.4997
2026-07-23,MO2609-C-8100.CFE,2026-09-18,OPTION,-22,0.13577729902866215,363.0,56.0,CALL,8100.0,7195.4997
2026-07-23,IM_20260918,2026-09-18,FUTURE,16,0.0,,7071.6,,,7195.4997
2026-07-24,MO2609-P-6200.CFE,2026-09-18,OPTION,30,-0.1040984292391308,2499.0,106.8,PUT,6200.0,6995.6931
2026-07-24,MO2609-P-6400.CFE,2026-09-18,OPTION,25,-0.07234973092455048,1116.0,151.0,PUT,6400.0,6995.6931
2026-07-24,MO2609-P-6600.CFE,2026-09-18,OPTION,14,-0.04157807225779675,1532.0,211.2,PUT,6600.0,6995.6931
2026-07-24,MO2609-P-6800.CFE,2026-09-18,OPTION,4,-0.011725109108115568,1690.0,291.0,PUT,6800.0,6995.6931
2026-07-24,MO2609-C-7100.CFE,2026-09-18,OPTION,-10,0.03144706275709303,770.0,245.4,CALL,7100.0,6995.6931
2026-07-24,MO2609-C-7300.CFE,2026-09-18,OPTION,-16,0.05922662686416888,947.0,175.0,CALL,7300.0,6995.6931
2026-07-24,MO2609-C-7500.CFE,2026-09-18,OPTION,-18,0.08625529925208811,1269.0,123.2,CALL,7500.0,6995.6931
2026-07-24,MO2609-C-7700.CFE,2026-09-18,OPTION,-18,0.11257260756946146,1137.0,86.0,CALL,7700.0,6995.6931
2026-07-24,MO2609-C-8000.CFE,2026-09-18,OPTION,-14,0.15079382038965922,3475.0,51.4,CALL,8000.0,6995.6931
2026-07-24,IM_20260918,2026-09-18,FUTURE,19,0.0,,6880.2,,,6995.6931
2026-07-27,MO2610-P-6200.CFE,2026-10-16,OPTION,18,-0.13210106546473668,584.0,97.6,PUT,6200.0,7228.7845
2026-07-27,MO2610-P-6300.CFE,2026-10-16,OPTION,18,-0.11610072411829561,115.0,110.8,PUT,6300.0,7228.7845
2026-07-27,MO2610-P-6600.CFE,2026-10-16,OPTION,14,-0.06958070848340278,114.0,176.0,PUT,6600.0,7228.7845
2026-07-27,MO2610-C-7200.CFE,2026-10-16,OPTION,-1,0.01743066850622695,135.0,327.0,CALL,7200.0,7228.7845
2026-07-27,MO2610-C-7800.CFE,2026-10-16,OPTION,-14,0.09747337617976354,100.0,136.8,CALL,7800.0,7228.7845
2026-07-27,MO2610-C-7900.CFE,2026-10-16,OPTION,-15,0.11021240195719326,142.0,118.8,CALL,7900.0,7228.7845
2026-07-27,MO2610-C-8000.CFE,2026-10-16,OPTION,-16,0.12279118416405334,371.0,106.4,CALL,8000.0,7228.7845
2026-07-27,IM_20261016,2026-10-16,FUTURE,11,0.0,,7075.5866407743815,,,7228.7845
2026-07-28,MO2609-P-6200.CFE,2026-09-18,OPTION,30,-0.11321347129685212,2118.0,102.6,PUT,6200.0,7026.2761
2026-07-28,MO2609-P-6400.CFE,2026-09-18,OPTION,24,-0.0814647729822718,868.0,145.4,PUT,6400.0,7026.2761
2026-07-28,MO2609-P-6600.CFE,2026-09-18,OPTION,16,-0.050693114315518095,2084.0,201.2,PUT,6600.0,7026.2761
2026-07-28,MO2609-P-6800.CFE,2026-09-18,OPTION,7,-0.020840151165836925,1367.0,277.6,PUT,6800.0,7026.2761
2026-07-28,MO2609-C-7100.CFE,2026-09-18,OPTION,-6,0.022332020699371822,927.0,271.6,CALL,7100.0,7026.2761
2026-07-28,MO2609-C-7300.CFE,2026-09-18,OPTION,-13,0.05011158480644755,803.0,194.6,CALL,7300.0,7026.2761
2026-07-28,MO2609-C-7500.CFE,2026-09-18,OPTION,-18,0.07714025719436687,740.0,140.2,CALL,7500.0,7026.2761
2026-07-28,MO2609-C-7700.CFE,2026-09-18,OPTION,-20,0.10345756551174029,619.0,96.2,CALL,7700.0,7026.2761
2026-07-28,MO2609-C-8000.CFE,2026-09-18,OPTION,-19,0.14167877833193798,2351.0,57.6,CALL,8000.0,7026.2761
2026-07-28,IM_20260918,2026-09-18,FUTURE,19,0.0,,6943.2,,,7026.2761
