date,expiry,DELTA_PNL,SMILE_ROLL_PNL,ATM_PNL,SKEW_PNL,CURV_PNL,TAU_PNL,R_PNL,MODEL_PNL,MARKET_PNL,MARKET_NOISE_PNL,OPTION_FEE,FUTURES_OPENING_FEE,FUTURES_CLOSING_FEE,FUTURES_FEE,FEE,ACTUAL_PNL,GROSS_OPTION_POSITION,FUTURES_POSITION,GAMMA_EXPOSURE,ATMVOL_EXPOSURE,SKEW_EXPOSURE,CURVATURE_EXPOSURE,THETA_EXPOSURE
2026-06-02,2026-07-17,-1188.3917304533243,-3723.22938329667,-593.6178715815167,-27119.5709903363,-362.2082086950304,69.64833846096008,0.0,-32917.36984590182,-38319.99999999714,-5402.630154095321,2505.0,757.6384,0.0,757.6384,3262.6384,-41582.638399997144,167,-20,0.04100872254254299,23314.60957230887,999980.5843822929,85.45772844628958,-59663.89664369926
2026-06-03,2026-07-17,-5372.758903667505,-8310.852086130557,-2660.595304054428,-63026.3939989717,-416.67189670337825,76.31641972812668,0.0,-79710.9557697994,-78299.99999999703,1410.955769802371,135.0,0.0,0.0,0.0,135.0,-78434.99999999703,170,-20,0.1346725414407701,135783.67177686156,999498.1334501592,-485.74777383206003,-51669.05079578181
2026-06-04,2026-07-17,-510.35123240660323,2708.0854733198003,-3.5390928240803987,-8152.572360489239,-16.829183467872895,1344.6900796076388,0.0,-4630.516316260364,-6680.000000003027,-2049.483683742663,3645.0,38.16067999999999,0.0,38.16067999999999,3683.16068,-10363.160680003028,183,-21,0.22787244282358063,86046.90862157059,998459.7366561451,-632.9568485400247,-378854.1916860655
2026-06-05,2026-07-17,-2474.1895829106797,16170.709938452701,-3403.2338128821375,7163.0272580922365,-591.4519074591833,2773.4389471070326,0.0,19638.300840399927,23320.0,3681.6991596000735,90.0,38.1064,0.0,38.1064,128.1064,23191.8936,187,-22,0.2004389973384835,-11287.732047200643,1006754.1783945619,-232.4096151279826,-532951.4866551299
2026-06-08,2026-08-21,-9339.829197610728,112489.92588908863,-20100.942037809917,80463.34244502422,-16693.43614622601,11371.248479317794,0.0,158190.30943178397,171829.00922948553,13638.699797701556,4635.0,1510.0289871235625,0.0,1510.0289871235625,6145.028987123563,165683.98024236195,122,-18,0.09451821308104408,-630419.3010919206,1001610.5573613455,709.8051659157682,-1084904.3112420593
2026-06-09,2026-07-17,-4992.839419886586,-54672.30055689011,-40047.46894713619,-33469.52860733512,-993.6556564642251,-3896.455171091042,0.0,-138072.24835880322,-149879.99999999895,-11807.751641195733,4740.0,1614.9538599112843,0.0,1614.9538599112843,6354.953859911284,-156234.95385991022,194,-26,0.6762265710450865,876080.6217941059,931229.481712363,4454.831575955152,532891.8345921313
2026-06-10,2026-08-21,-625.8845515784924,50467.92020978027,-1225.224177872964,34830.156516676274,-422.1566466029126,2439.608479509451,0.0,85464.41982991167,130418.1977849837,44953.77795507203,4620.0,1539.8358821247348,0.0,1539.8358821247348,6159.835882124735,124258.36190285896,114,-15,0.4010105682492214,217124.62218144131,1010365.4686464262,-4717.322460282907,-733112.7037514506
2026-06-11,2026-08-21,-2750.21230383504,15481.420028677057,-979.9379423793434,-12224.815405028348,45.817081395988055,2349.008719564201,0.0,1921.2801783945615,-1926.0209452076815,-3847.301123602243,1485.0,0.0,0.0,0.0,1485.0,-3411.0209452076815,117,-15,0.28858140276633015,-12207.051440937903,1019395.2312814454,768.4269366608476,-762561.8782741056
2026-06-12,2026-08-21,988.3877250403893,-16185.718218553237,1261.5570535365878,134267.60520251645,-1895.1127594218751,1904.3444959069766,0.0,120341.0634990253,109933.59096619909,-10407.472532826214,1665.0,36.93878813716134,0.0,36.93878813716134,1701.9387881371613,108231.65217806192,112,-14,0.16949952928715165,-391095.4446895674,1001385.7518964745,3990.2704843409765,-1031539.1306410398
2026-06-15,2026-08-21,-440.5221600170553,441.9184522640993,12409.628908678387,610449.6901957304,-4508.384556698686,-5455.544938531548,0.0,612896.7859014255,720011.8923807123,107115.1064792868,1575.0,37.143367237716866,0.0,37.143367237716866,1612.1433672377168,718399.7490134746,117,-15,0.0840577263874273,-332032.62406632275,998198.7398964554,-2084.9784623589053,-692677.419119183
2026-06-16,2026-09-18,6668.795025063911,-14557.024662792279,2649.4613140654146,8537.135677806311,-43.167446105633644,-509.6363771278916,0.0,2745.563530909829,6220.00000000064,3474.4364690908114,2955.0,861.6591950409966,0.0,861.6591950409966,3816.6591950409966,2403.3408049596437,80,-8,0.049724341666951104,152500.61736609272,1024386.0812206294,3090.2834579001897,28422.623907933634
2026-06-17,2026-09-18,-4428.431441414286,-13561.462888222155,859.0278226634432,-35967.30874042686,18.165103688045093,-119.40623102579457,0.0,-53199.4163747376,-62560.00000000007,-9360.583625262472,495.0,0.0,0.0,0.0,495.0,-63055.00000000007,75,-8,0.019982803764254736,38633.22141128809,1015405.5399050703,2508.7158986520285,-15977.988409670503
2026-06-18,2026-09-18,-1008.1053964290186,-9381.783788821227,-659.9928135505843,22982.296803222678,-620.7466941174844,28.742269019913238,0.0,11340.410379324254,13760.000000000058,2419.5896206758043,135.0,0.0,0.0,0.0,135.0,13625.000000000058,74,-8,0.030153286126195073,-29575.031729903912,984632.2735980101,-1646.1890756625799,-130181.81799915674
2026-06-22,2026-09-18,400.99104002210515,-2257.7269954000053,536.8481164785753,65723.06160482237,-107.19258264310338,-1710.180546768137,0.0,62585.80063651182,69459.9999999988,6874.199363486987,90.0,0.0,0.0,0.0,90.0,69369.9999999988,76,-8,0.052104837969344744,152831.283093905,995669.942304269,-2175.855706795985,13611.826515648147
2026-06-23,2026-09-18,12371.331641762808,18355.708303487816,-475.1029274864118,-57507.01198620213,-1135.6722331047586,194.64216642573138,0.0,-28196.105035116983,-37219.99999999875,-9023.894964881765,930.0,39.21132000000001,0.0,39.21132000000001,969.21132,-38189.21131999875,78,-9,0.02410658796657295,231459.68688650124,999911.2199213599,644.2594927370072,207106.39889551525
2026-06-24,2026-08-21,-926.6570168262115,-9345.59996682511,-1071.3865884515362,-2464.6967149311286,10.098638881369112,457.9847736947404,0.0,-13340.25687445789,-21139.999999999985,-7799.743125542096,2970.0,857.0812,0.0,857.0812,3827.0812,-24967.081199999986,120,-13,0.08216492082681616,-47988.286432297624,993103.704686523,-1258.4680937183994,-333511.4046978805
2026-06-25,2026-09-18,-2323.4241440999176,-8493.549324252215,-774.9915727402858,-17677.027372926586,-609.8937044007848,49.86243015024161,0.0,-29829.02368826956,-35699.99999999936,-5870.976311729799,3045.0,863.12376,0.0,863.12376,3908.12376,-39608.12375999936,83,-9,0.015388042471905203,-3130.80836665074,997454.0585935047,-513.2032918807255,-52287.26764209967
2026-06-26,2026-09-18,12892.630453058926,33595.875479405906,-828.1541873546216,-27169.20158603131,-2223.6436823354134,872.4546127157591,0.0,17139.96108945919,19139.999999997148,2000.0389105379581,1065.0,39.20947999999999,0.0,39.20947999999999,1104.20948,18035.790519997146,86,-10,0.07753410614789163,228648.44876259036,994537.9901359003,690.4234627846961,48931.39862753695
2026-06-29,2026-09-18,948.0253812682568,1592.469306430396,138.32791636083357,8854.299965976747,122.89598884477334,451.3651067726187,0.0,12107.383665653619,13140.000000000704,1032.6163343470853,2355.0,0.0,0.0,0.0,2355.0,10785.000000000704,89,-10,0.08389415363620795,149467.81234510944,1004796.4219735397,2613.5549773350617,-53464.481144293655
2026-06-30,2026-09-18,-13230.36528526229,-31712.76642462169,-1516.687036966207,-22064.70374337415,-1151.854796726322,-312.58238075165946,0.0,-69988.95966770232,-73760.0000000007,-3771.0403322983766,30.0,0.0,0.0,0.0,30.0,-73790.0000000007,91,-10,0.028271058067553135,-71624.84267659533,998235.3321080024,1821.2047374597817,-174642.1904808942
2026-07-01,2026-09-18,-228.20469937775488,-2663.836702574319,1772.5891158384684,46573.912905370664,575.9643968734408,802.7068474573239,0.0,46833.13186358783,55520.000000000684,8686.868136412857,1995.0,0.0,0.0,0.0,1995.0,53525.000000000684,92,-10,-0.021921208010620252,-367059.8568063676,1009326.349793762,1523.3044021485832,-414251.71173860965
2026-07-02,2026-08-21,10962.760855020606,-39433.1397696463,6379.2179561687935,12723.554969318702,2099.0449095464046,-2538.9212003455277,0.0,-9807.482279937365,3939.9999999987776,13747.482279936143,3645.0,1065.94052,0.0,1065.94052,4710.94052,-770.9405200012225,151,17,-0.13254691080875083,-80678.73877192829,-1000137.1160407786,267.6639904625208,193976.080889173
2026-07-03,2026-08-21,9.81788124986997,-1210.89759208103,-1475.5811500415984,17566.553000842592,380.6149360604304,-1369.8996281903965,0.0,13900.60744783987,30279.99999999866,16379.392552158792,4080.0,38.9758,0.0,38.9758,4118.9758,26161.02419999866,157,18,-0.08971974316719711,89727.23405318773,-1009977.3437808284,1107.5891457031846,416676.8661380909
2026-07-06,2026-09-18,728.7707869424194,-21344.309738006912,40.36295120365267,-10607.564656111359,571.9411108342471,-2239.027739423088,0.0,-32849.82728456106,-22020.0,10829.827284561063,3840.0,1124.85732,0.0,1124.85732,4964.85732,-26984.85732,99,11,-0.06109745629614584,-67941.67561507724,-999150.6569577479,-3591.073401424822,78352.80037530416
2026-07-07,2026-09-18,-16502.59664550796,-30540.649463672922,-2903.4026796328535,-19559.478127674334,-1237.9692297523284,-774.0194036673663,0.0,-71518.1155499077,-72280.00000000041,-761.884450092708,2895.0,0.0,0.0,0.0,2895.0,-75175.00000000041,102,11,-0.07493562489881271,-135324.45807392287,-991748.9271978243,-2078.2595664215937,15676.419436249756
2026-07-08,2026-09-18,15707.05129401479,-27820.36691419405,2198.142149956004,-18708.11362298812,3808.428373261362,-464.6503978152848,0.0,-25279.509117765236,-47799.999999999476,-22520.49088223424,1065.0,37.32992,0.0,37.32992,1102.32992,-48902.32991999947,111,12,-0.09299202352467204,-249219.7949585152,-998100.719154566,-3326.3715265656147,-112018.41688799293
2026-07-09,2026-12-18,46.90262884349795,5219.582161176307,30.976395607934492,19709.342131381713,-462.8907747226576,381.50576214429304,0.0,24925.41830443105,28680.000000000233,3754.5816955691844,2445.0,653.79432,0.0,653.79432,3098.79432,25581.205680000232,52,6,0.0224427973092304,-32634.31614958754,-1007225.0668405604,-12339.485997473474,-71945.23007552642
2026-07-10,2026-08-21,-9374.431897496921,-22560.69008375025,366.4996008167162,-35107.66777031419,3163.1721887399463,-3034.929408552068,0.0,-66548.0473705568,-117480.00000000087,-50931.95262944407,3630.0,1086.2302,0.0,1086.2302,4716.2302,-122196.23020000088,190,23,-0.054685071327159336,125975.75242782461,-999940.8360173354,543.988327160827,410580.26998032926
2026-07-13,2026-08-21,165330.5155575755,-25108.5854616585,89881.27373448141,-159020.9101324076,16568.84592652045,-18059.28884925621,0.0,69591.85077525512,67260.0000000007,-2331.8507752544247,4875.0,37.25632,0.0,37.25632,4912.25632,62347.7436800007,195,22,-0.05216105576190984,-2195.493839505275,-986361.7475791973,-192.2002356621019,112601.3292888643
2026-07-14,2026-12-18,11292.013019620266,-359.2059717925349,421.3237879406712,37912.29975220933,559.7026381015788,699.2914970671035,0.0,50525.42472314641,50359.999999998996,-165.42472314741462,3720.0,1024.49912,0.0,1024.49912,4744.49912,45615.500879998996,53,7,0.03646419267036082,-217649.89726622138,-1008180.3286057108,-17003.274530284525,-227010.84390940433
2026-07-15,2026-09-18,5082.6854192830215,-10829.591730899067,1170.858308396524,21944.7545155196,372.1154051477665,-700.2215373115014,0.0,17040.60038013637,51439.99999999959,34399.39961986322,2490.0,673.43908,0.0,673.43908,3163.43908,48276.560919999596,113,12,-0.06413002585907851,-93105.91300131481,-994139.03872314,-2063.7991472035615,23613.500775607623
2026-07-16,2026-09-18,-3216.5599932304467,-27379.46143476308,5943.507485814816,-49133.18565921024,906.8481391937188,-1241.549998458488,0.0,-74120.4014606537,-101139.99999999854,-27019.59853934485,150.0,35.52672,0.0,35.52672,185.52672,-101325.52671999854,115,13,-0.07141332196439047,-53329.677115640494,-1004880.2093739547,-4125.174644843921,112356.73076677328
2026-07-17,2026-12-18,46129.2729792709,8926.887225087337,2132.168599590752,-143116.71451618214,13558.05085815108,-159.37033901535847,0.0,-72529.70519309735,-88100.0,-15570.294806902646,2550.0,688.21888,0.0,688.21888,3238.21888,-91338.21888,55,7,0.04900739788135657,40102.73148552615,-986619.742544592,-18563.129395913224,-86829.11043782519
2026-07-20,2026-12-18,13197.85166592733,-735.2281570355494,-20646.711766132565,80380.89155988774,-8003.079912033612,3858.7003122475603,0.0,68052.42370286095,36660.0000000007,-31392.42370286025,780.0,94.7508,0.0,94.7508,874.7508,35785.2492000007,65,10,-0.0336142894118059,-938758.7444959729,-1014056.9149436228,-51769.434337034116,-604074.0942668781
2026-07-21,2026-09-18,26431.817848793115,40839.36831872636,77820.39487296122,144516.56781398394,-17374.935526394926,4581.66959239735,0.0,276814.8829204668,255519.9999999985,-21294.882920468342,2610.0,747.05472,0.0,747.05472,3357.05472,252162.94527999847,109,14,-0.2059636112233163,-828119.146397963,-954975.1843920898,-31735.022259602334,-1248953.92811181
2026-07-22,2026-10-16,-15066.069937515887,-23061.133535886263,2521.440102910703,133009.19500158197,-383.37527100054103,-90.36633221881766,0.0,96929.69002787117,106387.0798745522,9457.389846681035,3150.0,950.9244401041996,0.0,950.9244401041996,4100.9244401042,102286.15543444801,101,15,-0.10299817435653687,-442841.5405063301,-1007322.9017846241,4113.102280752885,-328427.0757792132
2026-07-23,2026-10-16,4511.904925089126,10796.24232117317,-2626.224450986283,-14947.20274682908,254.905898882374,-964.9261586697762,0.0,-2975.3002113404946,-4384.803694270202,-1409.5034829297074,1560.0,0.0,0.0,0.0,1560.0,-5944.803694270202,107,15,-0.010902986144839987,321605.1918128913,-1000286.3865010589,-606.8158231573634,437097.77831448254
2026-07-24,2026-09-18,3770.5512313358486,-62165.94429567814,14036.21074884378,42385.605885628254,-721.2094336121419,-2779.212662865664,0.0,-5473.99852634815,-6520.000000001746,-1046.001473653596,3705.0,1005.9234724563462,0.0,1005.9234724563462,4710.923472456347,-11230.923472458093,140,16,-0.15209906504983736,-77598.605589579,-995287.0192380518,-1019.8258608167705,204205.04954205552
2026-07-27,2026-09-18,-16522.44550232438,87689.48371612064,14902.417988972986,-17339.223252677606,3250.342384768702,5917.221545170403,0.0,77897.79688003077,97800.0000000014,19902.203119970625,2325.0,94.94675999999998,0.0,94.94675999999998,2419.94676,95380.05324000139,149,19,-0.16843109753651397,-37311.37659686638,-984673.4765483543,-7269.485639352867,332861.5369486858
2026-07-28,2026-10-16,-5092.687364966609,-72693.5219516649,15845.15556545995,165633.04958122235,-303.83567832572174,-1730.0412944913987,0.0,101658.11885723361,77972.87763611367,-23685.24122111994,3675.0,982.8298040231838,0.0,982.8298040231838,4657.829804023184,73315.04783209048,96,11,-0.04435944593965914,-34747.77526649268,-993357.3657491591,-429.4695361855531,51882.753008369764
2026-07-29,2026-09-18,-14337.180680516292,36779.74624665854,-2009.274625374681,-17614.76201074602,-337.97126386509535,-1109.9280863406284,0.0,1370.6295798157807,3160.0,1789.3704201842193,6030.0,955.9187202088142,615.9252799999999,1571.8440002088141,7601.844000208814,-4441.844000208814,153,19,-0.14542508398157158,209504.03433364982,-1005173.8148155084,-3413.9697657802612,898438.2102117223
