date,MODEL_PNL,MARKET_PNL,ACTUAL_PNL_AFTER_FEES,FEE_PNL,FIRST_DELTA,SECOND_DELTA_DELTA,FIRST_SMILE_ROLL,SECOND_SMILE_ROLL_SMILE_ROLL,FIRST_ATM,SECOND_ATM_ATM,FIRST_SKEW,SECOND_SKEW_SKEW,FIRST_CURV,SECOND_CURV_CURV,FIRST_TAU,SECOND_TAU_TAU,FIRST_R,SECOND_R_R,CROSS_DELTA_SMILE_ROLL,CROSS_DELTA_ATM,CROSS_DELTA_SKEW,CROSS_DELTA_CURV,CROSS_DELTA_TAU,CROSS_DELTA_R,CROSS_SMILE_ROLL_ATM,CROSS_SMILE_ROLL_SKEW,CROSS_SMILE_ROLL_CURV,CROSS_SMILE_ROLL_TAU,CROSS_SMILE_ROLL_R,CROSS_ATM_SKEW,CROSS_ATM_CURV,CROSS_ATM_TAU,CROSS_ATM_R,CROSS_SKEW_CURV,CROSS_SKEW_TAU,CROSS_SKEW_R,CROSS_CURV_TAU,CROSS_CURV_R,CROSS_TAU_R,T1_DELTA,T2_DELTA,SH_DELTA,T1_SMILE_ROLL,T2_SMILE_ROLL,SH_SMILE_ROLL,T1_ATM,T2_ATM,SH_ATM,T1_SKEW,T2_SKEW,SH_SKEW,T1_CURV,T2_CURV,SH_CURV,T1_TAU,T2_TAU,SH_TAU,T1_R,T2_R,SH_R,T1_MODEL_RESIDUAL,T1_TOTAL_RESIDUAL,T1_MARKET_NOISE,T2_MODEL_RESIDUAL,T2_TOTAL_RESIDUAL,T2_MARKET_NOISE,SH_MODEL_RESIDUAL,SH_TOTAL_RESIDUAL,SH_MARKET_NOISE
2026-06-02,-32917.36984590182,-38319.99999999714,-41582.638399997144,-3262.6384,-299.8506018275657,8.870978291164505,-3275.656124064613,-0.2809998550724009,-127.18354499025554,8.572541902114892,-27481.86676491132,4.686881335574814,34.38399511580974,3.984892587174354,163.46273103845488,2.014425207192189,0.0,0.0,8.471053689077216,-1353.6825139701207,-42.694197821147895,353.9292632356471,-762.822616660058,0.0,43.270041428398386,-1.0631684760469682,-1029.708547155598,60.118880360500285,0.0,364.32232932379395,-11.774468426464608,8.220367920969636,0.0,-124.88879817470206,504.8736886566836,0.0,-6.138901597844878,0.0,0.0,-299.8506018275657,-1189.3791292997048,-1188.3917304533243,-3275.656124064613,-3735.39299399652,-3723.22938329667,-127.18354499025554,-593.4331249498518,-593.6178715815167,-27481.86676491132,-27126.90495682145,-27119.5709903363,34.38399511580974,-370.9218383564953,-362.2082086950304,163.46273103845488,67.6028655857699,69.64833846096008,0.0,0.0,0.0,-1930.6595362623266,-7333.289690357651,-5402.6301540953245,31.059331936427043,-5371.5708221588975,-5402.6301540953245,5.820766091346741e-11,-5402.630154095266,-5402.6301540953245
2026-06-03,-79710.9557697994,-78299.99999999703,-78434.99999999703,-135.0,-2549.006575180916,106.66321763122733,-8146.220303714868,-2.016264164198759,-1258.2748286501774,43.45035738554469,-64312.82222243804,16.204508377176836,-84.43504220621139,0.31180681970359014,141.55904326769178,1.312200657049539,0.0,0.0,91.89326177700558,-4618.510470878895,-203.72703755011742,304.77190436409114,-1543.1485444576601,0.0,192.9559840525647,7.006612389916199,-852.2535797941946,155.7220558258628,0.0,1534.797880498472,-6.302605401433894,30.1542541627025,0.0,-132.78741103176202,1230.621549599624,0.0,-0.07813339202333225,0.0,0.0,-2549.006575180916,-5426.7038009224925,-5372.75890366704,-8146.220303714868,-8350.57440075349,-8310.852086129911,-1258.2748286501774,-2648.2769500479462,-2660.595304054137,-64312.82222243804,-63078.6619171078,-63026.39399897205,-84.43504220621139,-427.4481480141694,-416.67189670318226,141.55904326769178,79.50683479399049,76.31641972771013,0.0,0.0,0.0,-3501.755840876882,-2090.800071074511,1410.955769802371,141.2026122524985,1552.1583820548694,1410.955769802371,-7.8580342233181e-10,1410.9557698015851,1410.955769802371
2026-06-04,-4630.516316260364,-6680.000000003027,-10363.160680003028,-3683.16068,-657.7799320070772,15.864466354356182,2651.256126239273,-0.794978807136542,119.5198680792796,2.601585579421517,-8220.873174385717,0.1633705568814836,-57.993921293071935,-0.09856928299374479,1037.9566914583556,8.633847025748297,0.0,0.0,22.53103161021722,-224.41314720301494,11.009487094739221,-43.2040312548028,492.5728442205948,0.0,8.424164235960108,2.1245414177012343,132.38812119752927,-49.26972101302722,0.0,-27.85146291624217,0.30892048387873494,-8.338032260934469,0.0,-6.803738386142767,154.96713754056293,0.0,1.0981157141045443,0.0,0.0,-657.7799320070772,-512.6673734188516,-510.35123240660323,2651.256126239273,2708.560216156328,2708.0854733198003,119.5198680792796,-3.813325171474389,-3.5390928240803987,-8220.873174385717,-8153.986821453525,-8152.572360489239,-57.993921293071935,-16.19879669878219,-16.829183467872895,1037.9566914583556,1342.1057105847503,1344.6900796076388,0.0,0.0,0.0,497.39802564859474,-1552.085658094069,-2049.4836837426637,5.484073741190514,-2043.9996100014732,-2049.4836837426637,-7.275957614183426e-12,-2049.483683742671,-2049.4836837426637
2026-06-05,19638.300840399927,23320.0,23191.8936,-128.1064,-1231.6922160423128,491.0751355790303,16815.150874461477,-39.58901027641096,-83.5367861435152,88.12375440833483,7237.8889105834505,0.34332074678165125,50.833224062774434,0.09259736394289764,1460.1410627934192,13.397057669106267,0.0,0.0,860.148295769159,-7245.175842901821,-65.08862781221552,623.1194544422243,3070.7728179875694,0.0,279.74043629845744,-17.388064038406412,-1900.3200710711894,-318.4710297560842,0.0,131.0906525346627,-10.779167359527946,-48.086284807230584,0.0,-14.309051514267676,-140.06826956348493,0.0,1.1234646202396021,0.0,0.0,-1231.6922160423128,-2118.729031720839,-2474.1895829108544,16815.150874461477,16227.416647786033,16170.709938452786,-83.5367861435152,-3442.018134852917,-3403.233812882054,7237.8889105834505,7185.350551133377,7163.027258092221,50.833224062774434,-599.6568640145433,-591.4519074588961,1460.1410627934192,2756.1734697030342,2773.4389471071254,0.0,0.0,0.0,-4610.484229315367,-928.7850697152941,3681.699159600073,-370.2357976342173,3311.4633619658557,3681.699159600073,-4.001776687800884e-10,3681.699159599673,3681.699159600073
2026-06-08,158190.30943178397,171829.00922948553,165683.98024236195,-6145.028987123563,-4469.297706539743,2950.864148907247,133372.84242281382,-2244.990413181865,-9147.430208614067,435.0773688409108,85148.48236197536,338.4605830134218,-934.3374355661617,381.7470814415723,8917.021749609537,112.67182700413724,0.0,0.0,11546.885286608016,-26550.629739688648,-3366.890305897996,9349.477193980278,9774.889702921362,0.0,2547.5405900633377,-1932.960212632881,-41924.96553752488,-3583.4578623476964,0.0,2062.0199580843328,-894.4993117141684,-51.74984349526903,0.0,-1114.1306461696388,-2411.8023946645194,0.0,311.30713180729003,0.0,0.0,-4469.297706539743,-1141.5674886709312,-9339.82919760968,133372.84242281382,114454.3731417149,112489.92588908826,-9147.430208614067,-20156.01201314837,-20100.94203780978,85148.48236197536,82105.06114434844,80463.34244502438,-934.3374355661617,-17688.995938935153,-16693.436146225933,8917.021749609537,11049.286943724257,11371.248479317848,0.0,0.0,0.0,-54696.97175189477,-41058.271954193224,13638.699797701549,-10431.83635724918,3206.8634404523664,13638.699797701545,-1.1350493878126144e-09,13638.69979770041,13638.699797701545
2026-06-09,-138072.24835880322,-149879.99999999895,-156234.95385991022,-6354.953859911284,6854.508630932658,7935.597764800383,-55926.5770066054,317.78003079870996,-20517.959815383685,1542.89909759621,-34669.258971761854,36.482712902606764,2109.5220429200294,14.044349717987714,-1459.9776209653319,19.568309009849628,0.0,0.0,3754.450437802457,-45168.57433354449,-1350.133029355895,2312.99865686889,-7233.839666933818,0.0,2112.646228267135,542.708330866312,-8489.888258108056,1064.0879183537363,0.0,1492.2058186427937,-292.13748973029453,691.131587959954,0.0,-97.39941390827485,683.3961588297176,0.0,-70.0988645075466,0.0,0.0,6854.508630932658,-9052.44257184863,-4992.839419887867,-55926.5770066054,-56116.79464721588,-54672.30055688998,-20517.959815383685,-39557.424811989935,-40047.4689471352,-34669.258971761854,-33997.387326321914,-33469.52860733549,2109.5220429200294,-1194.696292054623,-993.655656465085,-1459.9776209653319,-3873.070745104468,-3896.4551710911674,0.0,0.0,0.0,-34462.505617939634,-46270.25725913535,-11807.751641195719,5719.568035732227,-6088.183605463493,-11807.75164119572,1.57160684466362e-09,-11807.751641194149,-11807.75164119572
2026-06-10,85464.41982991167,130418.1977849837,124258.36190285896,-6159.835882124735,-2233.3152723672683,2707.5926348901567,52458.9568612562,-293.8129238205032,1498.7280991852022,117.8683052511777,35384.54850989338,6.015007380741139,1983.092272791575,-7.062079374246084,2008.5279582625008,7.533553236212703,0.0,0.0,3552.3872271303917,-6527.672378079755,-611.633119181565,1476.539150945384,1741.6551444370386,0.0,487.4329845451332,-167.56882568678418,-6248.667363833454,-512.9606163776365,0.0,429.42342084094366,-14.235410766236384,-44.8955079636053,0.0,-121.47034554998031,-359.72242894239275,0.0,-18.49433933171533,0.0,0.0,-2233.3152723672683,289.91537514858646,-625.8845515784924,52458.9568612562,50720.45564032452,50467.92020978038,1498.7280991852022,-1218.3770412753802,-1225.2241778731823,35384.54850989338,34975.07786801423,34830.15651667638,1983.092272791575,-487.13396085066734,-422.15664660234825,2008.5279582625008,2418.852637409559,2439.6084795091365,0.0,0.0,0.0,-5636.118599109934,39317.659355962096,44953.77795507203,-1234.3706888591842,43719.407266212846,44953.77795507203,-2.0372681319713593e-10,44953.777955071826,44953.77795507203
2026-06-11,1921.2801783945615,-1926.0209452076815,-3411.0209452076815,-1485.0,-2396.8134113285196,195.73701863726097,15321.9064736091,-26.942215511300077,-82.06870532621724,140.25532921343756,-12279.50439756105,4.710042704756681,13.801688966396597,0.032900330339415924,2089.210630514746,11.910554792096047,0.0,0.0,290.92969564296385,-2026.0614465778046,94.06460337197036,-22.357938455109252,573.5218794919102,0.0,139.7343239314497,20.651906912031237,85.78932252120622,-150.74840918480987,0.0,-157.44807136352506,3.9194556551455477,-55.88229791158541,0.0,-2.240880643886638,129.97803914315801,0.0,-0.8910020583239147,0.0,0.0,-2396.8134113285196,-2746.0279959542822,-2750.212303834094,15321.9064736091,15488.142678009219,15481.420028677676,-82.06870532621724,-989.6823942459287,-979.9379423796963,-12279.50439756105,-12232.291556146418,-12224.815405029318,13.801688966396597,45.944067806252036,45.81708139500995,2089.210630514746,2349.110290047016,2349.0087195650003,0.0,0.0,0.0,-745.2521004798946,-4592.553224082138,-3847.301123602243,6.085088878703573,-3841.2160347235395,-3847.301123602243,-1.6370904631912708e-11,-3847.3011236022594,-3847.301123602243
2026-06-12,120341.0634990253,109933.59096619909,108231.65217806192,-1701.9387881371613,2509.4592120590823,167.62748823968246,-18910.768807802742,-55.754022520883964,3478.4025919079377,297.263175768451,135240.42200644908,701.2690961182452,-3180.7032013048174,65.45169777493075,2826.1346125599766,17.752460190884328,0.0,0.0,383.1808330489549,-3114.8278862800935,1575.9974891543234,-1217.477602197441,-688.3771589512731,0.0,198.44225798756932,545.0871218870318,4503.273628898846,182.7665589465881,0.0,-2313.8393014101052,272.57485982486924,76.87266795073845,0.0,-1088.1946066167716,-1463.7096572640367,0.0,68.41101397072917,0.0,0.0,2509.4592120590823,1146.3345376860088,988.3877250403893,-18910.768807802742,-16060.147629939134,-16185.718218553237,3478.4025919079377,1335.2770667128589,1261.5570535365878,135240.42200644908,134569.36162544254,134267.60520251645,-3180.7032013048174,-1845.957856589769,-1895.1127594218751,2826.1346125599766,1931.8687850772299,1904.3444959069766,0.0,0.0,0.0,-1621.882914843227,-12029.355447669444,-10407.472532826218,-735.6730293644359,-11143.145562190653,-10407.472532826218,0.0,-10407.472532826218,-10407.472532826218
2026-06-15,612896.7859014255,720011.8923807123,718399.7490134746,-1612.1433672377168,-28.35123672827467,10.825880392205676,-5072.838684891219,-4.692248729685097,-9066.37466788105,1095.4162452367364,631260.4818516453,2549.296150551252,13130.536107609805,11.386903012667972,5693.239069145571,68.30316257079139,0.0,0.0,36.457892519247906,3647.363610433607,1199.169000615075,-3485.1199736514545,-784.4138227443723,0.0,-241.61947367807903,807.862403073259,12783.14283113164,163.78549060747585,0.0,34266.52656272035,-1097.534256632901,-76.47633849564772,0.0,-40030.69351042858,-20972.534546517385,0.0,-283.1682508879753,0.0,0.0,-28.35123672827467,289.2029972499804,-440.522160017048,-5072.838684891219,1697.28363820587,441.9184522640311,-9066.37466788105,10278.17162952938,12409.628908678395,631260.4818516453,621444.9429569279,610449.6901957304,13130.536107609805,-2914.763569612085,-4508.384556698627,5693.239069145571,-5214.86150230259,-5455.544938531537,0.0,0.0,0.0,-23019.9065374746,84095.19994181216,107115.10647928675,-12683.190248572966,94431.91623071379,107115.10647928675,-1.1641532182693481e-10,107115.10647928664,107115.10647928675
2026-06-16,2745.563530909829,6220.00000000064,2403.3408049596437,-3816.6591950409966,4481.584241589269,270.98158663890945,-13828.574692144455,0.09600163887908764,911.2693541701574,36.571585181982385,8451.220438786166,1.5996002342359157,313.23323835406245,1.4909300051838699,-77.87020122807462,1.3572967277040857,0.0,0.0,56.19947057411176,3576.0952319995463,104.91871005172086,635.0582781281078,-901.3257882659725,0.0,-267.10393627168315,-10.504444582000502,-1369.951878888846,141.20930560838264,0.0,165.3992620591926,14.207796361348386,-20.24465333007346,0.0,39.13210470979278,-86.7243704741565,0.0,-4.52059590120129,0.0,0.0,4481.584241589269,6488.038779471943,6668.795025064552,-13828.574692144455,-14553.554432285597,-14557.024662792026,911.2693541701574,2682.017789761301,2649.461314066015,8451.220438786166,8558.930669902677,8537.135677807502,313.23323835406245,-28.312979436152318,-43.16744610500882,-77.87020122807462,-512.3159556818814,-509.63637712723994,0.0,0.0,0.0,2494.7011513827038,5969.137620473515,3474.4364690908114,110.75965917753865,3585.19612826835,3474.4364690908114,-3.965396899729967e-09,3474.436469086846,3474.4364690908114
2026-06-17,-53199.4163747376,-62560.00000000007,-63055.00000000007,-495.0,-5119.686068359297,92.08066583761024,-13673.402659779074,-3.91853382107368,146.02255245567994,9.94443688896187,-35844.00061356924,22.43574018333605,-27.577677431083742,0.01699394534591807,43.77531165810865,1.3250096799645394,0.0,0.0,-1.3035990120985446,1966.6969654916572,-347.9006506887278,-56.42864448464541,-810.2186853797931,0.0,-149.82662673900683,5.713641505702697,133.0168163814027,135.10875216227672,0.0,-395.96517560588427,-0.7246711971181132,-7.806610373107993,0.0,14.281195609626087,355.29323368413293,0.0,0.40669608021325776,0.0,0.0,-5119.686068359297,-4652.182709558489,-4428.431441414286,-13673.402659779074,-13615.966701451009,-13561.462888222155,146.02255245567994,862.1539301329099,859.0278226634432,-35844.00061356924,-36005.85375113347,-35967.30874042686,-27.577677431083742,17.715012709001513,18.165103688045093,43.77531165810865,-118.50798557506596,-119.40623102579457,0.0,0.0,0.0,1275.4527802873054,-8085.130844975167,-9360.583625262472,313.22583013853,-9047.357795123942,-9360.583625262472,7.275957614183426e-12,-9360.583625262465,-9360.583625262472
2026-06-18,11340.410379324254,13760.000000000058,13625.000000000058,-135.0,-507.2026637803938,63.69876138039939,-8828.531780954385,-12.029418421223184,127.3965277518173,12.613037940365636,23112.335905195985,-1.275873915939215,-289.9896805264448,-4.5559734125355185,356.6625157493388,1.1828312171273963,0.0,0.0,97.04803113649727,-1434.1864280730465,129.77753968347236,573.0653529545223,-529.123210593888,0.0,104.79887386982456,35.04481896436272,-1384.8800190494067,87.05926766390627,0.0,-281.51735146377325,1.7274643668620158,4.609615627957837,0.0,143.63692002176722,-229.48487158897095,0.0,4.380258630828536,0.0,0.0,-507.2026637803938,-1025.213259846205,-1008.105396428844,-8828.531780954385,-9371.025713083016,-9381.783788820816,127.3965277518173,-662.2743471439098,-659.9928135503897,23112.335905195985,23009.788559088476,22982.296803222802,-289.9896805264448,-625.5806654766916,-620.7466941177122,356.6625157493388,26.565876836384177,28.742269019993728,0.0,0.0,0.0,-2630.2604441116637,-210.67082343585935,2419.5896206758043,-11.850071050785118,2407.739549625019,2419.5896206758043,-7.785274647176266e-10,2419.589620675026,2419.5896206758043
2026-06-22,62585.80063651182,69459.9999999988,69369.9999999988,-90.0,515.786768863516,5.253207486436995,-2222.1547719573405,-0.18769958787492946,293.9763826146873,1.4355060952582566,66918.13943820106,-101.13551887734968,-164.58453427632503,-2.2070086255303076,-149.17070065084226,-4.985731768625225,0.0,0.0,2.0533028280237273,144.79580804523025,66.15614250675327,54.28774394765975,-479.87042476380265,0.0,-12.205009299687992,0.514214812853794,-131.68501064844187,89.5640588631551,0.0,368.6513580260099,-3.281559503928854,-10.218016295419957,0.0,180.68153493205935,-2695.7027728857456,0.0,17.742438605876536,0.0,0.0,515.786768863516,414.7512626318894,400.99104002210515,-2222.1547719573405,-2248.2216932672636,-2257.7269954000053,293.9763826146873,539.2831791960461,536.8481164785753,66918.13943820106,65777.1541580197,65723.06160482237,-164.58453427632503,-107.91896923524291,-107.19258264310338,-149.17070065084226,-1693.398790657433,-1710.180546768137,0.0,0.0,0.0,-2606.191946282932,4268.007417204055,6874.199363486987,-95.84851017587062,6778.350853311116,6874.199363486987,1.4551915228366852e-11,6874.199363487001,6874.199363486987
2026-06-23,-28196.105035116983,-37219.99999999875,-38189.21131999875,-969.21132,12072.450172819721,177.05587752455062,20436.073505360797,52.977061780663604,710.0886701671197,-2.645928412293923,-58060.03977786363,-52.96006665709075,-169.25809847527762,-9.909960668378915,-567.414792127488,-1.7323189898166398,0.0,0.0,-436.68808541103846,-2051.3082700635514,337.24535293542124,1505.3549520123552,1122.08298801624,0.0,165.4566362851909,-229.26660403170763,-3913.416621227399,-207.41918845636755,0.0,-474.97033677258923,12.623460386494067,-2.3699874894326314,0.0,438.4256574765723,591.4362355489291,0.0,-4.891903335896984,0.0,0.0,12072.450172819721,12487.84951908898,12371.331641762983,20436.073505360797,18178.383635720802,18355.70830348776,710.0886701671197,-467.8415070721203,-475.10292748647544,-58060.03977786363,-57781.56469194241,-57507.01198620218,-169.25809847527762,-1160.120286487594,-1135.672233104724,-567.414792127488,180.27196102443077,194.64216642575911,0.0,0.0,0.0,-2618.004714998224,-11641.89967987999,-9023.894964881767,366.9163345509296,-8656.978630330837,-9023.894964881767,-1.0550138540565968e-10,-9023.894964881873,-9023.894964881767
2026-06-24,-13340.25687445789,-21139.999999999985,-24967.081199999986,-3827.0812,922.7637002270785,115.40052319410597,-9617.770444189597,-16.346141741072245,324.69550836135204,51.99803987449005,-2501.7232288814566,0.03468558131248778,4.073164220224129,-0.0001974454745492871,913.7298776488856,4.988799521912519,0.0,0.0,213.5257300861679,-3102.3876626682904,-13.730710093759505,-8.286133898747208,-1112.9275490665595,0.0,175.29547368461365,-4.605923165311591,20.561535427433455,146.38117642753164,0.0,48.057002445907756,0.12024196657886876,19.138317126553602,0.0,0.1636034526943004,38.6148453592166,0.0,-0.04523007827821535,0.0,0.0,922.7637002270785,-973.7389393993944,-926.6570168262115,-9617.770444189597,-9358.537589700452,-9345.59996682511,324.69550836135204,-1053.1947654864798,-1071.3865884515362,-2501.7232288814566,-2467.439134300771,-2464.6967149311286,4.073164220224129,10.329975209590202,10.098638881369112,913.7298776488856,464.29945705502723,457.9847736947404,0.0,0.0,0.0,-3386.025451844378,-11185.768577386474,-7799.743125542096,38.02412216459197,-7761.719003377504,-7799.743125542096,-1.4551915228366852e-11,-7799.743125542111,-7799.743125542096
2026-06-25,-29829.02368826956,-35699.99999999936,-39608.12375999936,-3908.12376,-1240.4727627935063,20.32725957028623,-7894.873674756235,-4.758192151321005,24.962207094886253,31.49547437369094,-17868.93557408508,-6.367685974903111,-121.07000209018179,-19.499899599503483,143.2527889576986,0.7811968438875978,0.0,0.0,9.43211371766263,-2334.079985161667,-74.01520792203308,652.8627490964782,-499.72075520859323,0.0,189.43376933915724,-13.80024213132728,-1494.8707969283084,87.18879770003501,0.0,431.354006915888,37.60759893268826,8.34672142297552,0.0,-160.57183874582728,197.69162449089043,0.0,10.978618894631367,0.0,0.0,-1240.4727627935063,-2342.9060459623142,-2323.4241440999176,-7894.873674756235,-8510.940046058946,-8493.549324252215,24.962207094886253,-777.2112628069044,-774.9915727402858,-17868.93557408508,-17684.974088756186,-17677.027372926586,-121.07000209018179,-617.566736064854,-609.8937044007848,143.2527889576986,46.27648945155693,49.86243015024161,0.0,0.0,0.0,-2871.8866705971413,-8742.862982326942,-5870.976311729801,58.298001928087615,-5812.678309801713,-5870.976311729801,-1.4551915228366852e-11,-5870.976311729815,-5870.976311729801
2026-06-26,17139.96108945919,19139.999999997148,18035.790519997146,-1104.20948,11300.290927045397,1622.8330917761286,37087.388838077386,6.6634669062624425,497.41043061686696,3.849464055828321,-27889.746850093994,4.626079444690333,-202.66753241193328,-3.2386652976677226,-134.05862559804268,0.6446169187055408,0.0,0.0,500.38734909370964,-2693.866265316966,563.8461811062872,2905.9871510384774,2077.656479180861,0.0,225.50652976967697,-88.44030429682607,-7417.977315212102,-395.4609118001342,0.0,-171.20794327681662,-3.7667483710610483,-7.2658122347375524,0.0,244.21480622102752,298.07016941377145,0.0,1.6560558237530003,0.0,0.0,11300.290927045397,14600.129466372775,12892.630453058286,37087.388838077386,33506.0599787608,33595.87547940613,497.41043061686696,-824.0402250422567,-828.1541873551282,-27889.746850093994,-27461.879316065577,-27169.201586031813,-202.66753241193328,-2340.8492229595545,-2223.6436823355302,-134.05862559804268,853.9139815124224,872.4546127153844,0.0,0.0,0.0,-3518.6560981764887,-1518.617187638532,2000.0389105379568,-1193.373573119421,806.6653374185357,2000.0389105379568,1.8553691916167736e-09,2000.0389105398122,2000.0389105379568
2026-06-29,12107.383665653619,13140.000000000704,10785.000000000704,-2355.0,823.1211215471849,4.7131713623810185,1589.2254389538525,-0.22523320401071367,163.84686080441907,2.027763949683266,8991.821810655876,1.5039732449122205,103.86956916617987,0.0055222123498269715,439.4340980282059,27.731619902931868,0.0,0.0,3.4412271671636048,-73.65405439884617,-14.21916778240443,-22.943215354441584,341.9304884442288,0.0,5.071992122543387,-0.21620569216244512,53.005140175791766,-52.59341384540216,0.0,30.305373254220537,0.8192837620414037,-17.512577430408435,0.0,12.107345760167707,-303.0768475538734,0.0,-3.8730246106159036,0.0,0.0,823.1211215471849,945.1119319474128,948.0253812682568,1589.2254389538525,1593.354575713809,1592.469306430396,163.84686080441907,138.38963340887835,138.32791636083357,8991.821810655876,8855.776032893764,8854.299965976747,103.86956916617987,123.43285624500157,122.89598884477334,439.4340980282059,449.60303043309887,451.3651067726187,0.0,0.0,0.0,-3.935233502099436,1028.6811008449858,1032.6163343470853,1.715605011653679,1034.331939358739,1032.6163343470853,-7.275957614183426e-12,1032.616334347078,1032.6163343470853
2026-06-30,-69988.95966770232,-73760.0000000007,-73790.0000000007,-30.0,-14164.35197370284,540.8157094050821,-30080.423571669602,-141.40575093544555,231.29067816941415,14.693489939931755,-22047.059716062155,7.633522341413421,388.6014867331296,0.07426325352102126,478.47175701330184,3.776905084473216,0.0,0.0,997.4843768063921,-4072.1304353011587,-578.5246077909991,2325.1563489366586,-2233.8588337757415,0.0,291.6904260147192,-114.16976328221529,-5173.628037965901,349.4830238235474,0.0,223.98176597567198,-10.791220049759993,10.8555226769639,0.0,-163.30608124354166,260.51300428388197,0.0,-5.369721309701738,0.0,0.0,-14164.35197370284,-15404.47283986013,-13230.36528526229,-30080.423571669602,-32046.399309906767,-31712.76642462169,231.29067816941415,-1532.2128022324382,-1516.687036966207,-22047.059716062155,-22225.179034749348,-22064.70374337415,388.6014867331296,-1125.2936058294727,-1151.854796726322,478.47175701330184,-326.93984005275047,-312.58238075165946,0.0,0.0,0.0,-4795.488328183572,-8566.528660481948,-3771.0403322983766,2671.5377649285947,-1099.502567369782,-3771.0403322983766,-1.4551915228366852e-11,-3771.040332298391,-3771.0403322983766
2026-07-01,46833.13186358783,55520.000000000684,53525.000000000684,-1995.0,-7.9990562799575855,-1.9680881847965814,-2437.998076676722,-1.4242268775792062,2473.3535472183084,72.76368539086948,46970.263864718014,63.772643829667985,514.842050266413,14.570604108622511,1134.9361990896175,6.026616083954133,0.0,0.0,7.066326796728769,-591.9704027010649,86.44468964273145,234.38986678959895,-155.91555201913465,0.0,45.311192858572376,38.730331547882784,-560.7922561020621,27.52146035211838,0.0,-945.8475222874832,-66.9798645719375,13.210734338383432,0.0,491.26258902206246,-545.8808259155842,0.0,-15.674715188169408,0.0,0.0,-7.9990562799575855,-219.95968021031877,-228.2046993769909,-2437.998076676722,-2660.503775827681,-2663.836702574168,2473.3535472183084,1772.9793014274146,1772.5891158387349,46970.263864718014,46596.39113955249,46573.912905370766,514.842050266413,570.5154643497808,575.96439687373,1134.9361990896175,802.5933659573761,802.7068474572927,0.0,0.0,0.0,-1814.2666647478472,6872.60147166501,8686.868136412857,-28.883951661242463,8657.984184751615,8686.868136412857,-1.5425030142068863e-09,8686.868136411314,8686.868136412857
2026-07-02,-9807.482279937365,3939.9999999987776,-770.9405200012225,-4710.94052,6941.00891946652,-1443.8163024230344,-42362.36768904583,112.36042601953409,-707.308325573169,-88.19933635617457,12954.642868819328,-0.977012789612397,-107.64371035492877,-0.844692509472754,-531.4413192154725,-4.84981990574753,0.0,0.0,-1586.6781270463127,15223.675880029341,-197.86734694163,-2607.1929682273085,-4494.175422400745,0.0,-1022.9290598010089,-22.56829361923758,7170.3619910212,722.9304140098228,0.0,319.95278456670144,20.407690536857274,40.713328513755755,0.0,-69.27963836119058,-222.35986836593167,0.0,-0.9997811940647665,0.0,0.0,6941.00891946652,8666.07362475025,10962.760855020606,-42362.36768904583,-39619.44880074407,-39433.1397696463,-707.308325573169,6495.4026499934735,6379.2179561687935,12954.642868819328,12857.60467466907,12723.554969318702,-107.64371035492877,2148.1602440233446,2099.0449095464046,-531.4413192154725,-2513.236803839799,-2538.9212003455277,0.0,0.0,0.0,14005.626975966188,27753.10925590233,13747.482279936143,2157.9621312103627,15905.444411146505,13747.482279936143,-4.3655745685100555e-11,13747.482279936099,13747.482279936143
2026-07-03,13900.60744783987,30279.99999999866,26161.02419999866,-4118.9758,333.5894630062612,-0.949233708921895,-1132.1598251848159,0.15002668771977057,-902.2105412032615,-83.14149066165646,17916.089994241764,-1.5041899899176467,402.1842546253861,-0.7921335102213796,-1141.580456950227,-5.904759376562845,0.0,0.0,-2.1168382365539458,-542.1266748904156,-7.065159236575994,66.80928191273087,-145.86484329072957,0.0,26.90768771978735,-2.7553164151996974,-203.50763377680119,18.71848621759974,0.0,-439.89560297561513,17.258701512643796,-14.195383286755316,0.0,70.38777572582046,-298.39899654715407,0.0,-2.8333333301149537,0.0,0.0,333.5894630062612,17.458112426567823,9.817881250070059,-1132.1598251848159,-1213.38660574268,-1210.8975920811142,-902.2105412032615,-1461.377667825098,-1475.5811500416057,17916.089994241764,17575.722154527484,17566.553000842716,402.1842546253861,375.4495171373055,380.6149360599434,-1141.580456950227,-1368.7722514453653,-1369.8996281899772,0.0,0.0,0.0,-1575.3054406952378,14804.087111463554,16379.392552158792,-24.485811238344468,16354.906740920447,16379.392552158792,-1.6370904631912708e-10,16379.392552158628,16379.392552158792
2026-07-06,-32849.82728456106,-22020.0,-26984.85732,-4964.85732,2929.8558489910793,-356.3201207515931,-22229.563101291726,25.528370995475115,-9.826510872780915,-0.034853470561234126,-10929.503264894149,-3.128293437604408,275.07236635600145,-0.716785456392274,-643.9956267046928,-38.80226396220941,0.0,0.0,-218.022695824704,111.74575865545165,179.4771720157667,-415.42302720303223,-4194.686786925205,0.0,-9.073823032914765,1.7962334674863598,1038.367431911038,780.8393341706153,0.0,-4.629676491325704,0.28941891380387336,2.3702369192157384,0.0,22.700485480672192,389.10163270011697,0.0,-14.116843624635152,0.0,0.0,2929.8558489910793,305.08093859860674,728.7707869425649,-22229.563101291726,-21407.081489950488,-21344.30973800642,-9.826510872780915,40.4895931387731,40.36295120365605,-10929.503264894149,-10638.408634745392,-10607.564656111543,275.07236635600145,590.2643136385327,571.9411108340466,-643.9956267046928,-2201.044104046854,-2239.02773942336,0.0,0.0,0.0,-2241.866996144796,8587.960288416267,10829.827284561063,460.8720988057612,11290.699383366824,10829.827284561063,-7.275957614183426e-12,10829.827284561055,10829.827284561063
2026-07-07,-71518.1155499077,-72280.00000000041,-75175.00000000041,-2895.0,-12109.774069394858,-840.7787197868056,-29652.21015748618,39.62592494626995,1131.6250972330172,-100.01794419446085,-20217.527803402994,-4.025485912892876,-356.8007351512033,1.1696168779812943,-42.949096555884125,-3.046486585442046,0.0,0.0,-349.0847509993183,-9298.190410999832,415.8814674347859,1497.0393414778434,-2105.5490068554172,0.0,816.9480563565647,-3.4771028180243206,-3288.8645536821446,389.36336012655596,0.0,568.8717447761495,13.892800576886245,-43.22170789740085,0.0,-119.5175558231518,267.46822593631464,0.0,3.4030958032003014,0.0,0.0,-12109.774069394858,-17870.504469152656,-16502.59664550796,-29652.21015748618,-30830.14172804809,-30540.649463672922,1131.6250972330172,-2939.242605555265,-2903.4026796328535,-20217.527803402994,-19656.93989956285,-19559.478127674334,-356.8007351512033,-1302.6545540969043,-1237.9692297523284,-42.949096555884125,-790.2635995846983,-774.0194036673663,0.0,0.0,0.0,-10270.478785149586,-11032.363235242294,-761.884450092708,1871.6313060927641,1109.7468560000561,-761.884450092708,5.820766091346741e-11,-761.8844500926498,-761.884450092708
2026-07-08,-25279.509117765236,-47799.999999999476,-48902.32991999947,-1102.32992,12641.87357977347,-927.0108629723413,-31640.7218627767,-34.02755294210448,-2224.1305488684156,-107.92103861877413,-18931.127172663095,-3.5225738143374166,1413.0969689084513,0.44366154516587386,306.89977048684113,-2.4492737506010354,0.0,0.0,82.11157440746524,10424.060860443382,377.55315545477896,-3135.805103944691,-2166.6406451492194,0.0,-852.0397555764049,-67.35216789524316,7786.554767401288,396.71023226781574,0.0,-514.7051538520298,36.47229325209983,54.55084635425925,0.0,206.2484255820221,238.198262881181,0.0,-14.915712140040526,0.0,0.0,12641.87357977347,14505.502637407044,15707.05129401444,-31640.7218627767,-28001.757090416344,-27820.36691419512,-2224.1305488684156,2242.1179578234733,2198.142149955471,-18931.127172663095,-18814.67848539208,-18708.113622989487,1413.0969689084513,3852.8179655289596,3808.428373261064,306.89977048684113,-441.5980111567633,-464.6503978157564,0.0,0.0,0.0,13154.600147374214,-9365.890734860022,-22520.490882234237,1378.0859084404728,-21142.404973793764,-22520.490882234237,4.154571797698736e-09,-22520.490882230082,-22520.490882234237
2026-07-09,24925.41830443105,28680.000000000233,25581.205680000232,-3098.79432,-293.0756016668747,272.3843110178169,4182.47759039574,-14.512870877894766,3.4216000732410095,-0.005083372741614359,19675.077502564738,-18.552956285997606,-1007.3410337872817,-5.517455919392697,197.11021868726095,-0.4200571135777106,0.0,0.0,691.2054221296884,62.06368235656292,359.6399951541767,-651.920604491568,496.73175447284547,0.0,-1.2969049488689461,-76.77228776468434,1659.3201412732778,-23.716453197287414,0.0,-5.672657351163117,0.41614353996562803,-0.14137374120268092,0.0,78.44877066084288,-105.8304912621252,0.0,7.105424406536541,0.0,0.0,-293.0756016668747,458.16883416177006,46.90262884349795,4182.47759039574,5292.334678263909,5219.582161176307,3.4216000732410095,31.10096162814628,30.976395607934492,19675.077502564738,19781.431210997267,19709.342131381713,-1007.3410337872817,-466.1735520121474,-462.8907747226576,197.11021868726095,383.7645919130665,381.50576214429304,0.0,0.0,0.0,2167.7480281642274,5922.329723733411,3754.5816955691835,-555.2084205209649,3199.3732750482186,3754.5816955691835,-3.637978807091713e-11,3754.581695569147,3754.5816955691835
2026-07-10,-66548.0473705568,-117480.00000000087,-122196.23020000088,-4716.2302,-6712.144391329901,-317.7421178290879,-28020.805061856965,76.59301954946602,54.076935468283295,-0.11876757391225401,-36035.240010256886,-5.729998476332135,-437.72995207744407,-7.234194550074342,-1124.877453164987,-7.110741364152221,0.0,0.0,-1081.8459847615036,684.1529474540093,323.79723526381144,-3502.549267316274,-4874.2769070542445,0.0,-29.379402428220008,126.14248334994227,10823.351196601661,537.5233400534293,0.0,-38.522278875018756,1.528200672951094,0.2984793101010119,0.0,242.01659018877655,694.6241763878436,0.0,-1.140550168439944,0.0,0.0,-6712.144391329901,-11255.247497366101,-9374.431897497037,-28020.805061856965,-22756.316225899845,-22560.69008375103,54.076935468283295,362.9971409612822,366.49960081610936,-36035.240010256886,-35366.940905575546,-35107.6677703148,-437.72995207744407,3336.638938361819,3163.172188739243,-1124.877453164987,-2953.473925264795,-3034.9294085518695,0.0,0.0,0.0,5728.672562661086,-45203.280066782994,-50931.95262944408,2084.2951042263885,-48847.65752521769,-50931.95262944408,2.5902409106492996e-09,-50931.95262944149,-50931.95262944408
2026-07-13,69591.85077525512,67260.0000000007,62347.7436800007,-4912.25632,27353.67590193241,-3180.264770181064,-56802.33623209548,173.9889064233912,-99.34872058585461,-984.8334961245591,-170704.24210886314,-181.45994905247176,207.71422811979028,-19.717018656790316,-925.4903813606725,-36.378074792871956,0.0,0.0,-4736.757761174344,242324.79163511755,5059.195226851614,-16022.652545175402,-50028.16355521165,0.0,-6728.717965372815,420.48939158215944,47527.50093887472,3423.8208166805416,0.0,-20377.4064053813,253.69372945739224,302.8972416563902,0.0,1664.3130852069112,10313.026645908521,0.0,-51.59825395615462,0.0,0.0,27353.67590193241,112471.6176319553,165330.51555757644,-56802.33623209548,-36675.179615376954,-25108.585461659743,-99.34872058585461,106803.44690102828,89881.27373448042,-170704.24210886314,-172345.89308583172,-159020.91013240852,207.71422811979028,16873.625686666725,16568.845926520702,-925.4903813606725,-18981.87700861471,-18059.288849257,0.0,0.0,0.0,270561.87808810803,268230.0273128536,-2331.8507752544247,61446.1102654282,59114.259490173776,-2331.8507752544247,2.8230715543031693e-09,-2331.8507752516016,-2331.8507752544247
2026-07-14,50525.42472314641,50359.999999998996,45615.500879998996,-4744.49912,10173.02647478503,196.44071794811828,-213.4453664738752,3.107504938158133,246.4354791623515,-0.10640170906103785,38133.58007545954,-77.97401397763292,819.6611410242077,-1.9262162386393928,621.9475171459194,0.10552481248124548,0.0,0.0,723.0504870445734,443.1365621821609,448.8308075654606,221.81961878358265,353.6313291061276,0.0,1.1599979913820366,-264.4716163789859,-675.524642271925,-0.09590645275550624,0.0,-92.97968954920174,-2.9756902679754225,-1.9818935689750923,0.0,-60.687081383949604,-195.1306217769905,0.0,-5.615730140367205,0.0,0.0,10173.02647478503,11464.70159507409,11292.013019620266,-213.4453664738752,-318.2787015695718,-359.2059717925349,246.4354791623515,419.50872084698585,421.3237879406712,38133.58007545954,37973.386960720076,37912.29975220933,819.6611410242077,556.2431621452513,559.7026381015788,621.9475171459194,697.4566305419196,699.2914970671035,0.0,0.0,0.0,744.2194020432289,578.7946788958143,-165.42472314741462,-267.5936446123378,-433.01836775975244,-165.42472314741462,-7.275957614183426e-12,-165.4247231474219,-165.42472314741462
2026-07-15,17040.60038013637,51439.99999999959,48276.560919999596,-3163.43908,4224.457394860219,-134.6421807988471,-11124.183903132183,4.877533247680155,-676.0919055884133,-53.09544649567306,22036.40201209909,-3.7488444081490933,179.28716816649842,0.3373759413354236,-64.69452490504409,-3.5184409941204873,0.0,0.0,-69.4734699950587,3576.90756984137,-182.83678270723306,-312.9504385052323,-1129.5350675217646,0.0,-222.38575057354058,0.6301441364675497,748.1425130332988,155.65846729684245,0.0,448.825944138595,4.707162384389754,32.31987331075666,0.0,-52.87385079776432,-310.39806180108064,0.0,-2.0103436152410126,0.0,0.0,4224.457394860219,5030.871119617426,5082.6854192830215,-11124.183903132183,-10813.020417935499,-10829.591730899067,-676.0919055884133,1191.000047466695,1170.858308396524,22036.40201209909,21984.326864175433,21944.7545155196,179.28716816649842,372.13206535756024,372.1154051477665,-64.69452490504409,-695.1955320644097,-700.2215373115014,0.0,0.0,0.0,2465.4241386362028,36864.823758499435,34399.39961986323,-29.513766480838967,34369.88585338239,34399.39961986322,2.1827872842550278e-11,34399.39961986325,34399.39961986323
2026-07-16,-74120.4014606537,-101139.99999999854,-101325.52671999854,-185.52672,-11277.67973887379,-1039.2187889650131,-28120.033982396246,62.99824334494997,-703.5645380325805,-270.6294188484067,-49663.934961747385,-73.78562149076602,319.8725371924187,-0.9644052114332715,-307.8266629903378,-7.167415627213909,0.0,0.0,-957.9203200005114,16987.088619638893,1430.1626659804037,-748.8696948649426,-3058.4735933767756,0.0,-965.3326102090002,44.95446442494813,1797.0744180210127,393.48679549751216,0.0,-1799.8160474563792,30.888352297324936,87.47575548683821,0.0,105.34239696496246,709.2015117846549,0.0,-7.127750936142595,0.0,0.0,-11277.67973887379,-5490.904689150222,-3216.559993230272,-28120.033982396246,-27900.90436518431,-27379.46143476318,-703.5645380325805,6195.958077997855,5943.507485815218,-49663.934961747385,-49492.79808738886,-49133.18565920962,319.8725371924187,907.5619927220932,906.8481391933364,-307.8266629903378,-1252.7127193895058,-1241.5499984586454,0.0,0.0,0.0,15632.765886194218,-11386.832653150626,-27019.598539344843,2913.3983297392406,-24106.200209605602,-27019.598539344843,-5.238689482212067e-10,-27019.598539345367,-27019.598539344843
2026-07-17,-72529.70519309735,-88100.0,-91338.21888,-3238.21888,14603.413917738711,5669.201556098773,-9153.043593506954,-125.46273424115847,124.90006792108443,-7.793789974987215,-152564.6477899092,-2013.599650523362,5802.227514399672,-123.25368439748333,237.88797268957404,-0.8609443414170652,0.0,0.0,10612.173629549696,5417.4967099907635,11568.378484802539,-6292.8676765284345,-1637.7650520428388,0.0,-86.21454534562511,-1543.4597553724661,21126.347278950216,58.99388665408366,0.0,-938.7956159340424,81.97544830552873,6.07636933614414,0.0,1556.3378034760406,778.8037663286293,0.0,-46.328949873077185,0.0,0.0,14603.413917738711,30106.323521723272,46129.272979270434,-9153.043593506954,5805.41391946985,8926.887225087452,124.90006792108443,2357.3754611224845,2132.168599590755,-152564.6477899092,-148867.61509878223,-143116.7145161821,5802.227514399672,13891.705782167324,13558.050858150782,237.88797268957404,-183.08296145037195,-159.37033901546738,0.0,0.0,0.0,68419.55671756977,52849.26191066712,-15570.294806902646,24360.17418265232,8789.879375749675,-15570.294806902646,7.8580342233181e-10,-15570.29480690186,-15570.294806902646
2026-07-20,68052.42370286095,36660.0000000007,35785.2492000007,-874.7508,4000.9859501966857,-779.8036479377081,-1578.4735312244302,-32.40340791269827,-30477.21216856336,-3080.5846908604194,82280.2238476639,-763.6432372148745,-6447.997530514542,-18.76480176555541,4964.992546875809,-8.58245587265096,0.0,0.0,5476.159242685916,25252.311900450342,-6533.346711452636,1025.2819013599553,-2353.196343667676,0.0,-1195.5932117593097,3185.133240121765,-4119.503940606166,141.3590057434924,0.0,3671.830529686407,-469.02317613471075,936.9111640008491,0.0,240.56666863001502,-1156.5597311986978,0.0,109.88099819365466,0.0,0.0,4000.9859501966857,14654.787296946917,13197.85166592733,-1578.4735312244302,132.90022895571906,-735.2281570355494,-30477.21216856336,-19459.57825630199,-20646.711766132565,82280.2238476639,81220.39260834244,80380.89155988774,-6447.997530514542,-8073.161106558722,-8003.079912033612,4964.992546875809,3795.6076375389684,3858.7003122475603,0.0,0.0,0.0,15309.904588426885,-16082.519114433368,-31392.42370286025,-4218.524706062395,-35610.948408922646,-31392.42370286025,5.820766091346741e-11,-31392.423702860193,-31392.42370286025
2026-07-21,276814.8829204668,255519.9999999985,252162.94527999847,-3357.05472,-6537.96767711034,-10192.434002506165,21480.147419869347,-518.844356246896,44441.249804141626,-7063.90648193132,150908.8142863266,-2352.76503628609,-36431.23339938902,-1239.5228526000267,3421.791573362096,-16.851385472213174,0.0,0.0,7360.970164713805,87159.58097730052,18785.8974402983,-17153.710055330863,5493.760720318215,0.0,-2382.4425535444384,-7185.673524101019,50043.21249448226,-333.2693706166351,0.0,-12526.819992748962,5803.301109189746,-1308.9180962558514,0.0,3833.610296790756,-2057.835820741616,0.0,683.9513810789606,0.0,0.0,-6537.96767711034,34092.847944033565,26431.817848793115,21480.147419869347,44712.70166908943,40839.36831872679,44441.249804141626,75749.69404418078,77820.39487296078,150908.8142863266,148980.63844978926,144516.56781398374,-36431.23339938902,-16065.57363888362,-17374.935526394955,3421.791573362096,4643.784594781421,4581.669592397297,0.0,0.0,0.0,99532.08091326649,78237.19799279813,-21294.882920468357,-15299.21014252404,-36594.0930629924,-21294.882920468357,1.1641532182693481e-10,-21294.88292046824,-21294.882920468357
2026-07-22,96929.69002787117,106387.0798745522,102286.15543444801,-4100.9244401042,-6457.570809809491,-484.0649990729903,-20518.299910261558,-61.62973919419244,12143.117097606468,397.131541688831,136007.88523482997,326.06944714374777,1831.1599661557902,19.388660630889895,899.8002099245541,4.435573523249648,0.0,0.0,203.064901484938,-14744.512812918607,-309.6423525598623,1231.3529384910703,-1004.3458857743267,0.0,668.6748664324205,774.8471381393056,-6238.173748496346,163.3237113547045,0.0,-4516.754234269674,-213.89279878317086,-15.840534879136385,0.0,466.3962395183605,-1088.344140539716,0.0,-25.16041932759469,0.0,0.0,-6457.570809809491,-14253.677414520818,-15066.069937515887,-20518.299910261558,-22794.061214998237,-23061.133535886263,12143.117097606468,3129.085882086183,2521.440102910703,136007.88523482997,133997.20600711793,133009.19500158197,1831.1599661557902,-539.1902675121582,-383.37527100054103,899.8002099245541,-80.94785113522812,-90.36633221881766,0.0,0.0,0.0,-26976.40176057456,-17519.01191389352,9457.389846681042,-2528.725113166496,6928.664733514544,9457.38984668104,0.0,9457.38984668104,9457.38984668104
2026-07-23,-2975.3002113404946,-4384.803694270202,-5944.803694270202,-1560.0,2863.4846413587074,-7.777635160063369,10515.631255954788,17.1485560172532,-4191.480130844255,-166.12104428951093,-15119.481514172126,-4.266506381488764,-109.40723898809756,-3.2226475081327375,-1197.5281618489685,-4.802141440340583,0.0,0.0,-100.88228931144101,3228.0195656888577,-74.5964577728044,-250.7571686915257,430.62459756723183,0.0,-209.24365380418845,-35.83743160577379,990.3925994665663,-89.75171311103853,0.0,329.4919549390623,43.88639420721732,-7.6168656802540795,0.0,-31.66507548342472,132.03553047382536,0.0,5.393164870732932,0.0,0.0,2863.4846413587074,4471.911129938788,4511.904925089126,10515.631255954788,10810.118567789103,10796.24232117317,-4191.480130844255,-2665.332477458418,-2626.224450986283,-15119.481514172126,-14964.033760278171,-14947.20274682908,-109.40723898809756,265.9950706885538,254.905898882374,-1197.5281618489685,-966.9879462290573,-964.9261586697762,0.0,0.0,0.0,4263.480937199458,2853.9774542697505,-1409.5034829297074,73.0292042087076,-1336.4742787209998,-1409.5034829297074,-2.4556356947869062e-11,-1409.503482929732,-1409.5034829297074
2026-07-24,-5473.99852634815,-6520.000000001746,-11230.923472458093,-4710.923472456347,-10420.968320581014,-2785.9938001816117,-59497.053137180206,217.72937288024332,-1439.022588074491,-431.0485214130349,43189.0260564482,-34.998743687450585,-74.60454070707385,-0.45327564027492384,-559.4658913831481,-6.676792310101787,0.0,0.0,-2804.261367899795,34103.88515517124,-1244.0292847788064,742.2633535787102,-4903.763641537178,0.0,-2570.3596441911036,-68.50839515723737,-2067.9935419679837,899.2570538973465,0.0,1942.5991122804112,-25.224699666933716,104.21021810159152,0.0,53.19589683399346,-660.6877182632411,0.0,3.4429140339469804,0.0,0.0,-10420.968320581014,-259.91501349548344,3770.551231336198,-59497.053137180206,-62585.256711959344,-62165.94429567799,-1439.022588074491,14907.483961360078,14036.210748844376,43189.0260564482,43165.31211821831,42385.60588562893,-74.60454070707385,-722.2158549414819,-721.2094336113129,-559.4658913831481,-2844.913270577014,-2779.2126628650917,0.0,0.0,0.0,23328.089895129575,22282.08842147598,-1046.001473653596,2865.506245046785,1819.504771393189,-1046.001473653596,-3.2650859793648124e-09,-1046.001473656861,-1046.001473653596
2026-07-27,77897.79688003077,97800.0000000014,95380.05324000139,-2419.94676,-16001.63145750761,-6075.808797554908,84986.86474234881,331.23812835563785,485.536172606151,-380.90851790620616,-17876.880190189848,-15.517388257710785,-3985.6929482415426,-76.5533531428898,-2735.8482690916935,-164.01332435047382,0.0,0.0,-6389.970286083402,31530.298021197857,-1249.7849031669602,-6397.569630063139,20672.573506096123,0.0,-1754.103726762122,5.176188183503768,21125.76606026291,-3451.2729167588705,0.0,430.75082975389506,335.9180042316212,-456.9039247427618,0.0,-122.1172014064916,761.8953189632764,0.0,315.891218967595,0.0,0.0,-16001.63145750761,-2994.666901072371,-16522.44550232473,84986.86474234881,90085.90053012544,87689.48371612091,485.536172606151,15147.607256539217,14902.417988972522,-17876.880190189848,-17979.437462283946,-17339.2232526781,-3985.6929482415426,3566.6979246118144,3250.342384768109,-2735.8482690916935,6021.230007820504,5917.221545170479,0.0,0.0,0.0,33025.4488301065,52927.65195007712,19902.203119970618,-15949.53447570988,3952.6686442607397,19902.203119970618,1.57160684466362e-09,19902.20311997219,19902.203119970618
2026-07-28,101658.11885723361,77972.87763611367,73315.04783209048,-4657.829804023184,-16801.36926165223,-692.6109274258833,-70027.32811132887,94.26889625067611,-842.1924229904616,-316.48299975337466,166738.51317272562,-32.977731341658455,-15.383267694540962,0.038654238917240985,-142.144529648981,-1.2326539998714598,0.0,0.0,170.3900480069983,30891.67789409175,-3041.705551322264,288.0182787859232,-2311.9521212829723,0.0,-3643.4341521961737,-137.83996438746362,-937.0227701831495,706.1857890740073,0.0,8725.459905731848,-1.0097927183176942,39.55149182166008,0.0,88.37304338135824,-1684.123954278164,0.0,0.01715534284491227,0.0,0.0,-16801.36926165223,-4495.765914938471,-5092.687364966609,-70027.32811132887,-71853.9197399211,-72693.5219516649,-842.1924229904616,16847.447250621568,15845.15556545995,166738.51317272562,168680.6171809466,165633.04958122235,-15.383267694540962,-296.15665615129416,-303.83567832572174,-142.144529648981,-1768.5380033101637,-1730.0412944913987,0.0,0.0,0.0,22748.023277823086,-937.2179432968605,-23685.241221119948,-5455.565260013536,-29140.806481133484,-23685.241221119948,-7.275957614183426e-11,-23685.24122112002,-23685.241221119948
2026-07-29,1370.6295798157807,3160.0,-4441.844000208814,-7601.844000208814,-9805.021501776064,-786.4584277580329,39047.25496928011,189.9001894849349,1744.1249336100063,-137.09746489259646,-17475.74306145692,-11.297721834956127,610.4078940527143,-6.119852711063111,-2461.474555459674,-23.483882149880362,0.0,0.0,-1812.5904806623246,-7691.355770249836,-399.9336543190177,827.4724595838543,2967.5562138358227,0.0,480.594877503969,-96.20584764218455,-2735.2861528202084,-569.1813354212261,0.0,-262.14576197925214,55.6435484487848,66.43272346046015,0.0,37.611599958717306,269.35784285856386,0.0,-24.53505143031841,0.0,0.0,-9805.021501776064,-13645.90554543992,-14337.180680516234,39047.25496928011,36870.820689244065,36779.746246658724,1744.1249336100063,-2068.3877226905315,-2009.2746253745736,-17475.74306145692,-17712.698693853465,-17614.76201074659,610.4078940527143,-315.2587567879343,-337.9712638651956,-2461.474555459674,-1130.1432409578997,-1109.9280863399704,0.0,0.0,0.0,-10288.919098434395,-8499.548678250176,1789.3704201842193,-627.7971496985333,1161.5732704856855,1789.3704201842188,-3.8335201679728925e-10,1789.3704201838354,1789.3704201842188
