date,DELTA_PNL,SMILE_ROLL_PNL,GAMMA_PNL,ATMVOL_PNL,SKEW_PNL,CURVATURE_PNL,RHO_PNL,THETA_PNL,ATMVOL_VANNA_PNL,ATMVOL_VOLGA_PNL,MODEL_RESIDUAL,MARKET_NOISE,TOTAL_RESIDUAL,FEE_PNL,MODEL_PNL,MARKET_PNL,ACTUAL_PNL_AFTER_FEES
2026-06-02,-299.8621319396916,-3275.6561231309124,8.871006860402218,-127.18354687741339,-27481.86677144696,34.38399199462492,0.0,163.46273053067762,-1353.683027328779,8.572325278689064,-594.4082998424601,-5402.6301540953245,-5997.038453937785,-3262.6384,-32917.36984590182,-38319.99999999714,-41582.638399997144
2026-06-03,-2549.030514320737,-8146.220301630777,106.66334627191497,-1258.2748377633034,-64312.82225889094,-84.43504232664486,0.0,141.5590432761146,-4618.512294090138,43.45038860126084,966.6667010738456,1410.955769802371,2377.6224708762165,-135.0,-79710.9557697994,-78299.99999999703,-78434.99999999703
2026-06-04,-657.7717054547829,2651.2561261630467,15.86447946937578,119.51987292166632,-8220.87317412444,-57.99392169560883,0.0,1037.9566895508597,-224.41324675270846,2.601595783769283,703.3369678784584,-2049.4836837426637,-1346.1467158642054,-3683.16068,-4630.516316260364,-6680.000000003027,-10363.160680003028
2026-06-05,-1231.6414052572218,16815.15086973493,491.07554347928726,-83.53675922379443,7237.888910682679,50.833229079390776,0.0,1460.1410593291248,-7245.179093831889,88.12369854555573,2055.444787861863,3681.6991596000726,5737.143947461936,-128.1064,19638.300840399927,23320.0,23191.8936
2026-06-08,-4469.245947914198,133372.84239558727,2950.8659140903237,-9147.430157863753,85148.48235880524,-934.3374339649708,0.0,8917.021736236089,-26550.636646502917,435.07701767482286,-31532.32980436395,13638.699797701545,-17893.630006662406,-6145.028987123563,158190.30943178397,171829.00922948553,165683.98024236195
2026-06-09,6854.408907483099,-55926.577007720734,7935.599958402594,-20517.959949966687,-34669.25896877712,2109.522041334021,0.0,-1459.9776290195377,-45168.594070103936,1542.898946167484,1227.689413397602,-11807.75164119572,-10580.062227798118,-6354.953859911284,-138072.24835880322,-149879.99999999895,-156234.95385991022
2026-06-10,-2233.2871196813066,52458.956850286195,2707.593232611893,1498.7281486934899,35384.54851046337,1983.092273955118,0.0,2008.527955483437,-6527.674219192504,117.86845104901322,-1933.9342537570483,44953.77795507203,43019.84370131498,-6159.835882124735,85464.41982991167,130418.1977849837,124258.36190285896
2026-06-11,-2396.8044045615825,15321.906470856013,195.7370604909603,-82.0686574954143,-12279.504397103054,13.801688984831912,0.0,2089.2106254085024,-2026.0619823703164,140.25517891941655,944.8085952652038,-3847.301123602243,-2902.4925283370394,-1485.0,1921.2801783945615,-1926.0209452076815,-3411.0209452076815
2026-06-12,2509.4486538712954,-18910.768804278032,167.62753829267706,3478.4025130517093,135240.42200612105,-3180.7032041212105,0.0,2826.1346044960155,-3114.8287061728183,297.2628352072321,1028.06606255738,-10407.472532826218,-9379.406470268837,-1701.9387881371613,120341.0634990253,109933.59096619909,108231.65217806192
2026-06-15,-28.35541985591408,-5072.83868467503,10.825889227254109,-9066.374558242387,631260.4819129866,13130.536089191519,0.0,5693.2390612535455,3647.364618759192,1095.4167655041806,-27773.509772723424,107115.10647928675,79341.59670656333,-1612.1433672377168,612896.7859014255,720011.8923807123,718399.7490134746
2026-06-16,4481.571086373937,-13828.574688401563,270.98175029554716,911.2693639872059,8451.220435332707,313.23323829831634,0.0,-77.87020248748786,3576.0958074946348,36.57155553895309,-1388.9348155224216,3474.4364690908114,2085.50165356839,-3816.6591950409966,2745.563530909829,6220.00000000064,2403.3408049596437
2026-06-17,-5119.69743761979,-13673.402654278576,92.08075974568646,146.02255697001692,-35844.00059856015,-27.577677361716667,0.0,43.77531071142607,1966.6972647764392,9.944435436100772,-793.2583345570383,-9360.583625262472,-10153.84195981951,-495.0,-53199.4163747376,-62560.00000000007,-63055.00000000007
2026-06-18,-507.20992679466144,-8828.531776227377,63.69881694158704,127.39651955132376,23112.33590213079,-289.9896824364864,0.0,356.6625150661812,-1434.186658351063,12.613049980018232,-1272.37838053606,2419.5896206758043,1147.2112401397444,-135.0,11340.410379324254,13760.000000000058,13625.000000000058
2026-06-22,515.7851041426366,-2222.1547707398367,5.253209764069872,293.9763861089573,66918.13945724836,-164.58453347990917,0.0,-149.1707015413449,144.79583120429496,1.4354971057963208,-2757.674843301211,6874.199363486987,4116.524520185776,-90.0,62585.80063651182,69459.9999999988,69369.9999999988
2026-06-23,12072.465631130646,20436.07349796146,177.05613876985012,710.0886698383592,-58060.0397767119,-169.25810068038845,0.0,-567.4147914945656,-2051.308622630053,-2.645906946939764,-741.1217743534617,-9023.894964881767,-9765.016739235229,-969.21132,-28196.105035116983,-37219.99999999875,-38189.21131999875
2026-06-24,922.7473770049401,-9617.770439649286,115.40063130126316,324.6954899251559,-2501.723229409749,4.073164207354225,0.0,913.7298758845996,-3102.3885122005095,51.99804626328803,-451.0192777849443,-7799.743125542096,-8250.76240332704,-3827.0812,-13340.25687445789,-21139.999999999985,-24967.081199999986
2026-06-25,-1240.4797466172458,-7894.8736701433545,20.327296344537217,24.962190471625945,-17868.935557369503,-121.07000138467538,0.0,143.25278806054848,-2334.0804015768704,31.49534842923896,-589.621934483861,-5870.976311729801,-6460.598246213662,-3908.12376,-29829.02368826956,-35699.99999999936,-39608.12375999936
2026-06-26,11300.321335081884,37087.38882108058,1622.8338114569196,497.41043459940374,-27889.746851733456,-202.66753157576568,0.0,-134.05862637681275,-2693.8668008306367,3.849465614246471,-2451.5029678571736,2000.0389105379568,-451.46405731921686,-1104.20948,17139.96108945919,19139.999999997148,18035.790519997146
2026-06-29,823.1227943954509,1589.225438222567,4.713173551282484,163.84686469351072,8991.821811214702,103.86956928850088,0.0,439.434091596926,-73.65406916834307,2.0277621653030744,62.97622969371878,1032.6163343470853,1095.592564040804,-2355.0,12107.383665653619,13140.000000000704,10785.000000000704
2026-06-30,-14164.384635254857,-30080.423555113724,540.8162940937136,231.29066870945235,-22047.05971876817,388.60148611493605,0.0,478.47175474218125,-4072.1311863950227,14.693502358788795,-1278.8342781896208,-3771.0403322983766,-5049.874610487997,-30.0,-69988.95966770232,-73760.0000000007,-73790.0000000007
2026-07-01,-8.001404740440194,-2437.9980754919206,-1.9680860551933925,2473.3535290825102,46970.26386527212,514.8420485158686,0.0,1134.9361965441299,-591.970514833731,72.76353944566546,-1293.0892341511862,8686.868136412857,7393.778902261671,-1995.0,46833.13186358783,55520.000000000684,53525.000000000684
2026-07-02,6940.931309931795,-42362.36768387993,-1443.817593810436,-707.3083468228579,12954.642869440386,-107.64371198434856,0.0,-531.4413175045866,15223.681783891632,-88.19952223532917,314.03993303630705,13747.482279936143,14061.52221297245,-4710.94052,-9807.482279937365,3939.9999999987776,-770.9405200012225
2026-07-03,333.5870592807696,-1132.1598248930843,-0.9492348827090922,-902.210521080844,17916.089994750295,402.1842565310312,0.0,-1141.5804551728497,-542.1268780821296,-83.14054066103148,-949.0864079495768,16379.392552158792,15430.306144209215,-4118.9758,13900.60744783987,30279.99999999866,26161.02419999866
2026-07-06,2929.834260366595,-22229.563091481257,-356.3203651191204,-9.826511305697721,-10929.503267001126,275.0723652992949,0.0,-643.9956195230452,111.74578379128046,-0.03485343762399007,-1997.235986150361,10829.827284561063,8832.591298410702,-4964.85732,-32849.82728456106,-22020.0,-26984.85732
2026-07-07,-12109.806212627329,-29652.210142887507,-840.779210077178,1131.6251223387735,-20217.527793291367,-356.80073634711766,0.0,-42.94909434588749,-9298.192342180928,-100.01777401731769,-31.457366471833666,-761.884450092708,-793.3418165645417,-2895.0,-71518.1155499077,-72280.00000000041,-75175.00000000041
2026-07-08,12641.838204744854,-31640.72185007938,-927.0114447508622,-2224.130574341698,-18931.127174482463,1413.0969697516957,0.0,306.8997722958745,10424.063401224541,-107.9211085787509,3765.504686450946,-22520.490882234237,-18754.98619578329,-1102.32992,-25279.509117765236,-47799.999999999476,-48902.32991999947
2026-07-09,-293.0675507734413,4182.477589731661,272.38419123861513,3.421600076363589,19675.077504446283,-1007.3410348245561,0.0,197.1102193850034,62.063689595484874,-0.005083363269308324,1833.2971789189069,3754.5816955691835,5587.87887448809,-3098.79432,24925.41830443105,28680.000000000233,25581.205680000232
2026-07-10,-6712.229640823323,-28020.80506875593,-317.7432321407596,54.07693488103962,-36035.240002227714,-437.72995817830906,0.0,-1124.877452000902,684.153273068835,-0.11876710431200788,5362.466542724578,-50931.95262944408,-45569.4860867195,-4716.2302,-66548.0473705568,-117480.00000000087,-122196.23020000088
2026-07-13,27353.38098158734,-56802.336217823125,-3180.2762613415034,-99.34875684378494,-170704.24204591755,207.71424628825116,0.0,-925.490377716691,242324.9086583003,-984.8034031604975,32402.34395188238,-2331.8507752544247,30070.493176627955,-4912.25632,69591.85077525512,67260.0000000007,62347.7436800007
2026-07-14,10173.031790205278,-213.4453666474932,196.4406280376183,246.43547748723608,38133.58007810989,819.6611419605207,0.0,621.9475175600095,443.1366131457587,-0.10640481449574635,104.7432481020951,-165.42472314741462,-60.68147504531953,-4744.49912,50525.42472314641,50359.999999998996,45615.500879998996
2026-07-15,4224.4425801701145,-11124.183900400692,-134.64227189165342,-676.0919223557494,22036.40202067748,179.28716830499786,0.0,-64.69452267289807,3576.9083457653905,-53.09540661604231,-923.7317108445786,34399.39961986323,33475.66790901865,-3163.43908,17040.60038013637,51439.99999999959,48276.560919999596
2026-07-16,-11277.718256449327,-28120.033973583155,-1039.219515623769,-703.5645750592921,-49663.934963020154,319.8725370116978,0.0,-307.8266596349954,16987.09212735731,-270.6296163933191,-44.438565258678864,-27019.598539344843,-27064.03710460352,-185.52672,-74120.4014606537,-101139.99999999854,-101325.52671999854
2026-07-17,14603.39030354633,-9153.043590724921,5669.200290614276,124.90006794126157,-152564.64779239066,5802.227503054961,0.0,237.88797380225958,5417.497285037612,-7.793780062342746,57340.676546083894,-15570.294806902646,41770.38173918125,-3238.21888,-72529.70519309735,-88100.0,-91338.21888
2026-07-20,4000.976389277668,-1578.473536715263,-779.8037820629308,-30477.212340067083,82280.22384708049,-6447.9975298942745,0.0,4964.992555618154,25252.31479047215,-3080.583848714075,-6082.012842133889,-31392.42370286025,-37474.43654499414,-874.7508,68052.42370286095,36660.0000000007,35785.2492000007
2026-07-21,-6537.928830260527,21480.147417437667,-10192.434723891494,44441.25008151222,150908.81426732967,-36431.23338871106,0.0,3421.7915838679583,87159.59351599036,-7063.908101082963,29628.791098275018,-21294.882920468357,8333.908177806661,-3357.05472,276814.8829204668,255519.9999999985,252162.94527999847
2026-07-22,-6457.582010454498,-20518.29990829169,-484.06521871715904,12143.117071918256,136007.8852273427,1831.1599658408968,0.0,899.800207614283,-14744.515196961518,397.13031870282543,-12144.94042912293,9457.38984668104,-2687.5505824418888,-4100.9244401042,96929.69002787117,106387.0798745522,102286.15543444801
2026-07-23,2863.4904384551483,10515.631253536774,-7.777665587597028,-4191.480100830075,-15119.48151702646,-109.40723946261505,0.0,-1197.5281597657122,3228.020180218444,-166.12111859276965,1209.3537177143662,-1409.5034829297074,-200.14976521534118,-1560.0,-2975.3002113404946,-4384.803694270202,-5944.803694270202
2026-07-24,-10421.031956203864,-59497.05312630179,-2785.995532536572,-1439.0226345124538,43189.02606124063,-74.6045404224891,0.0,-559.4658891563136,34103.89366016863,-431.0486888539558,-7558.695879769966,-1046.001473653596,-8604.697353423562,-4710.923472456347,-5473.99852634815,-6520.000000001746,-11230.923472458093
2026-07-27,-16001.550271917135,84986.86472787955,-6075.811612812726,485.53622620858187,-17876.88019148099,-3985.6929494971273,0.0,-2735.8482488933114,31530.305897261776,-380.90895827475265,7951.782261556902,19902.203119970618,27853.98538152752,-2419.94676,77897.79688003077,97800.0000000014,95380.05324000139
2026-07-28,-16801.401454884384,-70027.32808568241,-692.611687346337,-842.1924563867215,166738.5132041827,-15.383267743219108,0.0,-142.1445287900542,30891.68417306018,-316.4832726877469,-7134.533766488385,-23685.241221119948,-30819.774987608333,-4657.829804023184,101658.11885723361,77972.87763611367,73315.04783209048
2026-07-29,-9804.98958820873,39047.25495891554,-786.4588541723392,1744.1248984962276,-17475.743061716956,610.4078953750159,0.0,-2461.474548525258,-7691.357655494944,-137.09747139404755,-1674.0369934587252,1789.3704201842193,115.33342672549406,-7601.844000208814,1370.6295798157807,3160.0,-4441.844000208814
